disk_free_kb=11476052 min_free_kb=4194304 probe_image=postgres:16-alpine

================================================================================
STEP 1: static-verify
TIMESTAMP: 2026-09-28T11:12:10Z
================================================================================

---- static-verify 输出（完整日志：release-evidence/acceptance-20260928T111210Z/step-1-static-verify.log） ----
tracked=248 listed=248 missing=0 stale=0 mismatched=0
authority matrix agrees with the code: 100 routes, 54 writes
Compose, Kubernetes YAML, JSON, JSON Schema and OpenAPI contracts valid
architecture contracts valid
........................................................................ [ 16%]
........................................................................ [ 32%]
........................................................................ [ 49%]
........................................................................ [ 65%]
........................................................................ [ 82%]
........................................................................ [ 98%]
.....                                                                    [100%]
=============================== warnings summary ===============================
../../../../Users/panhao/.venvs/w3m-e2e/lib/python3.12/site-packages/starlette/testclient.py:51
  /Users/panhao/.venvs/w3m-e2e/lib/python3.12/site-packages/starlette/testclient.py:51: DeprecationWarning: The anyio.abc.BlockingPortal alias is deprecated, use anyio.from_thread.BlockingPortal instead.
    _PortalFactoryType = Callable[[], AbstractContextManager[anyio.abc.BlockingPortal]]

-- Docs: https://docs.pytest.org/en/stable/how-to/capture-warnings.html
437 passed, 1 warning in 14.15s

STEP 1 RESULT: PASS

================================================================================
STEP 2: compose-up
TIMESTAMP: 2026-09-28T11:12:25Z
================================================================================

---- compose-up 输出（完整日志：release-evidence/acceptance-20260928T111210Z/step-2-compose-up.log） ----
 Container ai-music-platform-v13-prometheus-1 Stopping 
 Container ai-music-platform-v13-gateway-1 Stopping 
 Container ai-music-platform-v13-prometheus-1 Stopped 
 Container ai-music-platform-v13-prometheus-1 Removing 
 Container ai-music-platform-v13-prometheus-1 Removed 
 Container ai-music-platform-v13-worker-1 Stopping 
 Container ai-music-platform-v13-gateway-1 Stopped 
 Container ai-music-platform-v13-gateway-1 Removing 
 Container ai-music-platform-v13-gateway-1 Removed 
 Container ai-music-platform-v13-admin-1 Stopping 
 Container ai-music-platform-v13-web-1 Stopping 
 Container ai-music-platform-v13-admin-1 Stopped 
 Container ai-music-platform-v13-admin-1 Removing 
 Container ai-music-platform-v13-web-1 Stopped 
 Container ai-music-platform-v13-web-1 Removing 
 Container ai-music-platform-v13-admin-1 Removed 
 Container ai-music-platform-v13-web-1 Removed 
 Container ai-music-platform-v13-api-1 Stopping 
 Container ai-music-platform-v13-api-1 Stopped 
 Container ai-music-platform-v13-api-1 Removing 
 Container ai-music-platform-v13-api-1 Removed 
 Container ai-music-platform-v13-payment-emulator-1 Stopping 
 Container ai-music-platform-v13-payment-emulator-1 Stopped 
 Container ai-music-platform-v13-payment-emulator-1 Removing 
 Container ai-music-platform-v13-payment-emulator-1 Removed 
 Container ai-music-platform-v13-worker-1 Stopped 
 Container ai-music-platform-v13-worker-1 Removing 
 Container ai-music-platform-v13-worker-1 Removed 
 Container ai-music-platform-v13-provider-emulator-1 Stopping 
 Container ai-music-platform-v13-minio-1 Stopping 
 Container ai-music-platform-v13-redis-1 Stopping 
 Container ai-music-platform-v13-migrate-1 Stopping 
 Container ai-music-platform-v13-migrate-1 Stopped 
 Container ai-music-platform-v13-migrate-1 Removing 
 Container ai-music-platform-v13-migrate-1 Removed 
 Container ai-music-platform-v13-postgres-1 Stopping 
 Container ai-music-platform-v13-minio-1 Stopped 
 Container ai-music-platform-v13-minio-1 Removing 
 Container ai-music-platform-v13-minio-1 Removed 
 Container ai-music-platform-v13-postgres-1 Stopped 
 Container ai-music-platform-v13-postgres-1 Removing 
 Container ai-music-platform-v13-postgres-1 Removed 
 Container ai-music-platform-v13-redis-1 Stopped 
 Container ai-music-platform-v13-redis-1 Removing 
 Container ai-music-platform-v13-redis-1 Removed 
 Container ai-music-platform-v13-provider-emulator-1 Stopped 
 Container ai-music-platform-v13-provider-emulator-1 Removing 
 Container ai-music-platform-v13-provider-emulator-1 Removed 
 Volume ai-music-platform-v13_minio_data Removing 
 Volume ai-music-platform-v13_payment_state Removing 
 Volume ai-music-platform-v13_provider_media Removing 
 Volume ai-music-platform-v13_pg_data Removing 
 Volume ai-music-platform-v13_prometheus_data Removing 
 Volume ai-music-platform-v13_redis_data Removing 
 Volume ai-music-platform-v13_provider_state Removing 
 Network ai-music-platform-v13_default Removing 
 Volume ai-music-platform-v13_redis_data Removed 
 Volume ai-music-platform-v13_minio_data Removed 
 Volume ai-music-platform-v13_payment_state Removed 
 Volume ai-music-platform-v13_provider_state Removed 
 Volume ai-music-platform-v13_prometheus_data Removed 
 Network ai-music-platform-v13_default Removed 
 Volume ai-music-platform-v13_pg_data Removed 
 Volume ai-music-platform-v13_provider_media Removed 
time="2026-09-28T19:12:36+08:00" level=warning msg="Docker Compose requires buildx plugin to be installed"
 Image ai-music-platform-v13-acceptance Building 
 Image ai-music-platform-v13-acceptance Building 
Sending build context to Docker daemon  11.87kB
Step 1/7 : FROM python:3.12-slim
 ---> f77ac9e44ae9
Step 2/7 : WORKDIR /tests
 ---> Running in 393da6302029
 ---> Removed intermediate container 393da6302029
 ---> 155c824b6db4
Step 3/7 : COPY requirements.txt .
 ---> e2aec4fdf0d7
Step 4/7 : RUN set -e; for attempt in 1 2 3 4 5; do       pip install --no-cache-dir --timeout 60 --retries 10 -r requirements.txt && exit 0;       echo "pip attempt $attempt failed, retrying"; sleep 15;     done; echo "pip install failed after 5 attempts"; exit 1
 ---> Running in 149a0efbf7ef
Collecting pytest==8.4.1 (from -r requirements.txt (line 1))
  Downloading pytest-8.4.1-py3-none-any.whl.metadata (7.7 kB)
Collecting requests==2.32.4 (from -r requirements.txt (line 2))
  Downloading requests-2.32.4-py3-none-any.whl.metadata (4.9 kB)
Collecting iniconfig>=1 (from pytest==8.4.1->-r requirements.txt (line 1))
  Downloading iniconfig-2.3.0-py3-none-any.whl.metadata (2.5 kB)
Collecting packaging>=20 (from pytest==8.4.1->-r requirements.txt (line 1))
  Downloading packaging-26.3-py3-none-any.whl.metadata (3.5 kB)
Collecting pluggy<2,>=1.5 (from pytest==8.4.1->-r requirements.txt (line 1))
  Downloading pluggy-1.6.0-py3-none-any.whl.metadata (4.8 kB)
Collecting pygments>=2.7.2 (from pytest==8.4.1->-r requirements.txt (line 1))
  Downloading pygments-2.21.0-py3-none-any.whl.metadata (2.5 kB)
Collecting charset_normalizer<4,>=2 (from requests==2.32.4->-r requirements.txt (line 2))
  Downloading charset_normalizer-3.5.1-cp312-cp312-manylinux2014_aarch64.manylinux_2_17_aarch64.manylinux_2_28_aarch64.whl.metadata (45 kB)
Collecting idna<4,>=2.5 (from requests==2.32.4->-r requirements.txt (line 2))
  Downloading idna-3.20-py3-none-any.whl.metadata (7.2 kB)
Collecting urllib3<3,>=1.21.1 (from requests==2.32.4->-r requirements.txt (line 2))
  Downloading urllib3-2.8.0-py3-none-any.whl.metadata (7.4 kB)
Collecting certifi>=2017.4.17 (from requests==2.32.4->-r requirements.txt (line 2))
  Downloading certifi-2026.7.22-py3-none-any.whl.metadata (2.5 kB)
Downloading pytest-8.4.1-py3-none-any.whl (365 kB)
Downloading requests-2.32.4-py3-none-any.whl (64 kB)
Downloading certifi-2026.7.22-py3-none-any.whl (136 kB)
Downloading charset_normalizer-3.5.1-cp312-cp312-manylinux2014_aarch64.manylinux_2_17_aarch64.manylinux_2_28_aarch64.whl (238 kB)
Downloading idna-3.20-py3-none-any.whl (69 kB)
Downloading iniconfig-2.3.0-py3-none-any.whl (7.5 kB)
Downloading packaging-26.3-py3-none-any.whl (129 kB)
Downloading pluggy-1.6.0-py3-none-any.whl (20 kB)
Downloading pygments-2.21.0-py3-none-any.whl (1.3 MB)
   ━━━━━━━━━━━━━━━━━━━━━━━━━━━━━━━━━━━━━━━━ 1.3/1.3 MB 237.4 kB/s eta 0:00:00
Downloading urllib3-2.8.0-py3-none-any.whl (135 kB)
Installing collected packages: urllib3, pygments, pluggy, packaging, iniconfig, idna, charset_normalizer, certifi, requests, pytest
Successfully installed certifi-2026.7.22 charset_normalizer-3.5.1 idna-3.20 iniconfig-2.3.0 packaging-26.3 pluggy-1.6.0 pygments-2.21.0 pytest-8.4.1 requests-2.32.4 urllib3-2.8.0
[91mWARNING: Running pip as the 'root' user can result in broken permissions and conflicting behaviour with the system package manager, possibly rendering your system unusable. It is recommended to use a virtual environment instead: https://pip.pypa.io/warnings/venv. Use the --root-user-action option if you know what you are doing and want to suppress this warning.
[0m[91m
[notice] A new release of pip is available: 25.0.1 -> 26.2.1
[notice] To update, run: pip install --upgrade pip
[0m ---> Removed intermediate container 149a0efbf7ef
 ---> 57597560f482
Step 5/7 : COPY test_acceptance.py test_commercial.py test_provider_contract.py test_payment_contract.py test_tenant_isolation.py ./
 ---> f3e4a1e53177
Step 6/7 : CMD ["pytest","-q","-s","test_acceptance.py"]
 ---> Running in f01ec708a023
 ---> Removed intermediate container f01ec708a023
 ---> 2dc918c8b8af
Step 7/7 : LABEL com.docker.compose.image.builder=classic
 ---> Running in 349f2c41b56d
 ---> Removed intermediate container 349f2c41b56d
 ---> fce0644d4f0e
Successfully built fce0644d4f0e
Successfully tagged ai-music-platform-v13-acceptance:latest
 Image ai-music-platform-v13-acceptance Built 
 Image ai-music-platform-v13-acceptance Built 
time="2026-09-28T19:13:08+08:00" level=warning msg="Docker Compose requires buildx plugin to be installed"
 Image ai-music-platform-v13-admin Building 
 Image ai-music-platform-v13-admin Building 
Sending build context to Docker daemon  12.28kB
Step 1/4 : FROM nginx:1.27-alpine
 ---> 65645c7bb6a0
Step 2/4 : COPY nginx.conf /etc/nginx/conf.d/default.conf
 ---> a51092a47db5
Step 3/4 : COPY index.html admin.js styles.css /usr/share/nginx/html/
 ---> 321f35a7f279
Step 4/4 : LABEL com.docker.compose.image.builder=classic
 ---> Running in eaa30d837c5b
 ---> Removed intermediate container eaa30d837c5b
 ---> e4d3c5bdbe68
Successfully built e4d3c5bdbe68
Successfully tagged ai-music-platform-v13-admin:latest
 Image ai-music-platform-v13-admin Built 
 Image ai-music-platform-v13-admin Built 
time="2026-09-28T19:13:09+08:00" level=warning msg="Docker Compose requires buildx plugin to be installed"
 Image ai-music-platform-v13-api Building 
 Image ai-music-platform-v13-api Building 
Sending build context to Docker daemon  248.1kB
Step 1/10 : FROM python:3.12-slim
 ---> f77ac9e44ae9
Step 2/10 : WORKDIR /app
 ---> Running in 0fcb58188f6c
 ---> Removed intermediate container 0fcb58188f6c
 ---> eb2f9d419b1e
Step 3/10 : ENV PYTHONDONTWRITEBYTECODE=1 PYTHONUNBUFFERED=1     API_WORKERS=1 API_LIMIT_CONCURRENCY=512 API_KEEPALIVE_SECONDS=5
 ---> Running in 2e5920cd26c8
 ---> Removed intermediate container 2e5920cd26c8
 ---> decda01376a3
Step 4/10 : COPY requirements.txt .
 ---> 8956a9ee5cca
Step 5/10 : RUN set -e; for attempt in 1 2 3 4 5; do       pip install --no-cache-dir --timeout 60 --retries 10 -r requirements.txt && exit 0;       echo "pip attempt $attempt failed, retrying"; sleep 15;     done; echo "pip install failed after 5 attempts"; exit 1
 ---> Running in 614a22698103
Collecting fastapi==0.116.1 (from -r requirements.txt (line 1))
  Downloading fastapi-0.116.1-py3-none-any.whl.metadata (28 kB)
Collecting uvicorn==0.35.0 (from uvicorn[standard]==0.35.0->-r requirements.txt (line 2))
  Downloading uvicorn-0.35.0-py3-none-any.whl.metadata (6.5 kB)
Collecting psycopg2-binary==2.9.10 (from -r requirements.txt (line 3))
  Downloading psycopg2_binary-2.9.10-cp312-cp312-manylinux_2_17_aarch64.manylinux2014_aarch64.whl.metadata (4.9 kB)
Collecting redis==6.4.0 (from -r requirements.txt (line 4))
  Downloading redis-6.4.0-py3-none-any.whl.metadata (10 kB)
Collecting httpx==0.28.1 (from -r requirements.txt (line 5))
  Downloading httpx-0.28.1-py3-none-any.whl.metadata (7.1 kB)
Collecting pydantic==2.11.7 (from -r requirements.txt (line 6))
  Downloading pydantic-2.11.7-py3-none-any.whl.metadata (67 kB)
Collecting jsonschema==4.25.0 (from -r requirements.txt (line 7))
  Downloading jsonschema-4.25.0-py3-none-any.whl.metadata (7.7 kB)
Collecting python-dotenv==1.1.1 (from -r requirements.txt (line 8))
  Downloading python_dotenv-1.1.1-py3-none-any.whl.metadata (24 kB)
Collecting PyJWT==2.10.1 (from -r requirements.txt (line 9))
  Downloading PyJWT-2.10.1-py3-none-any.whl.metadata (4.0 kB)
Collecting boto3==1.40.4 (from -r requirements.txt (line 10))
  Downloading boto3-1.40.4-py3-none-any.whl.metadata (6.7 kB)
Collecting pyotp==2.10.0 (from -r requirements.txt (line 11))
  Downloading pyotp-2.10.0-py3-none-any.whl.metadata (10 kB)
Collecting segno==1.6.6 (from -r requirements.txt (line 12))
  Downloading segno-1.6.6-py3-none-any.whl.metadata (7.7 kB)
Collecting cryptography==50.0.1 (from -r requirements.txt (line 13))
  Downloading cryptography-50.0.1-cp311-abi3-manylinux_2_34_aarch64.whl.metadata (4.3 kB)
Collecting starlette<0.48.0,>=0.40.0 (from fastapi==0.116.1->-r requirements.txt (line 1))
  Downloading starlette-0.47.3-py3-none-any.whl.metadata (6.2 kB)
Collecting typing-extensions>=4.8.0 (from fastapi==0.116.1->-r requirements.txt (line 1))
  Downloading typing_extensions-4.16.0-py3-none-any.whl.metadata (3.3 kB)
Collecting click>=7.0 (from uvicorn==0.35.0->uvicorn[standard]==0.35.0->-r requirements.txt (line 2))
  Downloading click-8.5.0-py3-none-any.whl.metadata (2.6 kB)
Collecting h11>=0.8 (from uvicorn==0.35.0->uvicorn[standard]==0.35.0->-r requirements.txt (line 2))
  Downloading h11-0.16.0-py3-none-any.whl.metadata (8.3 kB)
Collecting anyio (from httpx==0.28.1->-r requirements.txt (line 5))
  Downloading anyio-4.15.1-py3-none-any.whl.metadata (4.7 kB)
Collecting certifi (from httpx==0.28.1->-r requirements.txt (line 5))
  Downloading certifi-2026.7.22-py3-none-any.whl.metadata (2.5 kB)
Collecting httpcore==1.* (from httpx==0.28.1->-r requirements.txt (line 5))
  Downloading httpcore-1.0.9-py3-none-any.whl.metadata (21 kB)
Collecting idna (from httpx==0.28.1->-r requirements.txt (line 5))
  Downloading idna-3.20-py3-none-any.whl.metadata (7.2 kB)
Collecting annotated-types>=0.6.0 (from pydantic==2.11.7->-r requirements.txt (line 6))
  Downloading annotated_types-0.8.0-py3-none-any.whl.metadata (15 kB)
Collecting pydantic-core==2.33.2 (from pydantic==2.11.7->-r requirements.txt (line 6))
  Downloading pydantic_core-2.33.2-cp312-cp312-manylinux_2_17_aarch64.manylinux2014_aarch64.whl.metadata (6.8 kB)
Collecting typing-inspection>=0.4.0 (from pydantic==2.11.7->-r requirements.txt (line 6))
  Downloading typing_inspection-0.4.4-py3-none-any.whl.metadata (2.6 kB)
Collecting attrs>=22.2.0 (from jsonschema==4.25.0->-r requirements.txt (line 7))
  Downloading attrs-26.1.0-py3-none-any.whl.metadata (8.8 kB)
Collecting jsonschema-specifications>=2023.03.6 (from jsonschema==4.25.0->-r requirements.txt (line 7))
  Downloading jsonschema_specifications-2025.9.1-py3-none-any.whl.metadata (2.9 kB)
Collecting referencing>=0.28.4 (from jsonschema==4.25.0->-r requirements.txt (line 7))
  Downloading referencing-0.37.0-py3-none-any.whl.metadata (2.8 kB)
Collecting rpds-py>=0.7.1 (from jsonschema==4.25.0->-r requirements.txt (line 7))
  Downloading rpds_py-2026.6.3-cp312-cp312-manylinux_2_17_aarch64.manylinux2014_aarch64.whl.metadata (4.1 kB)
Collecting botocore<1.41.0,>=1.40.4 (from boto3==1.40.4->-r requirements.txt (line 10))
  Downloading botocore-1.40.76-py3-none-any.whl.metadata (5.9 kB)
Collecting jmespath<2.0.0,>=0.7.1 (from boto3==1.40.4->-r requirements.txt (line 10))
  Downloading jmespath-1.1.0-py3-none-any.whl.metadata (7.6 kB)
Collecting s3transfer<0.14.0,>=0.13.0 (from boto3==1.40.4->-r requirements.txt (line 10))
  Downloading s3transfer-0.13.1-py3-none-any.whl.metadata (1.7 kB)
Collecting cffi>=2.0.0 (from cryptography==50.0.1->-r requirements.txt (line 13))
  Downloading cffi-2.1.1-cp312-cp312-manylinux2014_aarch64.manylinux_2_17_aarch64.whl.metadata (2.5 kB)
Collecting httptools>=0.6.3 (from uvicorn[standard]==0.35.0->-r requirements.txt (line 2))
  Downloading httptools-0.8.0-cp312-cp312-manylinux2014_aarch64.manylinux_2_17_aarch64.manylinux_2_28_aarch64.whl.metadata (3.5 kB)
Collecting pyyaml>=5.1 (from uvicorn[standard]==0.35.0->-r requirements.txt (line 2))
  Downloading pyyaml-6.0.3-cp312-cp312-manylinux2014_aarch64.manylinux_2_17_aarch64.manylinux_2_28_aarch64.whl.metadata (2.4 kB)
Collecting uvloop>=0.15.1 (from uvicorn[standard]==0.35.0->-r requirements.txt (line 2))
  Downloading uvloop-0.22.1-cp312-cp312-manylinux2014_aarch64.manylinux_2_17_aarch64.manylinux_2_28_aarch64.whl.metadata (4.9 kB)
Collecting watchfiles>=0.13 (from uvicorn[standard]==0.35.0->-r requirements.txt (line 2))
  Downloading watchfiles-1.3.0-cp310-abi3-manylinux_2_17_aarch64.manylinux2014_aarch64.whl.metadata (4.9 kB)
Collecting websockets>=10.4 (from uvicorn[standard]==0.35.0->-r requirements.txt (line 2))
  Downloading websockets-17.1-cp312-cp312-manylinux2014_aarch64.manylinux_2_17_aarch64.manylinux_2_28_aarch64.whl.metadata (6.3 kB)
Collecting python-dateutil<3.0.0,>=2.1 (from botocore<1.41.0,>=1.40.4->boto3==1.40.4->-r requirements.txt (line 10))
  Downloading python_dateutil-2.9.0.post0-py2.py3-none-any.whl.metadata (8.4 kB)
Collecting urllib3!=2.2.0,<3,>=1.25.4 (from botocore<1.41.0,>=1.40.4->boto3==1.40.4->-r requirements.txt (line 10))
  Downloading urllib3-2.8.0-py3-none-any.whl.metadata (7.4 kB)
Collecting pycparser (from cffi>=2.0.0->cryptography==50.0.1->-r requirements.txt (line 13))
  Downloading pycparser-3.0-py3-none-any.whl.metadata (8.2 kB)
Collecting six>=1.5 (from python-dateutil<3.0.0,>=2.1->botocore<1.41.0,>=1.40.4->boto3==1.40.4->-r requirements.txt (line 10))
  Downloading six-1.17.0-py2.py3-none-any.whl.metadata (1.7 kB)
Downloading fastapi-0.116.1-py3-none-any.whl (95 kB)
Downloading uvicorn-0.35.0-py3-none-any.whl (66 kB)
Downloading psycopg2_binary-2.9.10-cp312-cp312-manylinux_2_17_aarch64.manylinux2014_aarch64.whl (2.9 MB)
   ━━━━━━━━━━━━━━━━━━━━━━━━━━━━━━━━━━━━━━━━ 2.9/2.9 MB 2.0 MB/s eta 0:00:00
Downloading redis-6.4.0-py3-none-any.whl (279 kB)
Downloading httpx-0.28.1-py3-none-any.whl (73 kB)
Downloading pydantic-2.11.7-py3-none-any.whl (444 kB)
Downloading jsonschema-4.25.0-py3-none-any.whl (89 kB)
Downloading python_dotenv-1.1.1-py3-none-any.whl (20 kB)
Downloading PyJWT-2.10.1-py3-none-any.whl (22 kB)
Downloading boto3-1.40.4-py3-none-any.whl (140 kB)
Downloading pyotp-2.10.0-py3-none-any.whl (13 kB)
Downloading segno-1.6.6-py3-none-any.whl (76 kB)
Downloading cryptography-50.0.1-cp311-abi3-manylinux_2_34_aarch64.whl (4.7 MB)
   ━━━━━━━━━━━━━━━━━━━━━━━━━━━━━━━━━━━━━━━━ 4.7/4.7 MB 1.9 MB/s eta 0:00:00
Downloading httpcore-1.0.9-py3-none-any.whl (78 kB)
Downloading pydantic_core-2.33.2-cp312-cp312-manylinux_2_17_aarch64.manylinux2014_aarch64.whl (1.9 MB)
   ━━━━━━━━━━━━━━━━━━━━━━━━━━━━━━━━━━━━━━━━ 1.9/1.9 MB 620.7 kB/s eta 0:00:00
Downloading annotated_types-0.8.0-py3-none-any.whl (13 kB)
Downloading attrs-26.1.0-py3-none-any.whl (67 kB)
Downloading botocore-1.40.76-py3-none-any.whl (14.2 MB)
   ━━━━━━━━━━━━━━━━━━━━━━━━━━━━━━━━━━━━━━━━ 14.2/14.2 MB 1.3 MB/s eta 0:00:00
Downloading cffi-2.1.1-cp312-cp312-manylinux2014_aarch64.manylinux_2_17_aarch64.whl (222 kB)
Downloading click-8.5.0-py3-none-any.whl (125 kB)
Downloading h11-0.16.0-py3-none-any.whl (37 kB)
Downloading httptools-0.8.0-cp312-cp312-manylinux2014_aarch64.manylinux_2_17_aarch64.manylinux_2_28_aarch64.whl (518 kB)
Downloading jmespath-1.1.0-py3-none-any.whl (20 kB)
Downloading jsonschema_specifications-2025.9.1-py3-none-any.whl (18 kB)
Downloading pyyaml-6.0.3-cp312-cp312-manylinux2014_aarch64.manylinux_2_17_aarch64.manylinux_2_28_aarch64.whl (775 kB)
   ━━━━━━━━━━━━━━━━━━━━━━━━━━━━━━━━━━━━━━━ 775.1/775.1 kB 778.4 kB/s eta 0:00:00
Downloading referencing-0.37.0-py3-none-any.whl (26 kB)
Downloading rpds_py-2026.6.3-cp312-cp312-manylinux_2_17_aarch64.manylinux2014_aarch64.whl (368 kB)
Downloading s3transfer-0.13.1-py3-none-any.whl (85 kB)
Downloading starlette-0.47.3-py3-none-any.whl (72 kB)
Downloading anyio-4.15.1-py3-none-any.whl (132 kB)
Downloading idna-3.20-py3-none-any.whl (69 kB)
Downloading typing_extensions-4.16.0-py3-none-any.whl (45 kB)
Downloading typing_inspection-0.4.4-py3-none-any.whl (14 kB)
Downloading uvloop-0.22.1-cp312-cp312-manylinux2014_aarch64.manylinux_2_17_aarch64.manylinux_2_28_aarch64.whl (4.3 MB)
   ━━━━━━━━━━━━━━━━━━━━━━━━━━━━━━━━━━━━━━━━ 4.3/4.3 MB 1.5 MB/s eta 0:00:00
Downloading watchfiles-1.3.0-cp310-abi3-manylinux_2_17_aarch64.manylinux2014_aarch64.whl (454 kB)
Downloading websockets-17.1-cp312-cp312-manylinux2014_aarch64.manylinux_2_17_aarch64.manylinux_2_28_aarch64.whl (225 kB)
Downloading certifi-2026.7.22-py3-none-any.whl (136 kB)
Downloading python_dateutil-2.9.0.post0-py2.py3-none-any.whl (229 kB)
Downloading urllib3-2.8.0-py3-none-any.whl (135 kB)
Downloading pycparser-3.0-py3-none-any.whl (48 kB)
Downloading six-1.17.0-py2.py3-none-any.whl (11 kB)
Installing collected packages: websockets, uvloop, urllib3, typing-extensions, six, segno, rpds-py, redis, pyyaml, python-dotenv, pyotp, PyJWT, pycparser, psycopg2-binary, jmespath, idna, httptools, h11, click, certifi, attrs, annotated-types, uvicorn, typing-inspection, referencing, python-dateutil, pydantic-core, httpcore, cffi, anyio, watchfiles, starlette, pydantic, jsonschema-specifications, httpx, cryptography, botocore, s3transfer, jsonschema, fastapi, boto3
Successfully installed PyJWT-2.10.1 annotated-types-0.8.0 anyio-4.15.1 attrs-26.1.0 boto3-1.40.4 botocore-1.40.76 certifi-2026.7.22 cffi-2.1.1 click-8.5.0 cryptography-50.0.1 fastapi-0.116.1 h11-0.16.0 httpcore-1.0.9 httptools-0.8.0 httpx-0.28.1 idna-3.20 jmespath-1.1.0 jsonschema-4.25.0 jsonschema-specifications-2025.9.1 psycopg2-binary-2.9.10 pycparser-3.0 pydantic-2.11.7 pydantic-core-2.33.2 pyotp-2.10.0 python-dateutil-2.9.0.post0 python-dotenv-1.1.1 pyyaml-6.0.3 redis-6.4.0 referencing-0.37.0 rpds-py-2026.6.3 s3transfer-0.13.1 segno-1.6.6 six-1.17.0 starlette-0.47.3 typing-extensions-4.16.0 typing-inspection-0.4.4 urllib3-2.8.0 uvicorn-0.35.0 uvloop-0.22.1 watchfiles-1.3.0 websockets-17.1
[91mWARNING: Running pip as the 'root' user can result in broken permissions and conflicting behaviour with the system package manager, possibly rendering your system unusable. It is recommended to use a virtual environment instead: https://pip.pypa.io/warnings/venv. Use the --root-user-action option if you know what you are doing and want to suppress this warning.
[0m[91m
[notice] A new release of pip is available: 25.0.1 -> 26.2.1
[notice] To update, run: pip install --upgrade pip
[0m ---> Removed intermediate container 614a22698103
 ---> cebf83ee268a
Step 6/10 : COPY app ./app
 ---> f8c6cbefa23e
Step 7/10 : RUN mkdir -p /data/media
 ---> Running in 37e14190c20f
 ---> Removed intermediate container 37e14190c20f
 ---> 4525a2b976c3
Step 8/10 : EXPOSE 8000
 ---> Running in 80fc9d7ecb29
 ---> Removed intermediate container 80fc9d7ecb29
 ---> f2fe8ab87b98
Step 9/10 : CMD ["sh","-c","exec uvicorn app.main:app --host 0.0.0.0 --port 8000 --workers ${API_WORKERS} --limit-concurrency ${API_LIMIT_CONCURRENCY} --timeout-keep-alive ${API_KEEPALIVE_SECONDS} --forwarded-allow-ips \"${FORWARDED_ALLOW_IPS:?FORWARDED_ALLOW_IPS must name the proxy peer; see .env.example}\""]
 ---> Running in aba864363fee
 ---> Removed intermediate container aba864363fee
 ---> 7ec8c433a117
Step 10/10 : LABEL com.docker.compose.image.builder=classic
 ---> Running in 4ae580b92437
 ---> Removed intermediate container 4ae580b92437
 ---> 758b2d54e81d
Successfully built 758b2d54e81d
Successfully tagged ai-music-platform-v13-api:latest
 Image ai-music-platform-v13-api Built 
 Image ai-music-platform-v13-api Built 
time="2026-09-28T19:14:26+08:00" level=warning msg="Docker Compose requires buildx plugin to be installed"
 Image ai-music-platform-v13-gateway Building 
 Image ai-music-platform-v13-gateway Building 
Sending build context to Docker daemon  1.634kB
Step 1/3 : FROM nginx:1.27-alpine
 ---> 65645c7bb6a0
Step 2/3 : COPY nginx.conf /etc/nginx/conf.d/default.conf
 ---> 24f0a22572f9
Step 3/3 : LABEL com.docker.compose.image.builder=classic
 ---> Running in 4b1596100092
 ---> Removed intermediate container 4b1596100092
 ---> b3cde5cded5c
Successfully built b3cde5cded5c
Successfully tagged ai-music-platform-v13-gateway:latest
 Image ai-music-platform-v13-gateway Built 
 Image ai-music-platform-v13-gateway Built 
time="2026-09-28T19:14:27+08:00" level=warning msg="Docker Compose requires buildx plugin to be installed"
 Image ai-music-platform-v13-migrate Building 
 Image ai-music-platform-v13-migrate Building 
Sending build context to Docker daemon  2.374kB
Step 1/7 : FROM python:3.12-slim
 ---> f77ac9e44ae9
Step 2/7 : WORKDIR /app
 ---> Using cache
 ---> eb2f9d419b1e
Step 3/7 : COPY requirements.txt .
 ---> bea11ec82a02
Step 4/7 : RUN set -e; for attempt in 1 2 3 4 5; do       pip install --no-cache-dir --timeout 60 --retries 10 -r requirements.txt && exit 0;       echo "pip attempt $attempt failed, retrying"; sleep 15;     done; echo "pip install failed after 5 attempts"; exit 1
 ---> Running in afcb0b9788fb
Collecting psycopg2-binary==2.9.10 (from -r requirements.txt (line 1))
  Downloading psycopg2_binary-2.9.10-cp312-cp312-manylinux_2_17_aarch64.manylinux2014_aarch64.whl.metadata (4.9 kB)
Downloading psycopg2_binary-2.9.10-cp312-cp312-manylinux_2_17_aarch64.manylinux2014_aarch64.whl (2.9 MB)
   ━━━━━━━━━━━━━━━━━━━━━━━━━━━━━━━━━━━━━━━━ 2.9/2.9 MB 2.0 MB/s eta 0:00:00
Installing collected packages: psycopg2-binary
Successfully installed psycopg2-binary-2.9.10
[91mWARNING: Running pip as the 'root' user can result in broken permissions and conflicting behaviour with the system package manager, possibly rendering your system unusable. It is recommended to use a virtual environment instead: https://pip.pypa.io/warnings/venv. Use the --root-user-action option if you know what you are doing and want to suppress this warning.
[0m[91m
[notice] A new release of pip is available: 25.0.1 -> 26.2.1
[notice] To update, run: pip install --upgrade pip
[0m ---> Removed intermediate container afcb0b9788fb
 ---> 9680da491711
Step 5/7 : COPY migrate.py .
 ---> b7079e31f251
Step 6/7 : CMD ["python","migrate.py"]
 ---> Running in 086d3f88e8fd
 ---> Removed intermediate container 086d3f88e8fd
 ---> e00c4dea3824
Step 7/7 : LABEL com.docker.compose.image.builder=classic
 ---> Running in 83379ff18d84
 ---> Removed intermediate container 83379ff18d84
 ---> ed7a487a3359
Successfully built ed7a487a3359
Successfully tagged ai-music-platform-v13-migrate:latest
 Image ai-music-platform-v13-migrate Built 
 Image ai-music-platform-v13-migrate Built 
time="2026-09-28T19:14:34+08:00" level=warning msg="Docker Compose requires buildx plugin to be installed"
 Image ai-music-platform-v13-payment-emulator Building 
 Image ai-music-platform-v13-payment-emulator Building 
Sending build context to Docker daemon   2.98kB
Step 1/7 : FROM python:3.13-slim
 ---> 8d9d0b8bcf65
Step 2/7 : WORKDIR /app
 ---> Running in a961a4cf7952
 ---> Removed intermediate container a961a4cf7952
 ---> b9670344b704
Step 3/7 : COPY requirements.txt .
 ---> 2bb05343fa45
Step 4/7 : RUN set -e; for attempt in 1 2 3 4 5; do       pip install --no-cache-dir --timeout 60 --retries 10 -r requirements.txt && exit 0;       echo "pip attempt $attempt failed, retrying"; sleep 15;     done; echo "pip install failed after 5 attempts"; exit 1
 ---> Running in be6b1638fa22
Collecting fastapi==0.116.1 (from -r requirements.txt (line 1))
  Downloading fastapi-0.116.1-py3-none-any.whl.metadata (28 kB)
Collecting uvicorn==0.35.0 (from uvicorn[standard]==0.35.0->-r requirements.txt (line 2))
  Downloading uvicorn-0.35.0-py3-none-any.whl.metadata (6.5 kB)
Collecting httpx==0.28.1 (from -r requirements.txt (line 3))
  Downloading httpx-0.28.1-py3-none-any.whl.metadata (7.1 kB)
Collecting pydantic==2.11.7 (from -r requirements.txt (line 4))
  Downloading pydantic-2.11.7-py3-none-any.whl.metadata (67 kB)
Collecting starlette<0.48.0,>=0.40.0 (from fastapi==0.116.1->-r requirements.txt (line 1))
  Downloading starlette-0.47.3-py3-none-any.whl.metadata (6.2 kB)
Collecting typing-extensions>=4.8.0 (from fastapi==0.116.1->-r requirements.txt (line 1))
  Downloading typing_extensions-4.16.0-py3-none-any.whl.metadata (3.3 kB)
Collecting annotated-types>=0.6.0 (from pydantic==2.11.7->-r requirements.txt (line 4))
  Downloading annotated_types-0.8.0-py3-none-any.whl.metadata (15 kB)
Collecting pydantic-core==2.33.2 (from pydantic==2.11.7->-r requirements.txt (line 4))
  Downloading pydantic_core-2.33.2-cp313-cp313-manylinux_2_17_aarch64.manylinux2014_aarch64.whl.metadata (6.8 kB)
Collecting typing-inspection>=0.4.0 (from pydantic==2.11.7->-r requirements.txt (line 4))
  Downloading typing_inspection-0.4.4-py3-none-any.whl.metadata (2.6 kB)
Collecting click>=7.0 (from uvicorn==0.35.0->uvicorn[standard]==0.35.0->-r requirements.txt (line 2))
  Downloading click-8.5.0-py3-none-any.whl.metadata (2.6 kB)
Collecting h11>=0.8 (from uvicorn==0.35.0->uvicorn[standard]==0.35.0->-r requirements.txt (line 2))
  Downloading h11-0.16.0-py3-none-any.whl.metadata (8.3 kB)
Collecting anyio (from httpx==0.28.1->-r requirements.txt (line 3))
  Downloading anyio-4.15.1-py3-none-any.whl.metadata (4.7 kB)
Collecting certifi (from httpx==0.28.1->-r requirements.txt (line 3))
  Downloading certifi-2026.7.22-py3-none-any.whl.metadata (2.5 kB)
Collecting httpcore==1.* (from httpx==0.28.1->-r requirements.txt (line 3))
  Downloading httpcore-1.0.9-py3-none-any.whl.metadata (21 kB)
Collecting idna (from httpx==0.28.1->-r requirements.txt (line 3))
  Downloading idna-3.20-py3-none-any.whl.metadata (7.2 kB)
Collecting httptools>=0.6.3 (from uvicorn[standard]==0.35.0->-r requirements.txt (line 2))
  Downloading httptools-0.8.0-cp313-cp313-manylinux2014_aarch64.manylinux_2_17_aarch64.manylinux_2_28_aarch64.whl.metadata (3.5 kB)
Collecting python-dotenv>=0.13 (from uvicorn[standard]==0.35.0->-r requirements.txt (line 2))
  Downloading python_dotenv-1.2.3-py3-none-any.whl.metadata (29 kB)
Collecting pyyaml>=5.1 (from uvicorn[standard]==0.35.0->-r requirements.txt (line 2))
  Downloading pyyaml-6.0.3-cp313-cp313-manylinux2014_aarch64.manylinux_2_17_aarch64.manylinux_2_28_aarch64.whl.metadata (2.4 kB)
Collecting uvloop>=0.15.1 (from uvicorn[standard]==0.35.0->-r requirements.txt (line 2))
  Downloading uvloop-0.22.1-cp313-cp313-manylinux2014_aarch64.manylinux_2_17_aarch64.manylinux_2_28_aarch64.whl.metadata (4.9 kB)
Collecting watchfiles>=0.13 (from uvicorn[standard]==0.35.0->-r requirements.txt (line 2))
  Downloading watchfiles-1.3.0-cp310-abi3-manylinux_2_17_aarch64.manylinux2014_aarch64.whl.metadata (4.9 kB)
Collecting websockets>=10.4 (from uvicorn[standard]==0.35.0->-r requirements.txt (line 2))
  Downloading websockets-17.1-cp313-cp313-manylinux2014_aarch64.manylinux_2_17_aarch64.manylinux_2_28_aarch64.whl.metadata (6.3 kB)
Downloading fastapi-0.116.1-py3-none-any.whl (95 kB)
Downloading pydantic-2.11.7-py3-none-any.whl (444 kB)
Downloading uvicorn-0.35.0-py3-none-any.whl (66 kB)
Downloading httpx-0.28.1-py3-none-any.whl (73 kB)
Downloading pydantic_core-2.33.2-cp313-cp313-manylinux_2_17_aarch64.manylinux2014_aarch64.whl (1.9 MB)
   ━━━━━━━━━━━━━━━━━━━━━━━━━━━━━━━━━━━━━━━━ 1.9/1.9 MB 1.3 MB/s  0:00:01
Downloading httpcore-1.0.9-py3-none-any.whl (78 kB)
Downloading starlette-0.47.3-py3-none-any.whl (72 kB)
Downloading anyio-4.15.1-py3-none-any.whl (132 kB)
Downloading annotated_types-0.8.0-py3-none-any.whl (13 kB)
Downloading click-8.5.0-py3-none-any.whl (125 kB)
Downloading h11-0.16.0-py3-none-any.whl (37 kB)
Downloading httptools-0.8.0-cp313-cp313-manylinux2014_aarch64.manylinux_2_17_aarch64.manylinux_2_28_aarch64.whl (482 kB)
Downloading idna-3.20-py3-none-any.whl (69 kB)
Downloading python_dotenv-1.2.3-py3-none-any.whl (22 kB)
Downloading pyyaml-6.0.3-cp313-cp313-manylinux2014_aarch64.manylinux_2_17_aarch64.manylinux_2_28_aarch64.whl (767 kB)
   ━━━━━━━━━━━━━━━━━━━━━━━━━━━━━━━━━━━━━━━━ 767.1/767.1 kB 911.2 kB/s  0:00:00
Downloading typing_extensions-4.16.0-py3-none-any.whl (45 kB)
Downloading typing_inspection-0.4.4-py3-none-any.whl (14 kB)
Downloading uvloop-0.22.1-cp313-cp313-manylinux2014_aarch64.manylinux_2_17_aarch64.manylinux_2_28_aarch64.whl (4.3 MB)
   ━━━━━━━━━━━━━━━━━━━━━━━━━━━━━━━━━━━━━━━━ 4.3/4.3 MB 1.7 MB/s  0:00:02
Downloading watchfiles-1.3.0-cp310-abi3-manylinux_2_17_aarch64.manylinux2014_aarch64.whl (454 kB)
Downloading websockets-17.1-cp313-cp313-manylinux2014_aarch64.manylinux_2_17_aarch64.manylinux_2_28_aarch64.whl (225 kB)
Downloading certifi-2026.7.22-py3-none-any.whl (136 kB)
Installing collected packages: websockets, uvloop, typing-extensions, pyyaml, python-dotenv, idna, httptools, h11, click, certifi, annotated-types, uvicorn, typing-inspection, pydantic-core, httpcore, anyio, watchfiles, starlette, pydantic, httpx, fastapi

Successfully installed annotated-types-0.8.0 anyio-4.15.1 certifi-2026.7.22 click-8.5.0 fastapi-0.116.1 h11-0.16.0 httpcore-1.0.9 httptools-0.8.0 httpx-0.28.1 idna-3.20 pydantic-2.11.7 pydantic-core-2.33.2 python-dotenv-1.2.3 pyyaml-6.0.3 starlette-0.47.3 typing-extensions-4.16.0 typing-inspection-0.4.4 uvicorn-0.35.0 uvloop-0.22.1 watchfiles-1.3.0 websockets-17.1
[91mWARNING: Running pip as the 'root' user can result in broken permissions and conflicting behaviour with the system package manager, possibly rendering your system unusable. It is recommended to use a virtual environment instead: https://pip.pypa.io/warnings/venv. Use the --root-user-action option if you know what you are doing and want to suppress this warning.
[0m ---> Removed intermediate container be6b1638fa22
 ---> f81b46bef668
Step 5/7 : COPY main.py .
 ---> 7406b67e79a7
Step 6/7 : CMD ["uvicorn","main:app","--host","0.0.0.0","--port","8020"]
 ---> Running in ba20ee7262e7
 ---> Removed intermediate container ba20ee7262e7
 ---> ddeb1a211ddb
Step 7/7 : LABEL com.docker.compose.image.builder=classic
 ---> Running in 6ba65d6bf846
 ---> Removed intermediate container 6ba65d6bf846
 ---> 544aa9acb011
Successfully built 544aa9acb011
Successfully tagged ai-music-platform-v13-payment-emulator:latest
 Image ai-music-platform-v13-payment-emulator Built 
 Image ai-music-platform-v13-payment-emulator Built 
time="2026-09-28T19:15:04+08:00" level=warning msg="Docker Compose requires buildx plugin to be installed"
 Image ai-music-platform-v13-provider-emulator Building 
 Image ai-music-platform-v13-provider-emulator Building 
Sending build context to Docker daemon  4.891kB
Step 1/10 : FROM python:3.12-slim
 ---> f77ac9e44ae9
Step 2/10 : WORKDIR /app
 ---> Using cache
 ---> eb2f9d419b1e
Step 3/10 : ENV PYTHONDONTWRITEBYTECODE=1 PYTHONUNBUFFERED=1
 ---> Running in d89f3efda601
 ---> Removed intermediate container d89f3efda601
 ---> bde17badb3d3
Step 4/10 : COPY requirements.txt .
 ---> c8530034b372
Step 5/10 : RUN set -e; for attempt in 1 2 3 4 5; do       pip install --no-cache-dir --timeout 60 --retries 10 -r requirements.txt && exit 0;       echo "pip attempt $attempt failed, retrying"; sleep 15;     done; echo "pip install failed after 5 attempts"; exit 1
 ---> Running in 17d31d813777
Collecting fastapi==0.116.1 (from -r requirements.txt (line 1))
  Downloading fastapi-0.116.1-py3-none-any.whl.metadata (28 kB)
Collecting uvicorn==0.35.0 (from uvicorn[standard]==0.35.0->-r requirements.txt (line 2))
  Downloading uvicorn-0.35.0-py3-none-any.whl.metadata (6.5 kB)
Collecting pydantic==2.11.7 (from -r requirements.txt (line 3))
  Downloading pydantic-2.11.7-py3-none-any.whl.metadata (67 kB)
Collecting starlette<0.48.0,>=0.40.0 (from fastapi==0.116.1->-r requirements.txt (line 1))
  Downloading starlette-0.47.3-py3-none-any.whl.metadata (6.2 kB)
Collecting typing-extensions>=4.8.0 (from fastapi==0.116.1->-r requirements.txt (line 1))
  Downloading typing_extensions-4.16.0-py3-none-any.whl.metadata (3.3 kB)
Collecting click>=7.0 (from uvicorn==0.35.0->uvicorn[standard]==0.35.0->-r requirements.txt (line 2))
  Downloading click-8.5.0-py3-none-any.whl.metadata (2.6 kB)
Collecting h11>=0.8 (from uvicorn==0.35.0->uvicorn[standard]==0.35.0->-r requirements.txt (line 2))
  Downloading h11-0.16.0-py3-none-any.whl.metadata (8.3 kB)
Collecting annotated-types>=0.6.0 (from pydantic==2.11.7->-r requirements.txt (line 3))
  Downloading annotated_types-0.8.0-py3-none-any.whl.metadata (15 kB)
Collecting pydantic-core==2.33.2 (from pydantic==2.11.7->-r requirements.txt (line 3))
  Downloading pydantic_core-2.33.2-cp312-cp312-manylinux_2_17_aarch64.manylinux2014_aarch64.whl.metadata (6.8 kB)
Collecting typing-inspection>=0.4.0 (from pydantic==2.11.7->-r requirements.txt (line 3))
  Downloading typing_inspection-0.4.4-py3-none-any.whl.metadata (2.6 kB)
Collecting httptools>=0.6.3 (from uvicorn[standard]==0.35.0->-r requirements.txt (line 2))
  Downloading httptools-0.8.0-cp312-cp312-manylinux2014_aarch64.manylinux_2_17_aarch64.manylinux_2_28_aarch64.whl.metadata (3.5 kB)
Collecting python-dotenv>=0.13 (from uvicorn[standard]==0.35.0->-r requirements.txt (line 2))
  Downloading python_dotenv-1.2.3-py3-none-any.whl.metadata (29 kB)
Collecting pyyaml>=5.1 (from uvicorn[standard]==0.35.0->-r requirements.txt (line 2))
  Downloading pyyaml-6.0.3-cp312-cp312-manylinux2014_aarch64.manylinux_2_17_aarch64.manylinux_2_28_aarch64.whl.metadata (2.4 kB)
Collecting uvloop>=0.15.1 (from uvicorn[standard]==0.35.0->-r requirements.txt (line 2))
  Downloading uvloop-0.22.1-cp312-cp312-manylinux2014_aarch64.manylinux_2_17_aarch64.manylinux_2_28_aarch64.whl.metadata (4.9 kB)
Collecting watchfiles>=0.13 (from uvicorn[standard]==0.35.0->-r requirements.txt (line 2))
  Downloading watchfiles-1.3.0-cp310-abi3-manylinux_2_17_aarch64.manylinux2014_aarch64.whl.metadata (4.9 kB)
Collecting websockets>=10.4 (from uvicorn[standard]==0.35.0->-r requirements.txt (line 2))
  Downloading websockets-17.1-cp312-cp312-manylinux2014_aarch64.manylinux_2_17_aarch64.manylinux_2_28_aarch64.whl.metadata (6.3 kB)
Collecting anyio<5,>=3.6.2 (from starlette<0.48.0,>=0.40.0->fastapi==0.116.1->-r requirements.txt (line 1))
  Downloading anyio-4.15.1-py3-none-any.whl.metadata (4.7 kB)
Collecting idna>=2.8 (from anyio<5,>=3.6.2->starlette<0.48.0,>=0.40.0->fastapi==0.116.1->-r requirements.txt (line 1))
  Downloading idna-3.20-py3-none-any.whl.metadata (7.2 kB)
Downloading fastapi-0.116.1-py3-none-any.whl (95 kB)
Downloading uvicorn-0.35.0-py3-none-any.whl (66 kB)
Downloading pydantic-2.11.7-py3-none-any.whl (444 kB)
Downloading pydantic_core-2.33.2-cp312-cp312-manylinux_2_17_aarch64.manylinux2014_aarch64.whl (1.9 MB)
   ━━━━━━━━━━━━━━━━━━━━━━━━━━━━━━━━━━━━━━━━ 1.9/1.9 MB 545.0 kB/s eta 0:00:00
Downloading annotated_types-0.8.0-py3-none-any.whl (13 kB)
Downloading click-8.5.0-py3-none-any.whl (125 kB)
Downloading h11-0.16.0-py3-none-any.whl (37 kB)
Downloading httptools-0.8.0-cp312-cp312-manylinux2014_aarch64.manylinux_2_17_aarch64.manylinux_2_28_aarch64.whl (518 kB)
Downloading python_dotenv-1.2.3-py3-none-any.whl (22 kB)
Downloading pyyaml-6.0.3-cp312-cp312-manylinux2014_aarch64.manylinux_2_17_aarch64.manylinux_2_28_aarch64.whl (775 kB)
   ━━━━━━━━━━━━━━━━━━━━━━━━━━━━━━━━━━━━━━━ 775.1/775.1 kB 889.9 kB/s eta 0:00:00
Downloading starlette-0.47.3-py3-none-any.whl (72 kB)
Downloading typing_extensions-4.16.0-py3-none-any.whl (45 kB)
Downloading typing_inspection-0.4.4-py3-none-any.whl (14 kB)
Downloading uvloop-0.22.1-cp312-cp312-manylinux2014_aarch64.manylinux_2_17_aarch64.manylinux_2_28_aarch64.whl (4.3 MB)
   ━━━━━━━━━━━━━━━━━━━━━━━━━━━━━━━━━━━━━━━━ 4.3/4.3 MB 1.3 MB/s eta 0:00:00
Downloading watchfiles-1.3.0-cp310-abi3-manylinux_2_17_aarch64.manylinux2014_aarch64.whl (454 kB)
Downloading websockets-17.1-cp312-cp312-manylinux2014_aarch64.manylinux_2_17_aarch64.manylinux_2_28_aarch64.whl (225 kB)
Downloading anyio-4.15.1-py3-none-any.whl (132 kB)
Downloading idna-3.20-py3-none-any.whl (69 kB)
Installing collected packages: websockets, uvloop, typing-extensions, pyyaml, python-dotenv, idna, httptools, h11, click, annotated-types, uvicorn, typing-inspection, pydantic-core, anyio, watchfiles, starlette, pydantic, fastapi
Successfully installed annotated-types-0.8.0 anyio-4.15.1 click-8.5.0 fastapi-0.116.1 h11-0.16.0 httptools-0.8.0 idna-3.20 pydantic-2.11.7 pydantic-core-2.33.2 python-dotenv-1.2.3 pyyaml-6.0.3 starlette-0.47.3 typing-extensions-4.16.0 typing-inspection-0.4.4 uvicorn-0.35.0 uvloop-0.22.1 watchfiles-1.3.0 websockets-17.1
[91mWARNING: Running pip as the 'root' user can result in broken permissions and conflicting behaviour with the system package manager, possibly rendering your system unusable. It is recommended to use a virtual environment instead: https://pip.pypa.io/warnings/venv. Use the --root-user-action option if you know what you are doing and want to suppress this warning.
[0m[91m
[notice] A new release of pip is available: 25.0.1 -> 26.2.1
[notice] To update, run: pip install --upgrade pip
[0m ---> Removed intermediate container 17d31d813777
 ---> 8aab07781b9f
Step 6/10 : COPY main.py .
 ---> b06e29ca9bc2
Step 7/10 : RUN mkdir -p /data/provider-media
 ---> Running in ea1511e1e6ad
 ---> Removed intermediate container ea1511e1e6ad
 ---> ce7bfcc63e47
Step 8/10 : EXPOSE 8010
 ---> Running in 9e5a5ab48c45
 ---> Removed intermediate container 9e5a5ab48c45
 ---> 8e8c21c17c02
Step 9/10 : CMD ["uvicorn","main:app","--host","0.0.0.0","--port","8010"]
 ---> Running in fb229849aa12
 ---> Removed intermediate container fb229849aa12
 ---> 3b5ec78a96bd
Step 10/10 : LABEL com.docker.compose.image.builder=classic
 ---> Running in 3841609c48be
 ---> Removed intermediate container 3841609c48be
 ---> 32833ab96058
Successfully built 32833ab96058
Successfully tagged ai-music-platform-v13-provider-emulator:latest
 Image ai-music-platform-v13-provider-emulator Built 
 Image ai-music-platform-v13-provider-emulator Built 
time="2026-09-28T19:15:39+08:00" level=warning msg="Docker Compose requires buildx plugin to be installed"
 Image ai-music-platform-v13-web Building 
 Image ai-music-platform-v13-web Building 
Sending build context to Docker daemon  48.02kB
Step 1/4 : FROM nginx:1.27-alpine
 ---> 65645c7bb6a0
Step 2/4 : COPY nginx.conf /etc/nginx/conf.d/default.conf
 ---> Using cache
 ---> a51092a47db5
Step 3/4 : COPY index.html app.js styles.css /usr/share/nginx/html/
 ---> 9bace16577d4
Step 4/4 : LABEL com.docker.compose.image.builder=classic
 ---> Running in 9f77af1358c4
 ---> Removed intermediate container 9f77af1358c4
 ---> e46d657e2d2f
Successfully built e46d657e2d2f
Successfully tagged ai-music-platform-v13-web:latest
 Image ai-music-platform-v13-web Built 
 Image ai-music-platform-v13-web Built 
time="2026-09-28T19:15:40+08:00" level=warning msg="Docker Compose requires buildx plugin to be installed"
 Image ai-music-platform-v13-worker Building 
 Image ai-music-platform-v13-worker Building 
Sending build context to Docker daemon  21.26kB
Step 1/9 : FROM python:3.12-slim
 ---> f77ac9e44ae9
Step 2/9 : WORKDIR /app
 ---> Using cache
 ---> eb2f9d419b1e
Step 3/9 : ENV PYTHONDONTWRITEBYTECODE=1 PYTHONUNBUFFERED=1
 ---> Using cache
 ---> bde17badb3d3
Step 4/9 : RUN sed -i 's|http://deb.debian.org|https://deb.debian.org|g' /etc/apt/sources.list /etc/apt/sources.list.d/* 2>/dev/null;     apt-get -o Acquire::Retries=8 -o Acquire::http::Timeout=180 -o Acquire::Languages=none update     && apt-get -o Acquire::Retries=8 -o Acquire::Languages=none install -y --no-install-recommends ffmpeg ca-certificates     && rm -rf /var/lib/apt/lists/*
 ---> Running in 44c0d8388b37
Hit:1 https://deb.debian.org/debian trixie InRelease
Get:2 https://deb.debian.org/debian trixie-updates InRelease [47.3 kB]
Get:3 https://deb.debian.org/debian-security trixie-security InRelease [43.4 kB]
Get:4 https://deb.debian.org/debian trixie/main arm64 Packages [9614 kB]
Get:5 https://deb.debian.org/debian trixie-updates/main arm64 Packages [4424 B]
Get:6 https://deb.debian.org/debian-security trixie-security/main arm64 Packages [264 kB]
Fetched 9973 kB in 7s (1361 kB/s)
Reading package lists...
Reading package lists...
Building dependency tree...
Reading state information...
ca-certificates is already the newest version (20250419).
The following additional packages will be installed:
  fontconfig fontconfig-config fonts-dejavu-core fonts-dejavu-mono libaom3
  libasound2-data libasound2t64 libass9 libasyncns0 libatomic1 libavc1394-0
  libavcodec61 libavdevice61 libavfilter10 libavformat61 libavutil59 libblas3
  libbluray2 libbrotli1 libbs2b0 libcaca0 libcairo-gobject2 libcairo2
  libcdio-cdda2t64 libcdio-paranoia2t64 libcdio19t64 libchromaprint1 libcjson1
  libcodec2-1.2 libcom-err2 libdatrie1 libdav1d7 libdbus-1-3 libdc1394-25
  libdecor-0-0 libdeflate0 libdrm-amdgpu1 libdrm-common libdrm2 libdvdnav4
  libdvdread8t64 libedit2 libelf1t64 libexpat1 libfftw3-double3 libflac14
  libflite1 libfontconfig1 libfreetype6 libfribidi0 libgbm1
  libgdk-pixbuf-2.0-0 libgdk-pixbuf2.0-common libgfortran5 libgl1
  libgl1-mesa-dri libglib2.0-0t64 libglvnd0 libglx-mesa0 libglx0 libgme0
  libgnutls30t64 libgomp1 libgraphite2-3 libgsm1 libgssapi-krb5-2
  libharfbuzz0b libhwy1t64 libidn2-0 libiec61883-0 libjack-jackd2-0 libjbig0
  libjpeg62-turbo libjxl0.11 libk5crypto3 libkeyutils1 libkrb5-3
  libkrb5support0 liblapack3 liblcms2-2 liblerc4 liblilv-0-0 libllvm19
  libmbedcrypto16 libmp3lame0 libmpg123-0t64 libmysofa1 libnorm1t64 libnuma1
  libogg0 libopenal-data libopenal1 libopenjp2-7 libopenmpt0t64 libopus0
  libp11-kit0 libpango-1.0-0 libpangocairo-1.0-0 libpangoft2-1.0-0
  libpgm-5.3-0t64 libpixman-1-0 libplacebo349 libpng16-16t64 libpocketsphinx3
  libpostproc58 libpulse0 librabbitmq4 librav1e0.7 libraw1394-11 librist4
  librsvg2-2 librubberband2 libsamplerate0 libsdl2-2.0-0 libsensors-config
  libsensors5 libserd-0-0 libsharpyuv0 libshine3 libslang2 libsnappy1v5
  libsndfile1 libsodium23 libsord-0-0 libsoxr0 libspeex1 libsphinxbase3t64
  libsratom-0-0 libsrt1.5-gnutls libssh-4 libsvtav1enc2 libswresample5
  libswscale8 libtasn1-6 libthai-data libthai0 libtheoradec1 libtheoraenc1
  libtiff6 libtwolame0 libudfread0 libunibreak6 libunistring5 libusb-1.0-0
  libva-drm2 libva-x11-2 libva2 libvdpau1 libvidstab1.1 libvorbis0a
  libvorbisenc2 libvorbisfile3 libvpx9 libvulkan1 libwayland-client0
  libwayland-cursor0 libwayland-egl1 libwayland-server0 libwebp7 libwebpmux3
  libx11-6 libx11-data libx11-xcb1 libx264-164 libx265-215 libxau6
  libxcb-dri3-0 libxcb-glx0 libxcb-present0 libxcb-randr0 libxcb-render0
  libxcb-shape0 libxcb-shm0 libxcb-sync1 libxcb-xfixes0 libxcb1 libxcursor1
  libxdmcp6 libxext6 libxfixes3 libxi6 libxkbcommon0 libxml2 libxrandr2
  libxrender1 libxshmfence1 libxss1 libxv1 libxvidcore4 libxxf86vm1 libz3-4
  libzimg2 libzix-0-0 libzmq5 libzvbi-common libzvbi0t64 mesa-libgallium
  ocl-icd-libopencl1 shared-mime-info x11-common xkb-data
Suggested packages:
  ffmpeg-doc alsa-utils libasound2-plugins libcuda1 libnvcuvid1
  libnvidia-encode1 libbluray-bdj libdvdcss2 libfftw3-bin libfftw3-dev
  low-memory-monitor gnutls-bin krb5-doc krb5-user jackd2 liblcms2-utils
  libportaudio2 libsndio7.0 opus-tools pulseaudio libraw1394-doc librsvg2-bin
  xdg-utils lm-sensors serdi sordi speex opencl-icd
Recommended packages:
  alsa-ucm-conf alsa-topology-conf libaacs0 dbus default-libdecor-0-plugin-1
  | libdecor-0-plugin-1 libgdk-pixbuf2.0-bin libglib2.0-data xdg-user-dirs
  krb5-locales pocketsphinx-en-us librsvg2-common va-driver-all | va-driver
  vdpau-driver-all | vdpau-driver mesa-vulkan-drivers | vulkan-icd
The following NEW packages will be installed:
  ffmpeg fontconfig fontconfig-config fonts-dejavu-core fonts-dejavu-mono
  libaom3 libasound2-data libasound2t64 libass9 libasyncns0 libatomic1
  libavc1394-0 libavcodec61 libavdevice61 libavfilter10 libavformat61
  libavutil59 libblas3 libbluray2 libbrotli1 libbs2b0 libcaca0
  libcairo-gobject2 libcairo2 libcdio-cdda2t64 libcdio-paranoia2t64
  libcdio19t64 libchromaprint1 libcjson1 libcodec2-1.2 libcom-err2 libdatrie1
  libdav1d7 libdbus-1-3 libdc1394-25 libdecor-0-0 libdeflate0 libdrm-amdgpu1
  libdrm-common libdrm2 libdvdnav4 libdvdread8t64 libedit2 libelf1t64
  libexpat1 libfftw3-double3 libflac14 libflite1 libfontconfig1 libfreetype6
  libfribidi0 libgbm1 libgdk-pixbuf-2.0-0 libgdk-pixbuf2.0-common libgfortran5
  libgl1 libgl1-mesa-dri libglib2.0-0t64 libglvnd0 libglx-mesa0 libglx0
  libgme0 libgnutls30t64 libgomp1 libgraphite2-3 libgsm1 libgssapi-krb5-2
  libharfbuzz0b libhwy1t64 libidn2-0 libiec61883-0 libjack-jackd2-0 libjbig0
  libjpeg62-turbo libjxl0.11 libk5crypto3 libkeyutils1 libkrb5-3
  libkrb5support0 liblapack3 liblcms2-2 liblerc4 liblilv-0-0 libllvm19
  libmbedcrypto16 libmp3lame0 libmpg123-0t64 libmysofa1 libnorm1t64 libnuma1
  libogg0 libopenal-data libopenal1 libopenjp2-7 libopenmpt0t64 libopus0
  libp11-kit0 libpango-1.0-0 libpangocairo-1.0-0 libpangoft2-1.0-0
  libpgm-5.3-0t64 libpixman-1-0 libplacebo349 libpng16-16t64 libpocketsphinx3
  libpostproc58 libpulse0 librabbitmq4 librav1e0.7 libraw1394-11 librist4
  librsvg2-2 librubberband2 libsamplerate0 libsdl2-2.0-0 libsensors-config
  libsensors5 libserd-0-0 libsharpyuv0 libshine3 libslang2 libsnappy1v5
  libsndfile1 libsodium23 libsord-0-0 libsoxr0 libspeex1 libsphinxbase3t64
  libsratom-0-0 libsrt1.5-gnutls libssh-4 libsvtav1enc2 libswresample5
  libswscale8 libtasn1-6 libthai-data libthai0 libtheoradec1 libtheoraenc1
  libtiff6 libtwolame0 libudfread0 libunibreak6 libunistring5 libusb-1.0-0
  libva-drm2 libva-x11-2 libva2 libvdpau1 libvidstab1.1 libvorbis0a
  libvorbisenc2 libvorbisfile3 libvpx9 libvulkan1 libwayland-client0
  libwayland-cursor0 libwayland-egl1 libwayland-server0 libwebp7 libwebpmux3
  libx11-6 libx11-data libx11-xcb1 libx264-164 libx265-215 libxau6
  libxcb-dri3-0 libxcb-glx0 libxcb-present0 libxcb-randr0 libxcb-render0
  libxcb-shape0 libxcb-shm0 libxcb-sync1 libxcb-xfixes0 libxcb1 libxcursor1
  libxdmcp6 libxext6 libxfixes3 libxi6 libxkbcommon0 libxml2 libxrandr2
  libxrender1 libxshmfence1 libxss1 libxv1 libxvidcore4 libxxf86vm1 libz3-4
  libzimg2 libzix-0-0 libzmq5 libzvbi-common libzvbi0t64 mesa-libgallium
  ocl-icd-libopencl1 shared-mime-info x11-common xkb-data
0 upgraded, 202 newly installed, 0 to remove and 0 not upgraded.
Need to get 121 MB of archives.
After this operation, 430 MB of additional disk space will be used.
Get:1 https://deb.debian.org/debian trixie/main arm64 libexpat1 arm64 2.8.3-1~deb13u1 [109 kB]
Get:2 https://deb.debian.org/debian trixie/main arm64 libaom3 arm64 3.12.1-1+deb13u1 [1671 kB]
Get:3 https://deb.debian.org/debian trixie/main arm64 libdrm-common all 2.4.124-2 [8288 B]
Get:4 https://deb.debian.org/debian trixie/main arm64 libdrm2 arm64 2.4.124-2 [38.3 kB]
Get:5 https://deb.debian.org/debian trixie/main arm64 libva2 arm64 2.22.0-3 [74.2 kB]
Get:6 https://deb.debian.org/debian trixie/main arm64 libva-drm2 arm64 2.22.0-3 [18.5 kB]
Get:7 https://deb.debian.org/debian trixie/main arm64 libxau6 arm64 1:1.0.11-1 [20.6 kB]
Get:8 https://deb.debian.org/debian trixie/main arm64 libxdmcp6 arm64 1:1.1.5-1 [27.8 kB]
Get:9 https://deb.debian.org/debian trixie/main arm64 libxcb1 arm64 1.17.0-2+b1 [143 kB]
Get:10 https://deb.debian.org/debian trixie/main arm64 libx11-data all 2:1.8.12-1 [343 kB]
Get:11 https://deb.debian.org/debian trixie/main arm64 libx11-6 arm64 2:1.8.12-1 [795 kB]
Get:12 https://deb.debian.org/debian trixie/main arm64 libx11-xcb1 arm64 2:1.8.12-1 [247 kB]
Get:13 https://deb.debian.org/debian trixie/main arm64 libxcb-dri3-0 arm64 1.17.0-2+b1 [107 kB]
Get:14 https://deb.debian.org/debian trixie/main arm64 libxext6 arm64 2:1.3.4-1+b3 [49.2 kB]
Get:15 https://deb.debian.org/debian trixie/main arm64 libxfixes3 arm64 1:6.0.0-2+b4 [20.5 kB]
Get:16 https://deb.debian.org/debian trixie/main arm64 libva-x11-2 arm64 2.22.0-3 [23.0 kB]
Get:17 https://deb.debian.org/debian trixie/main arm64 libvdpau1 arm64 1.5-3+b1 [24.4 kB]
Get:18 https://deb.debian.org/debian trixie/main arm64 ocl-icd-libopencl1 arm64 2.3.3-1 [42.7 kB]
Get:19 https://deb.debian.org/debian trixie/main arm64 libavutil59 arm64 7:7.1.5-0+deb13u1 [392 kB]
Get:20 https://deb.debian.org/debian trixie/main arm64 libbrotli1 arm64 1.1.0-2+b7 [308 kB]
Get:21 https://deb.debian.org/debian trixie/main arm64 libpng16-16t64 arm64 1.6.48-1+deb13u5 [275 kB]
Get:22 https://deb.debian.org/debian trixie/main arm64 libfreetype6 arm64 2.13.3+dfsg-1+deb13u1 [422 kB]
Get:23 https://deb.debian.org/debian trixie/main arm64 fonts-dejavu-mono all 2.37-8 [489 kB]
Get:24 https://deb.debian.org/debian trixie/main arm64 fonts-dejavu-core all 2.37-8 [840 kB]
Get:25 https://deb.debian.org/debian trixie/main arm64 fontconfig-config arm64 2.15.0-2.3 [318 kB]
Get:26 https://deb.debian.org/debian trixie/main arm64 libfontconfig1 arm64 2.15.0-2.3 [387 kB]
Get:27 https://deb.debian.org/debian trixie/main arm64 libpixman-1-0 arm64 0.44.0-3 [168 kB]
Get:28 https://deb.debian.org/debian trixie/main arm64 libxcb-render0 arm64 1.17.0-2+b1 [115 kB]
Get:29 https://deb.debian.org/debian trixie/main arm64 libxcb-shm0 arm64 1.17.0-2+b1 [105 kB]
Get:30 https://deb.debian.org/debian trixie/main arm64 libxrender1 arm64 1:0.9.12-1 [27.0 kB]
Get:31 https://deb.debian.org/debian trixie/main arm64 libcairo2 arm64 1.18.4-1+b1 [483 kB]
Get:32 https://deb.debian.org/debian trixie/main arm64 libcodec2-1.2 arm64 1.2.0-3 [8163 kB]
Get:33 https://deb.debian.org/debian trixie/main arm64 libdav1d7 arm64 1.5.1-1 [252 kB]
Get:34 https://deb.debian.org/debian trixie/main arm64 libatomic1 arm64 14.2.0-19 [10.1 kB]
Get:35 https://deb.debian.org/debian trixie/main arm64 libglib2.0-0t64 arm64 2.84.4-3~deb13u5 [1429 kB]
Get:36 https://deb.debian.org/debian trixie/main arm64 libgsm1 arm64 1.0.22-1+b2 [27.3 kB]
Get:37 https://deb.debian.org/debian trixie/main arm64 libhwy1t64 arm64 1.2.0-2+b2 [499 kB]
Get:38 https://deb.debian.org/debian trixie/main arm64 liblcms2-2 arm64 2.16-2+deb13u2 [152 kB]
Get:39 https://deb.debian.org/debian trixie/main arm64 libjxl0.11 arm64 0.11.2-0.1~deb13u2 [887 kB]
Get:40 https://deb.debian.org/debian trixie/main arm64 libmp3lame0 arm64 3.100-6+b3 [355 kB]
Get:41 https://deb.debian.org/debian trixie/main arm64 libopenjp2-7 arm64 2.5.3-2.1~deb13u2 [189 kB]
Get:42 https://deb.debian.org/debian trixie/main arm64 libopus0 arm64 1.5.2-2 [2813 kB]
Get:43 https://deb.debian.org/debian trixie/main arm64 librav1e0.7 arm64 0.7.1-9+b2 [662 kB]
Get:44 https://deb.debian.org/debian trixie/main arm64 libcairo-gobject2 arm64 1.18.4-1+b1 [130 kB]
Get:45 https://deb.debian.org/debian trixie/main arm64 libgdk-pixbuf2.0-common all 2.42.12+dfsg-4+deb13u1 [312 kB]
Get:46 https://deb.debian.org/debian trixie/main arm64 libxml2 arm64 2.12.7+dfsg+really2.9.14-2.1+deb13u3 [631 kB]
Get:47 https://deb.debian.org/debian trixie/main arm64 shared-mime-info arm64 2.4-5+b2 [756 kB]
Get:48 https://deb.debian.org/debian trixie/main arm64 libjpeg62-turbo arm64 1:2.1.5-4 [173 kB]
Get:49 https://deb.debian.org/debian trixie/main arm64 libdeflate0 arm64 1.23-2 [42.4 kB]
Get:50 https://deb.debian.org/debian trixie/main arm64 libjbig0 arm64 2.1-6.1+b2 [30.4 kB]
Get:51 https://deb.debian.org/debian trixie/main arm64 liblerc4 arm64 4.0.0+ds-5 [146 kB]
Get:52 https://deb.debian.org/debian trixie/main arm64 libsharpyuv0 arm64 1.5.0-0.1 [114 kB]
Get:53 https://deb.debian.org/debian trixie/main arm64 libwebp7 arm64 1.5.0-0.1 [271 kB]
Get:54 https://deb.debian.org/debian trixie/main arm64 libtiff6 arm64 4.7.0-3+deb13u3 [325 kB]
Get:55 https://deb.debian.org/debian trixie/main arm64 libgdk-pixbuf-2.0-0 arm64 2.42.12+dfsg-4+deb13u1 [131 kB]
Get:56 https://deb.debian.org/debian trixie/main arm64 fontconfig arm64 2.15.0-2.3 [463 kB]
Get:57 https://deb.debian.org/debian trixie/main arm64 libfribidi0 arm64 1.0.16-1 [26.5 kB]
Get:58 https://deb.debian.org/debian trixie/main arm64 libgraphite2-3 arm64 1.3.14-2+deb13u1 [70.3 kB]
Get:59 https://deb.debian.org/debian trixie/main arm64 libharfbuzz0b arm64 10.2.0-1+deb13u1 [442 kB]
Get:60 https://deb.debian.org/debian trixie/main arm64 libthai-data all 0.1.29-2 [168 kB]
Get:61 https://deb.debian.org/debian trixie/main arm64 libdatrie1 arm64 0.2.13-3+b1 [37.6 kB]
Get:62 https://deb.debian.org/debian trixie/main arm64 libthai0 arm64 0.1.29-2+b1 [48.4 kB]
Get:63 https://deb.debian.org/debian trixie/main arm64 libpango-1.0-0 arm64 1.56.3-1 [213 kB]
Get:64 https://deb.debian.org/debian trixie/main arm64 libpangoft2-1.0-0 arm64 1.56.3-1 [52.9 kB]
Get:65 https://deb.debian.org/debian trixie/main arm64 libpangocairo-1.0-0 arm64 1.56.3-1 [33.7 kB]
Get:66 https://deb.debian.org/debian trixie/main arm64 librsvg2-2 arm64 2.60.0+dfsg-1 [1588 kB]
Get:67 https://deb.debian.org/debian trixie/main arm64 libshine3 arm64 3.1.1-2+b2 [24.6 kB]
Get:68 https://deb.debian.org/debian trixie/main arm64 libsnappy1v5 arm64 1.2.2-1 [28.3 kB]
Get:69 https://deb.debian.org/debian trixie/main arm64 libspeex1 arm64 1.2.1-3 [50.4 kB]
Get:70 https://deb.debian.org/debian trixie/main arm64 libsvtav1enc2 arm64 2.3.0+dfsg-1 [1558 kB]
Get:71 https://deb.debian.org/debian trixie/main arm64 libgomp1 arm64 14.2.0-19 [124 kB]
Get:72 https://deb.debian.org/debian trixie/main arm64 libsoxr0 arm64 0.1.3-4+b2 [54.9 kB]
Get:73 https://deb.debian.org/debian trixie/main arm64 libswresample5 arm64 7:7.1.5-0+deb13u1 [102 kB]
Get:74 https://deb.debian.org/debian trixie/main arm64 libtheoradec1 arm64 1.2.0~alpha1+dfsg-6 [52.6 kB]
Get:75 https://deb.debian.org/debian trixie/main arm64 libogg0 arm64 1.3.5-3+b2 [23.6 kB]
Get:76 https://deb.debian.org/debian trixie/main arm64 libtheoraenc1 arm64 1.2.0~alpha1+dfsg-6 [99.1 kB]
Get:77 https://deb.debian.org/debian trixie/main arm64 libtwolame0 arm64 0.4.0-2+b2 [49.3 kB]
Get:78 https://deb.debian.org/debian trixie/main arm64 libvorbis0a arm64 1.3.7-3 [83.8 kB]
Get:79 https://deb.debian.org/debian trixie/main arm64 libvorbisenc2 arm64 1.3.7-3 [75.5 kB]
Get:80 https://deb.debian.org/debian trixie/main arm64 libvpx9 arm64 1.15.0-2.1+deb13u1 [1158 kB]
Get:81 https://deb.debian.org/debian trixie/main arm64 libwebpmux3 arm64 1.5.0-0.1 [125 kB]
Get:82 https://deb.debian.org/debian trixie/main arm64 libx264-164 arm64 2:0.164.3108+git31e19f9-2+b1 [454 kB]
Get:83 https://deb.debian.org/debian trixie/main arm64 libnuma1 arm64 2.0.19-1 [21.6 kB]
Get:84 https://deb.debian.org/debian trixie/main arm64 libx265-215 arm64 4.1-2 [1857 kB]
Get:85 https://deb.debian.org/debian trixie/main arm64 libxvidcore4 arm64 2:1.3.7-1+b2 [202 kB]
Get:86 https://deb.debian.org/debian trixie/main arm64 libzvbi-common all 0.2.44-1 [71.4 kB]
Get:87 https://deb.debian.org/debian trixie/main arm64 libzvbi0t64 arm64 0.2.44-1 [262 kB]
Get:88 https://deb.debian.org/debian trixie/main arm64 libavcodec61 arm64 7:7.1.5-0+deb13u1 [5395 kB]
Get:89 https://deb.debian.org/debian trixie/main arm64 libasound2-data all 1.2.14-1+deb13u1 [21.2 kB]
Get:90 https://deb.debian.org/debian trixie/main arm64 libasound2t64 arm64 1.2.14-1+deb13u1 [342 kB]
Get:91 https://deb.debian.org/debian trixie/main arm64 libraw1394-11 arm64 2.1.2-2+b2 [38.1 kB]
Get:92 https://deb.debian.org/debian trixie/main arm64 libavc1394-0 arm64 0.5.4-5+b2 [17.9 kB]
Get:93 https://deb.debian.org/debian trixie/main arm64 libunibreak6 arm64 6.1-3 [21.5 kB]
Get:94 https://deb.debian.org/debian trixie/main arm64 libass9 arm64 1:0.17.3-1+deb13u1 [101 kB]
Get:95 https://deb.debian.org/debian trixie/main arm64 libudfread0 arm64 1.1.2-1+b2 [17.3 kB]
Get:96 https://deb.debian.org/debian trixie/main arm64 libbluray2 arm64 1:1.3.4-1+b2 [126 kB]
Get:97 https://deb.debian.org/debian trixie/main arm64 libchromaprint1 arm64 1.5.1-7 [38.9 kB]
Get:98 https://deb.debian.org/debian trixie/main arm64 libdvdread8t64 arm64 6.1.3-2 [81.2 kB]
Get:99 https://deb.debian.org/debian trixie/main arm64 libdvdnav4 arm64 6.1.1-3+b1 [41.0 kB]
Get:100 https://deb.debian.org/debian trixie/main arm64 libgme0 arm64 0.6.3-7+b2 [120 kB]
Get:101 https://deb.debian.org/debian trixie/main arm64 libunistring5 arm64 1.3-2 [453 kB]
Get:102 https://deb.debian.org/debian trixie/main arm64 libidn2-0 arm64 2.3.8-2 [107 kB]
Get:103 https://deb.debian.org/debian trixie/main arm64 libp11-kit0 arm64 0.25.5-3 [409 kB]
Get:104 https://deb.debian.org/debian trixie/main arm64 libtasn1-6 arm64 4.20.0-2+deb13u1 [47.3 kB]
Get:105 https://deb.debian.org/debian trixie/main arm64 libgnutls30t64 arm64 3.8.9-3+deb13u4 [1379 kB]
Get:106 https://deb.debian.org/debian trixie/main arm64 libmpg123-0t64 arm64 1.32.10-1+deb13u1 [143 kB]
Get:107 https://deb.debian.org/debian trixie/main arm64 libvorbisfile3 arm64 1.3.7-3 [20.1 kB]
Get:108 https://deb.debian.org/debian trixie/main arm64 libopenmpt0t64 arm64 0.7.13-1+b1 [745 kB]
Get:109 https://deb.debian.org/debian trixie/main arm64 librabbitmq4 arm64 0.15.0-1+deb13u2 [41.5 kB]
Get:110 https://deb.debian.org/debian trixie/main arm64 libcjson1 arm64 1.7.18-3.1+deb13u1 [29.0 kB]
Get:111 https://deb.debian.org/debian trixie/main arm64 libmbedcrypto16 arm64 3.6.6-0.1~deb13u1 [351 kB]
Get:112 https://deb.debian.org/debian trixie/main arm64 librist4 arm64 0.2.11+dfsg-1 [69.0 kB]
Get:113 https://deb.debian.org/debian trixie/main arm64 libsrt1.5-gnutls arm64 1.5.4-1+deb13u1 [301 kB]
Get:114 https://deb.debian.org/debian trixie/main arm64 libkrb5support0 arm64 1.21.3-5+deb13u1 [32.5 kB]
Get:115 https://deb.debian.org/debian trixie/main arm64 libcom-err2 arm64 1.47.2-3+b12 [24.9 kB]
Get:116 https://deb.debian.org/debian trixie/main arm64 libk5crypto3 arm64 1.21.3-5+deb13u1 [81.4 kB]
Get:117 https://deb.debian.org/debian trixie/main arm64 libkeyutils1 arm64 1.6.3-6 [9716 B]
Get:118 https://deb.debian.org/debian trixie/main arm64 libkrb5-3 arm64 1.21.3-5+deb13u1 [308 kB]
Get:119 https://deb.debian.org/debian trixie/main arm64 libgssapi-krb5-2 arm64 1.21.3-5+deb13u1 [128 kB]
Get:120 https://deb.debian.org/debian trixie/main arm64 libssh-4 arm64 0.11.5-0+deb13u1 [199 kB]
Get:121 https://deb.debian.org/debian trixie/main arm64 libnorm1t64 arm64 1.5.9+dfsg-3.1+b2 [205 kB]
Get:122 https://deb.debian.org/debian trixie/main arm64 libpgm-5.3-0t64 arm64 5.3.128~dfsg-2.1+b1 [152 kB]
Get:123 https://deb.debian.org/debian trixie/main arm64 libsodium23 arm64 1.0.18-1+deb13u1 [120 kB]
Get:124 https://deb.debian.org/debian trixie/main arm64 libzmq5 arm64 4.3.5-1+b3 [253 kB]
Get:125 https://deb.debian.org/debian trixie/main arm64 libavformat61 arm64 7:7.1.5-0+deb13u1 [1140 kB]
Get:126 https://deb.debian.org/debian trixie/main arm64 libbs2b0 arm64 3.1.0+dfsg-8+b1 [11.4 kB]
Get:127 https://deb.debian.org/debian trixie/main arm64 libflite1 arm64 2.2-7 [12.8 MB]
Get:128 https://deb.debian.org/debian trixie/main arm64 libserd-0-0 arm64 0.32.4-1 [45.6 kB]
Get:129 https://deb.debian.org/debian trixie/main arm64 libzix-0-0 arm64 0.6.2-1 [22.5 kB]
Get:130 https://deb.debian.org/debian trixie/main arm64 libsord-0-0 arm64 0.16.18-1 [17.3 kB]
Get:131 https://deb.debian.org/debian trixie/main arm64 libsratom-0-0 arm64 0.6.18-1 [16.0 kB]
Get:132 https://deb.debian.org/debian trixie/main arm64 liblilv-0-0 arm64 0.24.26-1 [41.7 kB]
Get:133 https://deb.debian.org/debian trixie/main arm64 libmysofa1 arm64 1.3.3+dfsg-1 [1157 kB]
Get:134 https://deb.debian.org/debian trixie/main arm64 libvulkan1 arm64 1.4.309.0-1 [127 kB]
Get:135 https://deb.debian.org/debian trixie/main arm64 libplacebo349 arm64 7.349.0-3 [2275 kB]
Get:136 https://deb.debian.org/debian trixie/main arm64 libblas3 arm64 3.12.1-6 [104 kB]
Get:137 https://deb.debian.org/debian trixie/main arm64 libgfortran5 arm64 14.2.0-19 [361 kB]
Get:138 https://deb.debian.org/debian trixie/main arm64 liblapack3 arm64 3.12.1-6 [1820 kB]
Get:139 https://deb.debian.org/debian trixie/main arm64 libasyncns0 arm64 0.8-6+b5 [11.7 kB]
Get:140 https://deb.debian.org/debian trixie/main arm64 libdbus-1-3 arm64 1.16.2-2 [169 kB]
Get:141 https://deb.debian.org/debian trixie/main arm64 libflac14 arm64 1.5.0+ds-2 [180 kB]
Get:142 https://deb.debian.org/debian trixie/main arm64 libsndfile1 arm64 1.2.2-2+deb13u1 [186 kB]
Get:143 https://deb.debian.org/debian trixie/main arm64 libpulse0 arm64 17.0+dfsg1-2+b1 [236 kB]
Get:144 https://deb.debian.org/debian trixie/main arm64 libsphinxbase3t64 arm64 0.8+5prealpha+1-21+b1 [112 kB]
Get:145 https://deb.debian.org/debian trixie/main arm64 libpocketsphinx3 arm64 0.8+5prealpha+1-15+b4 [115 kB]
Get:146 https://deb.debian.org/debian trixie/main arm64 libpostproc58 arm64 7:7.1.5-0+deb13u1 [86.9 kB]
Get:147 https://deb.debian.org/debian trixie/main arm64 libfftw3-double3 arm64 3.3.10-2+b1 [337 kB]
Get:148 https://deb.debian.org/debian trixie/main arm64 libsamplerate0 arm64 0.2.2-4+b2 [945 kB]
Get:149 https://deb.debian.org/debian trixie/main arm64 librubberband2 arm64 3.3.0+dfsg-2+b3 [123 kB]
Get:150 https://deb.debian.org/debian trixie/main arm64 libswscale8 arm64 7:7.1.5-0+deb13u1 [215 kB]
Get:151 https://deb.debian.org/debian trixie/main arm64 libvidstab1.1 arm64 1.1.0-2+b2 [36.8 kB]
Get:152 https://deb.debian.org/debian trixie/main arm64 libzimg2 arm64 3.0.5+ds1-1+b2 [117 kB]
Get:153 https://deb.debian.org/debian trixie/main arm64 libavfilter10 arm64 7:7.1.5-0+deb13u1 [3697 kB]
Get:154 https://deb.debian.org/debian trixie/main arm64 libslang2 arm64 2.3.3-5+b2 [506 kB]
Get:155 https://deb.debian.org/debian trixie/main arm64 libcaca0 arm64 0.99.beta20-5+deb13u1 [196 kB]
Get:156 https://deb.debian.org/debian trixie/main arm64 libcdio19t64 arm64 2.2.0-4.1~deb13u1 [59.3 kB]
Get:157 https://deb.debian.org/debian trixie/main arm64 libcdio-cdda2t64 arm64 10.2+2.0.2-1+b1 [17.2 kB]
Get:158 https://deb.debian.org/debian trixie/main arm64 libcdio-paranoia2t64 arm64 10.2+2.0.2-1+b1 [16.5 kB]
Get:159 https://deb.debian.org/debian trixie/main arm64 libusb-1.0-0 arm64 2:1.0.28-1 [56.1 kB]
Get:160 https://deb.debian.org/debian trixie/main arm64 libdc1394-25 arm64 2.2.6-5 [106 kB]
Get:161 https://deb.debian.org/debian trixie/main arm64 libglvnd0 arm64 1.7.0-1+b2 [41.6 kB]
Get:162 https://deb.debian.org/debian trixie/main arm64 libxcb-glx0 arm64 1.17.0-2+b1 [123 kB]
Get:163 https://deb.debian.org/debian trixie/main arm64 libxcb-present0 arm64 1.17.0-2+b1 [106 kB]
Get:164 https://deb.debian.org/debian trixie/main arm64 libxcb-xfixes0 arm64 1.17.0-2+b1 [110 kB]
Get:165 https://deb.debian.org/debian trixie/main arm64 libxxf86vm1 arm64 1:1.1.4-1+b4 [19.2 kB]
Get:166 https://deb.debian.org/debian trixie/main arm64 libdrm-amdgpu1 arm64 2.4.124-2 [21.8 kB]
Get:167 https://deb.debian.org/debian trixie/main arm64 libelf1t64 arm64 0.192-4 [189 kB]
Get:168 https://deb.debian.org/debian trixie/main arm64 libedit2 arm64 3.1-20250104-1 [89.3 kB]
Get:169 https://deb.debian.org/debian trixie/main arm64 libz3-4 arm64 4.13.3-1 [7507 kB]
Get:170 https://deb.debian.org/debian trixie/main arm64 libllvm19 arm64 1:19.1.7-3+b1 [23.3 MB]
Get:171 https://deb.debian.org/debian trixie/main arm64 libsensors-config all 1:3.6.2-2 [16.2 kB]
Get:172 https://deb.debian.org/debian trixie/main arm64 libsensors5 arm64 1:3.6.2-2 [36.4 kB]
Get:173 https://deb.debian.org/debian trixie/main arm64 libxcb-randr0 arm64 1.17.0-2+b1 [117 kB]
Get:174 https://deb.debian.org/debian trixie/main arm64 libxcb-sync1 arm64 1.17.0-2+b1 [109 kB]
Get:175 https://deb.debian.org/debian trixie/main arm64 libxshmfence1 arm64 1.3.3-1 [11.1 kB]
Get:176 https://deb.debian.org/debian trixie/main arm64 mesa-libgallium arm64 25.0.7-2+deb13u1 [8033 kB]
Get:177 https://deb.debian.org/debian trixie/main arm64 libwayland-server0 arm64 1.23.1-3 [33.7 kB]
Get:178 https://deb.debian.org/debian trixie/main arm64 libgbm1 arm64 25.0.7-2+deb13u1 [44.1 kB]
Get:179 https://deb.debian.org/debian trixie/main arm64 libgl1-mesa-dri arm64 25.0.7-2+deb13u1 [45.9 kB]
Get:180 https://deb.debian.org/debian trixie/main arm64 libglx-mesa0 arm64 25.0.7-2+deb13u1 [142 kB]
Get:181 https://deb.debian.org/debian trixie/main arm64 libglx0 arm64 1.7.0-1+b2 [31.1 kB]
Get:182 https://deb.debian.org/debian trixie/main arm64 libgl1 arm64 1.7.0-1+b2 [90.9 kB]
Get:183 https://deb.debian.org/debian trixie/main arm64 libiec61883-0 arm64 1.2.0-7 [29.1 kB]
Get:184 https://deb.debian.org/debian trixie/main arm64 libjack-jackd2-0 arm64 1.9.22~dfsg-4 [265 kB]
Get:185 https://deb.debian.org/debian trixie/main arm64 libopenal-data all 1:1.24.2-1 [168 kB]
Get:186 https://deb.debian.org/debian trixie/main arm64 libopenal1 arm64 1:1.24.2-1 [577 kB]
Get:187 https://deb.debian.org/debian trixie/main arm64 libwayland-client0 arm64 1.23.1-3 [26.1 kB]
Get:188 https://deb.debian.org/debian trixie/main arm64 libdecor-0-0 arm64 0.2.2-2 [15.2 kB]
Get:189 https://deb.debian.org/debian trixie/main arm64 libwayland-cursor0 arm64 1.23.1-3 [11.7 kB]
Get:190 https://deb.debian.org/debian trixie/main arm64 libwayland-egl1 arm64 1.23.1-3 [5952 B]
Get:191 https://deb.debian.org/debian trixie/main arm64 libxcursor1 arm64 1:1.2.3-1 [39.3 kB]
Get:192 https://deb.debian.org/debian trixie/main arm64 libxi6 arm64 2:1.8.2-1 [77.8 kB]
Get:193 https://deb.debian.org/debian trixie/main arm64 xkb-data all 2.42-1 [790 kB]
Get:194 https://deb.debian.org/debian trixie/main arm64 libxkbcommon0 arm64 1.7.0-2 [106 kB]
Get:195 https://deb.debian.org/debian trixie/main arm64 libxrandr2 arm64 2:1.5.4-1+b3 [35.9 kB]
Get:196 https://deb.debian.org/debian trixie/main arm64 x11-common all 1:7.7+24+deb13u1 [217 kB]
Get:197 https://deb.debian.org/debian trixie/main arm64 libxss1 arm64 1:1.2.3-1+b3 [17.1 kB]
Get:198 https://deb.debian.org/debian trixie/main arm64 libsdl2-2.0-0 arm64 2.32.4+dfsg-1 [603 kB]
Get:199 https://deb.debian.org/debian trixie/main arm64 libxcb-shape0 arm64 1.17.0-2+b1 [106 kB]
Get:200 https://deb.debian.org/debian trixie/main arm64 libxv1 arm64 2:1.0.11-1.1+b3 [23.3 kB]
Get:201 https://deb.debian.org/debian trixie/main arm64 libavdevice61 arm64 7:7.1.5-0+deb13u1 [123 kB]
Get:202 https://deb.debian.org/debian trixie/main arm64 ffmpeg arm64 7:7.1.5-0+deb13u1 [1990 kB]
[91mdebconf: unable to initialize frontend: Dialog
debconf: (TERM is not set, so the dialog frontend is not usable.)
debconf: falling back to frontend: Readline
[0m[91mdebconf: unable to initialize frontend: Readline
debconf: (Can't locate Term/ReadLine.pm in @INC (you may need to install the Term::ReadLine module) (@INC entries checked: /etc/perl /usr/local/lib/aarch64-linux-gnu/perl/5.40.1 /usr/local/share/perl/5.40.1 /usr/lib/aarch64-linux-gnu/perl5/5.40 /usr/share/perl5 /usr/lib/aarch64-linux-gnu/perl-base /usr/lib/aarch64-linux-gnu/perl/5.40 /usr/share/perl/5.40 /usr/local/lib/site_perl) at /usr/share/perl5/Debconf/FrontEnd/Readline.pm line 8, <STDIN> line 202.)
debconf: falling back to frontend: Teletype
[0m[91mdebconf: unable to initialize frontend: Teletype
debconf: (This frontend requires a controlling tty.)
debconf: falling back to frontend: Noninteractive
[0mPreconfiguring packages ...
Fetched 121 MB in 1min 49s (1107 kB/s)
Selecting previously unselected package libexpat1:arm64.
(Reading database ... (Reading database ... 5%(Reading database ... 10%(Reading database ... 15%(Reading database ... 20%(Reading database ... 25%(Reading database ... 30%(Reading database ... 35%(Reading database ... 40%(Reading database ... 45%(Reading database ... 50%(Reading database ... 55%(Reading database ... 60%(Reading database ... 65%(Reading database ... 70%(Reading database ... 75%(Reading database ... 80%(Reading database ... 85%(Reading database ... 90%(Reading database ... 95%(Reading database ... 100%(Reading database ... 5657 files and directories currently installed.)
Preparing to unpack .../000-libexpat1_2.8.3-1~deb13u1_arm64.deb ...
Unpacking libexpat1:arm64 (2.8.3-1~deb13u1) ...
Selecting previously unselected package libaom3:arm64.
Preparing to unpack .../001-libaom3_3.12.1-1+deb13u1_arm64.deb ...
Unpacking libaom3:arm64 (3.12.1-1+deb13u1) ...
Selecting previously unselected package libdrm-common.
Preparing to unpack .../002-libdrm-common_2.4.124-2_all.deb ...
Unpacking libdrm-common (2.4.124-2) ...
Selecting previously unselected package libdrm2:arm64.
Preparing to unpack .../003-libdrm2_2.4.124-2_arm64.deb ...
Unpacking libdrm2:arm64 (2.4.124-2) ...
Selecting previously unselected package libva2:arm64.
Preparing to unpack .../004-libva2_2.22.0-3_arm64.deb ...
Unpacking libva2:arm64 (2.22.0-3) ...
Selecting previously unselected package libva-drm2:arm64.
Preparing to unpack .../005-libva-drm2_2.22.0-3_arm64.deb ...
Unpacking libva-drm2:arm64 (2.22.0-3) ...
Selecting previously unselected package libxau6:arm64.
Preparing to unpack .../006-libxau6_1%3a1.0.11-1_arm64.deb ...
Unpacking libxau6:arm64 (1:1.0.11-1) ...
Selecting previously unselected package libxdmcp6:arm64.
Preparing to unpack .../007-libxdmcp6_1%3a1.1.5-1_arm64.deb ...
Unpacking libxdmcp6:arm64 (1:1.1.5-1) ...
Selecting previously unselected package libxcb1:arm64.
Preparing to unpack .../008-libxcb1_1.17.0-2+b1_arm64.deb ...
Unpacking libxcb1:arm64 (1.17.0-2+b1) ...
Selecting previously unselected package libx11-data.
Preparing to unpack .../009-libx11-data_2%3a1.8.12-1_all.deb ...
Unpacking libx11-data (2:1.8.12-1) ...
Selecting previously unselected package libx11-6:arm64.
Preparing to unpack .../010-libx11-6_2%3a1.8.12-1_arm64.deb ...
Unpacking libx11-6:arm64 (2:1.8.12-1) ...
Selecting previously unselected package libx11-xcb1:arm64.
Preparing to unpack .../011-libx11-xcb1_2%3a1.8.12-1_arm64.deb ...
Unpacking libx11-xcb1:arm64 (2:1.8.12-1) ...
Selecting previously unselected package libxcb-dri3-0:arm64.
Preparing to unpack .../012-libxcb-dri3-0_1.17.0-2+b1_arm64.deb ...
Unpacking libxcb-dri3-0:arm64 (1.17.0-2+b1) ...
Selecting previously unselected package libxext6:arm64.
Preparing to unpack .../013-libxext6_2%3a1.3.4-1+b3_arm64.deb ...
Unpacking libxext6:arm64 (2:1.3.4-1+b3) ...
Selecting previously unselected package libxfixes3:arm64.
Preparing to unpack .../014-libxfixes3_1%3a6.0.0-2+b4_arm64.deb ...
Unpacking libxfixes3:arm64 (1:6.0.0-2+b4) ...
Selecting previously unselected package libva-x11-2:arm64.
Preparing to unpack .../015-libva-x11-2_2.22.0-3_arm64.deb ...
Unpacking libva-x11-2:arm64 (2.22.0-3) ...
Selecting previously unselected package libvdpau1:arm64.
Preparing to unpack .../016-libvdpau1_1.5-3+b1_arm64.deb ...
Unpacking libvdpau1:arm64 (1.5-3+b1) ...
Selecting previously unselected package ocl-icd-libopencl1:arm64.
Preparing to unpack .../017-ocl-icd-libopencl1_2.3.3-1_arm64.deb ...
Unpacking ocl-icd-libopencl1:arm64 (2.3.3-1) ...
Selecting previously unselected package libavutil59:arm64.
Preparing to unpack .../018-libavutil59_7%3a7.1.5-0+deb13u1_arm64.deb ...
Unpacking libavutil59:arm64 (7:7.1.5-0+deb13u1) ...
Selecting previously unselected package libbrotli1:arm64.
Preparing to unpack .../019-libbrotli1_1.1.0-2+b7_arm64.deb ...
Unpacking libbrotli1:arm64 (1.1.0-2+b7) ...
Selecting previously unselected package libpng16-16t64:arm64.
Preparing to unpack .../020-libpng16-16t64_1.6.48-1+deb13u5_arm64.deb ...
Unpacking libpng16-16t64:arm64 (1.6.48-1+deb13u5) ...
Selecting previously unselected package libfreetype6:arm64.
Preparing to unpack .../021-libfreetype6_2.13.3+dfsg-1+deb13u1_arm64.deb ...
Unpacking libfreetype6:arm64 (2.13.3+dfsg-1+deb13u1) ...
Selecting previously unselected package fonts-dejavu-mono.
Preparing to unpack .../022-fonts-dejavu-mono_2.37-8_all.deb ...
Unpacking fonts-dejavu-mono (2.37-8) ...
Selecting previously unselected package fonts-dejavu-core.
Preparing to unpack .../023-fonts-dejavu-core_2.37-8_all.deb ...
Unpacking fonts-dejavu-core (2.37-8) ...
Selecting previously unselected package fontconfig-config.
Preparing to unpack .../024-fontconfig-config_2.15.0-2.3_arm64.deb ...
Unpacking fontconfig-config (2.15.0-2.3) ...
Selecting previously unselected package libfontconfig1:arm64.
Preparing to unpack .../025-libfontconfig1_2.15.0-2.3_arm64.deb ...
Unpacking libfontconfig1:arm64 (2.15.0-2.3) ...
Selecting previously unselected package libpixman-1-0:arm64.
Preparing to unpack .../026-libpixman-1-0_0.44.0-3_arm64.deb ...
Unpacking libpixman-1-0:arm64 (0.44.0-3) ...
Selecting previously unselected package libxcb-render0:arm64.
Preparing to unpack .../027-libxcb-render0_1.17.0-2+b1_arm64.deb ...
Unpacking libxcb-render0:arm64 (1.17.0-2+b1) ...
Selecting previously unselected package libxcb-shm0:arm64.
Preparing to unpack .../028-libxcb-shm0_1.17.0-2+b1_arm64.deb ...
Unpacking libxcb-shm0:arm64 (1.17.0-2+b1) ...
Selecting previously unselected package libxrender1:arm64.
Preparing to unpack .../029-libxrender1_1%3a0.9.12-1_arm64.deb ...
Unpacking libxrender1:arm64 (1:0.9.12-1) ...
Selecting previously unselected package libcairo2:arm64.
Preparing to unpack .../030-libcairo2_1.18.4-1+b1_arm64.deb ...
Unpacking libcairo2:arm64 (1.18.4-1+b1) ...
Selecting previously unselected package libcodec2-1.2:arm64.
Preparing to unpack .../031-libcodec2-1.2_1.2.0-3_arm64.deb ...
Unpacking libcodec2-1.2:arm64 (1.2.0-3) ...
Selecting previously unselected package libdav1d7:arm64.
Preparing to unpack .../032-libdav1d7_1.5.1-1_arm64.deb ...
Unpacking libdav1d7:arm64 (1.5.1-1) ...
Selecting previously unselected package libatomic1:arm64.
Preparing to unpack .../033-libatomic1_14.2.0-19_arm64.deb ...
Unpacking libatomic1:arm64 (14.2.0-19) ...
Selecting previously unselected package libglib2.0-0t64:arm64.
Preparing to unpack .../034-libglib2.0-0t64_2.84.4-3~deb13u5_arm64.deb ...
Unpacking libglib2.0-0t64:arm64 (2.84.4-3~deb13u5) ...
Selecting previously unselected package libgsm1:arm64.
Preparing to unpack .../035-libgsm1_1.0.22-1+b2_arm64.deb ...
Unpacking libgsm1:arm64 (1.0.22-1+b2) ...
Selecting previously unselected package libhwy1t64:arm64.
Preparing to unpack .../036-libhwy1t64_1.2.0-2+b2_arm64.deb ...
Unpacking libhwy1t64:arm64 (1.2.0-2+b2) ...
Selecting previously unselected package liblcms2-2:arm64.
Preparing to unpack .../037-liblcms2-2_2.16-2+deb13u2_arm64.deb ...
Unpacking liblcms2-2:arm64 (2.16-2+deb13u2) ...
Selecting previously unselected package libjxl0.11:arm64.
Preparing to unpack .../038-libjxl0.11_0.11.2-0.1~deb13u2_arm64.deb ...
Unpacking libjxl0.11:arm64 (0.11.2-0.1~deb13u2) ...
Selecting previously unselected package libmp3lame0:arm64.
Preparing to unpack .../039-libmp3lame0_3.100-6+b3_arm64.deb ...
Unpacking libmp3lame0:arm64 (3.100-6+b3) ...
Selecting previously unselected package libopenjp2-7:arm64.
Preparing to unpack .../040-libopenjp2-7_2.5.3-2.1~deb13u2_arm64.deb ...
Unpacking libopenjp2-7:arm64 (2.5.3-2.1~deb13u2) ...
Selecting previously unselected package libopus0:arm64.
Preparing to unpack .../041-libopus0_1.5.2-2_arm64.deb ...
Unpacking libopus0:arm64 (1.5.2-2) ...
Selecting previously unselected package librav1e0.7:arm64.
Preparing to unpack .../042-librav1e0.7_0.7.1-9+b2_arm64.deb ...
Unpacking librav1e0.7:arm64 (0.7.1-9+b2) ...
Selecting previously unselected package libcairo-gobject2:arm64.
Preparing to unpack .../043-libcairo-gobject2_1.18.4-1+b1_arm64.deb ...
Unpacking libcairo-gobject2:arm64 (1.18.4-1+b1) ...
Selecting previously unselected package libgdk-pixbuf2.0-common.
Preparing to unpack .../044-libgdk-pixbuf2.0-common_2.42.12+dfsg-4+deb13u1_all.deb ...
Unpacking libgdk-pixbuf2.0-common (2.42.12+dfsg-4+deb13u1) ...
Selecting previously unselected package libxml2:arm64.
Preparing to unpack .../045-libxml2_2.12.7+dfsg+really2.9.14-2.1+deb13u3_arm64.deb ...
Unpacking libxml2:arm64 (2.12.7+dfsg+really2.9.14-2.1+deb13u3) ...
Selecting previously unselected package shared-mime-info.
Preparing to unpack .../046-shared-mime-info_2.4-5+b2_arm64.deb ...
Unpacking shared-mime-info (2.4-5+b2) ...
Selecting previously unselected package libjpeg62-turbo:arm64.
Preparing to unpack .../047-libjpeg62-turbo_1%3a2.1.5-4_arm64.deb ...
Unpacking libjpeg62-turbo:arm64 (1:2.1.5-4) ...
Selecting previously unselected package libdeflate0:arm64.
Preparing to unpack .../048-libdeflate0_1.23-2_arm64.deb ...
Unpacking libdeflate0:arm64 (1.23-2) ...
Selecting previously unselected package libjbig0:arm64.
Preparing to unpack .../049-libjbig0_2.1-6.1+b2_arm64.deb ...
Unpacking libjbig0:arm64 (2.1-6.1+b2) ...
Selecting previously unselected package liblerc4:arm64.
Preparing to unpack .../050-liblerc4_4.0.0+ds-5_arm64.deb ...
Unpacking liblerc4:arm64 (4.0.0+ds-5) ...
Selecting previously unselected package libsharpyuv0:arm64.
Preparing to unpack .../051-libsharpyuv0_1.5.0-0.1_arm64.deb ...
Unpacking libsharpyuv0:arm64 (1.5.0-0.1) ...
Selecting previously unselected package libwebp7:arm64.
Preparing to unpack .../052-libwebp7_1.5.0-0.1_arm64.deb ...
Unpacking libwebp7:arm64 (1.5.0-0.1) ...
Selecting previously unselected package libtiff6:arm64.
Preparing to unpack .../053-libtiff6_4.7.0-3+deb13u3_arm64.deb ...
Unpacking libtiff6:arm64 (4.7.0-3+deb13u3) ...
Selecting previously unselected package libgdk-pixbuf-2.0-0:arm64.
Preparing to unpack .../054-libgdk-pixbuf-2.0-0_2.42.12+dfsg-4+deb13u1_arm64.deb ...
Unpacking libgdk-pixbuf-2.0-0:arm64 (2.42.12+dfsg-4+deb13u1) ...
Selecting previously unselected package fontconfig.
Preparing to unpack .../055-fontconfig_2.15.0-2.3_arm64.deb ...
Unpacking fontconfig (2.15.0-2.3) ...
Selecting previously unselected package libfribidi0:arm64.
Preparing to unpack .../056-libfribidi0_1.0.16-1_arm64.deb ...
Unpacking libfribidi0:arm64 (1.0.16-1) ...
Selecting previously unselected package libgraphite2-3:arm64.
Preparing to unpack .../057-libgraphite2-3_1.3.14-2+deb13u1_arm64.deb ...
Unpacking libgraphite2-3:arm64 (1.3.14-2+deb13u1) ...
Selecting previously unselected package libharfbuzz0b:arm64.
Preparing to unpack .../058-libharfbuzz0b_10.2.0-1+deb13u1_arm64.deb ...
Unpacking libharfbuzz0b:arm64 (10.2.0-1+deb13u1) ...
Selecting previously unselected package libthai-data.
Preparing to unpack .../059-libthai-data_0.1.29-2_all.deb ...
Unpacking libthai-data (0.1.29-2) ...
Selecting previously unselected package libdatrie1:arm64.
Preparing to unpack .../060-libdatrie1_0.2.13-3+b1_arm64.deb ...
Unpacking libdatrie1:arm64 (0.2.13-3+b1) ...
Selecting previously unselected package libthai0:arm64.
Preparing to unpack .../061-libthai0_0.1.29-2+b1_arm64.deb ...
Unpacking libthai0:arm64 (0.1.29-2+b1) ...
Selecting previously unselected package libpango-1.0-0:arm64.
Preparing to unpack .../062-libpango-1.0-0_1.56.3-1_arm64.deb ...
Unpacking libpango-1.0-0:arm64 (1.56.3-1) ...
Selecting previously unselected package libpangoft2-1.0-0:arm64.
Preparing to unpack .../063-libpangoft2-1.0-0_1.56.3-1_arm64.deb ...
Unpacking libpangoft2-1.0-0:arm64 (1.56.3-1) ...
Selecting previously unselected package libpangocairo-1.0-0:arm64.
Preparing to unpack .../064-libpangocairo-1.0-0_1.56.3-1_arm64.deb ...
Unpacking libpangocairo-1.0-0:arm64 (1.56.3-1) ...
Selecting previously unselected package librsvg2-2:arm64.
Preparing to unpack .../065-librsvg2-2_2.60.0+dfsg-1_arm64.deb ...
Unpacking librsvg2-2:arm64 (2.60.0+dfsg-1) ...
Selecting previously unselected package libshine3:arm64.
Preparing to unpack .../066-libshine3_3.1.1-2+b2_arm64.deb ...
Unpacking libshine3:arm64 (3.1.1-2+b2) ...
Selecting previously unselected package libsnappy1v5:arm64.
Preparing to unpack .../067-libsnappy1v5_1.2.2-1_arm64.deb ...
Unpacking libsnappy1v5:arm64 (1.2.2-1) ...
Selecting previously unselected package libspeex1:arm64.
Preparing to unpack .../068-libspeex1_1.2.1-3_arm64.deb ...
Unpacking libspeex1:arm64 (1.2.1-3) ...
Selecting previously unselected package libsvtav1enc2:arm64.
Preparing to unpack .../069-libsvtav1enc2_2.3.0+dfsg-1_arm64.deb ...
Unpacking libsvtav1enc2:arm64 (2.3.0+dfsg-1) ...
Selecting previously unselected package libgomp1:arm64.
Preparing to unpack .../070-libgomp1_14.2.0-19_arm64.deb ...
Unpacking libgomp1:arm64 (14.2.0-19) ...
Selecting previously unselected package libsoxr0:arm64.
Preparing to unpack .../071-libsoxr0_0.1.3-4+b2_arm64.deb ...
Unpacking libsoxr0:arm64 (0.1.3-4+b2) ...
Selecting previously unselected package libswresample5:arm64.
Preparing to unpack .../072-libswresample5_7%3a7.1.5-0+deb13u1_arm64.deb ...
Unpacking libswresample5:arm64 (7:7.1.5-0+deb13u1) ...
Selecting previously unselected package libtheoradec1:arm64.
Preparing to unpack .../073-libtheoradec1_1.2.0~alpha1+dfsg-6_arm64.deb ...
Unpacking libtheoradec1:arm64 (1.2.0~alpha1+dfsg-6) ...
Selecting previously unselected package libogg0:arm64.
Preparing to unpack .../074-libogg0_1.3.5-3+b2_arm64.deb ...
Unpacking libogg0:arm64 (1.3.5-3+b2) ...
Selecting previously unselected package libtheoraenc1:arm64.
Preparing to unpack .../075-libtheoraenc1_1.2.0~alpha1+dfsg-6_arm64.deb ...
Unpacking libtheoraenc1:arm64 (1.2.0~alpha1+dfsg-6) ...
Selecting previously unselected package libtwolame0:arm64.
Preparing to unpack .../076-libtwolame0_0.4.0-2+b2_arm64.deb ...
Unpacking libtwolame0:arm64 (0.4.0-2+b2) ...
Selecting previously unselected package libvorbis0a:arm64.
Preparing to unpack .../077-libvorbis0a_1.3.7-3_arm64.deb ...
Unpacking libvorbis0a:arm64 (1.3.7-3) ...
Selecting previously unselected package libvorbisenc2:arm64.
Preparing to unpack .../078-libvorbisenc2_1.3.7-3_arm64.deb ...
Unpacking libvorbisenc2:arm64 (1.3.7-3) ...
Selecting previously unselected package libvpx9:arm64.
Preparing to unpack .../079-libvpx9_1.15.0-2.1+deb13u1_arm64.deb ...
Unpacking libvpx9:arm64 (1.15.0-2.1+deb13u1) ...
Selecting previously unselected package libwebpmux3:arm64.
Preparing to unpack .../080-libwebpmux3_1.5.0-0.1_arm64.deb ...
Unpacking libwebpmux3:arm64 (1.5.0-0.1) ...
Selecting previously unselected package libx264-164:arm64.
Preparing to unpack .../081-libx264-164_2%3a0.164.3108+git31e19f9-2+b1_arm64.deb ...
Unpacking libx264-164:arm64 (2:0.164.3108+git31e19f9-2+b1) ...
Selecting previously unselected package libnuma1:arm64.
Preparing to unpack .../082-libnuma1_2.0.19-1_arm64.deb ...
Unpacking libnuma1:arm64 (2.0.19-1) ...
Selecting previously unselected package libx265-215:arm64.
Preparing to unpack .../083-libx265-215_4.1-2_arm64.deb ...
Unpacking libx265-215:arm64 (4.1-2) ...
Selecting previously unselected package libxvidcore4:arm64.
Preparing to unpack .../084-libxvidcore4_2%3a1.3.7-1+b2_arm64.deb ...
Unpacking libxvidcore4:arm64 (2:1.3.7-1+b2) ...
Selecting previously unselected package libzvbi-common.
Preparing to unpack .../085-libzvbi-common_0.2.44-1_all.deb ...
Unpacking libzvbi-common (0.2.44-1) ...
Selecting previously unselected package libzvbi0t64:arm64.
Preparing to unpack .../086-libzvbi0t64_0.2.44-1_arm64.deb ...
Unpacking libzvbi0t64:arm64 (0.2.44-1) ...
Selecting previously unselected package libavcodec61:arm64.
Preparing to unpack .../087-libavcodec61_7%3a7.1.5-0+deb13u1_arm64.deb ...
Unpacking libavcodec61:arm64 (7:7.1.5-0+deb13u1) ...
Selecting previously unselected package libasound2-data.
Preparing to unpack .../088-libasound2-data_1.2.14-1+deb13u1_all.deb ...
Unpacking libasound2-data (1.2.14-1+deb13u1) ...
Selecting previously unselected package libasound2t64:arm64.
Preparing to unpack .../089-libasound2t64_1.2.14-1+deb13u1_arm64.deb ...
Unpacking libasound2t64:arm64 (1.2.14-1+deb13u1) ...
Selecting previously unselected package libraw1394-11:arm64.
Preparing to unpack .../090-libraw1394-11_2.1.2-2+b2_arm64.deb ...
Unpacking libraw1394-11:arm64 (2.1.2-2+b2) ...
Selecting previously unselected package libavc1394-0:arm64.
Preparing to unpack .../091-libavc1394-0_0.5.4-5+b2_arm64.deb ...
Unpacking libavc1394-0:arm64 (0.5.4-5+b2) ...
Selecting previously unselected package libunibreak6:arm64.
Preparing to unpack .../092-libunibreak6_6.1-3_arm64.deb ...
Unpacking libunibreak6:arm64 (6.1-3) ...
Selecting previously unselected package libass9:arm64.
Preparing to unpack .../093-libass9_1%3a0.17.3-1+deb13u1_arm64.deb ...
Unpacking libass9:arm64 (1:0.17.3-1+deb13u1) ...
Selecting previously unselected package libudfread0:arm64.
Preparing to unpack .../094-libudfread0_1.1.2-1+b2_arm64.deb ...
Unpacking libudfread0:arm64 (1.1.2-1+b2) ...
Selecting previously unselected package libbluray2:arm64.
Preparing to unpack .../095-libbluray2_1%3a1.3.4-1+b2_arm64.deb ...
Unpacking libbluray2:arm64 (1:1.3.4-1+b2) ...
Selecting previously unselected package libchromaprint1:arm64.
Preparing to unpack .../096-libchromaprint1_1.5.1-7_arm64.deb ...
Unpacking libchromaprint1:arm64 (1.5.1-7) ...
Selecting previously unselected package libdvdread8t64:arm64.
Preparing to unpack .../097-libdvdread8t64_6.1.3-2_arm64.deb ...
Unpacking libdvdread8t64:arm64 (6.1.3-2) ...
Selecting previously unselected package libdvdnav4:arm64.
Preparing to unpack .../098-libdvdnav4_6.1.1-3+b1_arm64.deb ...
Unpacking libdvdnav4:arm64 (6.1.1-3+b1) ...
Selecting previously unselected package libgme0:arm64.
Preparing to unpack .../099-libgme0_0.6.3-7+b2_arm64.deb ...
Unpacking libgme0:arm64 (0.6.3-7+b2) ...
Selecting previously unselected package libunistring5:arm64.
Preparing to unpack .../100-libunistring5_1.3-2_arm64.deb ...
Unpacking libunistring5:arm64 (1.3-2) ...
Selecting previously unselected package libidn2-0:arm64.
Preparing to unpack .../101-libidn2-0_2.3.8-2_arm64.deb ...
Unpacking libidn2-0:arm64 (2.3.8-2) ...
Selecting previously unselected package libp11-kit0:arm64.
Preparing to unpack .../102-libp11-kit0_0.25.5-3_arm64.deb ...
Unpacking libp11-kit0:arm64 (0.25.5-3) ...
Selecting previously unselected package libtasn1-6:arm64.
Preparing to unpack .../103-libtasn1-6_4.20.0-2+deb13u1_arm64.deb ...
Unpacking libtasn1-6:arm64 (4.20.0-2+deb13u1) ...
Selecting previously unselected package libgnutls30t64:arm64.
Preparing to unpack .../104-libgnutls30t64_3.8.9-3+deb13u4_arm64.deb ...
Unpacking libgnutls30t64:arm64 (3.8.9-3+deb13u4) ...
Selecting previously unselected package libmpg123-0t64:arm64.
Preparing to unpack .../105-libmpg123-0t64_1.32.10-1+deb13u1_arm64.deb ...
Unpacking libmpg123-0t64:arm64 (1.32.10-1+deb13u1) ...
Selecting previously unselected package libvorbisfile3:arm64.
Preparing to unpack .../106-libvorbisfile3_1.3.7-3_arm64.deb ...
Unpacking libvorbisfile3:arm64 (1.3.7-3) ...
Selecting previously unselected package libopenmpt0t64:arm64.
Preparing to unpack .../107-libopenmpt0t64_0.7.13-1+b1_arm64.deb ...
Unpacking libopenmpt0t64:arm64 (0.7.13-1+b1) ...
Selecting previously unselected package librabbitmq4:arm64.
Preparing to unpack .../108-librabbitmq4_0.15.0-1+deb13u2_arm64.deb ...
Unpacking librabbitmq4:arm64 (0.15.0-1+deb13u2) ...
Selecting previously unselected package libcjson1:arm64.
Preparing to unpack .../109-libcjson1_1.7.18-3.1+deb13u1_arm64.deb ...
Unpacking libcjson1:arm64 (1.7.18-3.1+deb13u1) ...
Selecting previously unselected package libmbedcrypto16:arm64.
Preparing to unpack .../110-libmbedcrypto16_3.6.6-0.1~deb13u1_arm64.deb ...
Unpacking libmbedcrypto16:arm64 (3.6.6-0.1~deb13u1) ...
Selecting previously unselected package librist4:arm64.
Preparing to unpack .../111-librist4_0.2.11+dfsg-1_arm64.deb ...
Unpacking librist4:arm64 (0.2.11+dfsg-1) ...
Selecting previously unselected package libsrt1.5-gnutls:arm64.
Preparing to unpack .../112-libsrt1.5-gnutls_1.5.4-1+deb13u1_arm64.deb ...
Unpacking libsrt1.5-gnutls:arm64 (1.5.4-1+deb13u1) ...
Selecting previously unselected package libkrb5support0:arm64.
Preparing to unpack .../113-libkrb5support0_1.21.3-5+deb13u1_arm64.deb ...
Unpacking libkrb5support0:arm64 (1.21.3-5+deb13u1) ...
Selecting previously unselected package libcom-err2:arm64.
Preparing to unpack .../114-libcom-err2_1.47.2-3+b12_arm64.deb ...
Unpacking libcom-err2:arm64 (1.47.2-3+b12) ...
Selecting previously unselected package libk5crypto3:arm64.
Preparing to unpack .../115-libk5crypto3_1.21.3-5+deb13u1_arm64.deb ...
Unpacking libk5crypto3:arm64 (1.21.3-5+deb13u1) ...
Selecting previously unselected package libkeyutils1:arm64.
Preparing to unpack .../116-libkeyutils1_1.6.3-6_arm64.deb ...
Unpacking libkeyutils1:arm64 (1.6.3-6) ...
Selecting previously unselected package libkrb5-3:arm64.
Preparing to unpack .../117-libkrb5-3_1.21.3-5+deb13u1_arm64.deb ...
Unpacking libkrb5-3:arm64 (1.21.3-5+deb13u1) ...
Selecting previously unselected package libgssapi-krb5-2:arm64.
Preparing to unpack .../118-libgssapi-krb5-2_1.21.3-5+deb13u1_arm64.deb ...
Unpacking libgssapi-krb5-2:arm64 (1.21.3-5+deb13u1) ...
Selecting previously unselected package libssh-4:arm64.
Preparing to unpack .../119-libssh-4_0.11.5-0+deb13u1_arm64.deb ...
Unpacking libssh-4:arm64 (0.11.5-0+deb13u1) ...
Selecting previously unselected package libnorm1t64:arm64.
Preparing to unpack .../120-libnorm1t64_1.5.9+dfsg-3.1+b2_arm64.deb ...
Unpacking libnorm1t64:arm64 (1.5.9+dfsg-3.1+b2) ...
Selecting previously unselected package libpgm-5.3-0t64:arm64.
Preparing to unpack .../121-libpgm-5.3-0t64_5.3.128~dfsg-2.1+b1_arm64.deb ...
Unpacking libpgm-5.3-0t64:arm64 (5.3.128~dfsg-2.1+b1) ...
Selecting previously unselected package libsodium23:arm64.
Preparing to unpack .../122-libsodium23_1.0.18-1+deb13u1_arm64.deb ...
Unpacking libsodium23:arm64 (1.0.18-1+deb13u1) ...
Selecting previously unselected package libzmq5:arm64.
Preparing to unpack .../123-libzmq5_4.3.5-1+b3_arm64.deb ...
Unpacking libzmq5:arm64 (4.3.5-1+b3) ...
Selecting previously unselected package libavformat61:arm64.
Preparing to unpack .../124-libavformat61_7%3a7.1.5-0+deb13u1_arm64.deb ...
Unpacking libavformat61:arm64 (7:7.1.5-0+deb13u1) ...
Selecting previously unselected package libbs2b0:arm64.
Preparing to unpack .../125-libbs2b0_3.1.0+dfsg-8+b1_arm64.deb ...
Unpacking libbs2b0:arm64 (3.1.0+dfsg-8+b1) ...
Selecting previously unselected package libflite1:arm64.
Preparing to unpack .../126-libflite1_2.2-7_arm64.deb ...
Unpacking libflite1:arm64 (2.2-7) ...
Selecting previously unselected package libserd-0-0:arm64.
Preparing to unpack .../127-libserd-0-0_0.32.4-1_arm64.deb ...
Unpacking libserd-0-0:arm64 (0.32.4-1) ...
Selecting previously unselected package libzix-0-0:arm64.
Preparing to unpack .../128-libzix-0-0_0.6.2-1_arm64.deb ...
Unpacking libzix-0-0:arm64 (0.6.2-1) ...
Selecting previously unselected package libsord-0-0:arm64.
Preparing to unpack .../129-libsord-0-0_0.16.18-1_arm64.deb ...
Unpacking libsord-0-0:arm64 (0.16.18-1) ...
Selecting previously unselected package libsratom-0-0:arm64.
Preparing to unpack .../130-libsratom-0-0_0.6.18-1_arm64.deb ...
Unpacking libsratom-0-0:arm64 (0.6.18-1) ...
Selecting previously unselected package liblilv-0-0:arm64.
Preparing to unpack .../131-liblilv-0-0_0.24.26-1_arm64.deb ...
Unpacking liblilv-0-0:arm64 (0.24.26-1) ...
Selecting previously unselected package libmysofa1:arm64.
Preparing to unpack .../132-libmysofa1_1.3.3+dfsg-1_arm64.deb ...
Unpacking libmysofa1:arm64 (1.3.3+dfsg-1) ...
Selecting previously unselected package libvulkan1:arm64.
Preparing to unpack .../133-libvulkan1_1.4.309.0-1_arm64.deb ...
Unpacking libvulkan1:arm64 (1.4.309.0-1) ...
Selecting previously unselected package libplacebo349:arm64.
Preparing to unpack .../134-libplacebo349_7.349.0-3_arm64.deb ...
Unpacking libplacebo349:arm64 (7.349.0-3) ...
Selecting previously unselected package libblas3:arm64.
Preparing to unpack .../135-libblas3_3.12.1-6_arm64.deb ...
Unpacking libblas3:arm64 (3.12.1-6) ...
Selecting previously unselected package libgfortran5:arm64.
Preparing to unpack .../136-libgfortran5_14.2.0-19_arm64.deb ...
Unpacking libgfortran5:arm64 (14.2.0-19) ...
Selecting previously unselected package liblapack3:arm64.
Preparing to unpack .../137-liblapack3_3.12.1-6_arm64.deb ...
Unpacking liblapack3:arm64 (3.12.1-6) ...
Selecting previously unselected package libasyncns0:arm64.
Preparing to unpack .../138-libasyncns0_0.8-6+b5_arm64.deb ...
Unpacking libasyncns0:arm64 (0.8-6+b5) ...
Selecting previously unselected package libdbus-1-3:arm64.
Preparing to unpack .../139-libdbus-1-3_1.16.2-2_arm64.deb ...
Unpacking libdbus-1-3:arm64 (1.16.2-2) ...
Selecting previously unselected package libflac14:arm64.
Preparing to unpack .../140-libflac14_1.5.0+ds-2_arm64.deb ...
Unpacking libflac14:arm64 (1.5.0+ds-2) ...
Selecting previously unselected package libsndfile1:arm64.
Preparing to unpack .../141-libsndfile1_1.2.2-2+deb13u1_arm64.deb ...
Unpacking libsndfile1:arm64 (1.2.2-2+deb13u1) ...
Selecting previously unselected package libpulse0:arm64.
Preparing to unpack .../142-libpulse0_17.0+dfsg1-2+b1_arm64.deb ...
Unpacking libpulse0:arm64 (17.0+dfsg1-2+b1) ...
Selecting previously unselected package libsphinxbase3t64:arm64.
Preparing to unpack .../143-libsphinxbase3t64_0.8+5prealpha+1-21+b1_arm64.deb ...
Unpacking libsphinxbase3t64:arm64 (0.8+5prealpha+1-21+b1) ...
Selecting previously unselected package libpocketsphinx3:arm64.
Preparing to unpack .../144-libpocketsphinx3_0.8+5prealpha+1-15+b4_arm64.deb ...
Unpacking libpocketsphinx3:arm64 (0.8+5prealpha+1-15+b4) ...
Selecting previously unselected package libpostproc58:arm64.
Preparing to unpack .../145-libpostproc58_7%3a7.1.5-0+deb13u1_arm64.deb ...
Unpacking libpostproc58:arm64 (7:7.1.5-0+deb13u1) ...
Selecting previously unselected package libfftw3-double3:arm64.
Preparing to unpack .../146-libfftw3-double3_3.3.10-2+b1_arm64.deb ...
Unpacking libfftw3-double3:arm64 (3.3.10-2+b1) ...
Selecting previously unselected package libsamplerate0:arm64.
Preparing to unpack .../147-libsamplerate0_0.2.2-4+b2_arm64.deb ...
Unpacking libsamplerate0:arm64 (0.2.2-4+b2) ...
Selecting previously unselected package librubberband2:arm64.
Preparing to unpack .../148-librubberband2_3.3.0+dfsg-2+b3_arm64.deb ...
Unpacking librubberband2:arm64 (3.3.0+dfsg-2+b3) ...
Selecting previously unselected package libswscale8:arm64.
Preparing to unpack .../149-libswscale8_7%3a7.1.5-0+deb13u1_arm64.deb ...
Unpacking libswscale8:arm64 (7:7.1.5-0+deb13u1) ...
Selecting previously unselected package libvidstab1.1:arm64.
Preparing to unpack .../150-libvidstab1.1_1.1.0-2+b2_arm64.deb ...
Unpacking libvidstab1.1:arm64 (1.1.0-2+b2) ...
Selecting previously unselected package libzimg2:arm64.
Preparing to unpack .../151-libzimg2_3.0.5+ds1-1+b2_arm64.deb ...
Unpacking libzimg2:arm64 (3.0.5+ds1-1+b2) ...
Selecting previously unselected package libavfilter10:arm64.
Preparing to unpack .../152-libavfilter10_7%3a7.1.5-0+deb13u1_arm64.deb ...
Unpacking libavfilter10:arm64 (7:7.1.5-0+deb13u1) ...
Selecting previously unselected package libslang2:arm64.
Preparing to unpack .../153-libslang2_2.3.3-5+b2_arm64.deb ...
Unpacking libslang2:arm64 (2.3.3-5+b2) ...
Selecting previously unselected package libcaca0:arm64.
Preparing to unpack .../154-libcaca0_0.99.beta20-5+deb13u1_arm64.deb ...
Unpacking libcaca0:arm64 (0.99.beta20-5+deb13u1) ...
Selecting previously unselected package libcdio19t64:arm64.
Preparing to unpack .../155-libcdio19t64_2.2.0-4.1~deb13u1_arm64.deb ...
Unpacking libcdio19t64:arm64 (2.2.0-4.1~deb13u1) ...
Selecting previously unselected package libcdio-cdda2t64:arm64.
Preparing to unpack .../156-libcdio-cdda2t64_10.2+2.0.2-1+b1_arm64.deb ...
Unpacking libcdio-cdda2t64:arm64 (10.2+2.0.2-1+b1) ...
Selecting previously unselected package libcdio-paranoia2t64:arm64.
Preparing to unpack .../157-libcdio-paranoia2t64_10.2+2.0.2-1+b1_arm64.deb ...
Unpacking libcdio-paranoia2t64:arm64 (10.2+2.0.2-1+b1) ...
Selecting previously unselected package libusb-1.0-0:arm64.
Preparing to unpack .../158-libusb-1.0-0_2%3a1.0.28-1_arm64.deb ...
Unpacking libusb-1.0-0:arm64 (2:1.0.28-1) ...
Selecting previously unselected package libdc1394-25:arm64.
Preparing to unpack .../159-libdc1394-25_2.2.6-5_arm64.deb ...
Unpacking libdc1394-25:arm64 (2.2.6-5) ...
Selecting previously unselected package libglvnd0:arm64.
Preparing to unpack .../160-libglvnd0_1.7.0-1+b2_arm64.deb ...
Unpacking libglvnd0:arm64 (1.7.0-1+b2) ...
Selecting previously unselected package libxcb-glx0:arm64.
Preparing to unpack .../161-libxcb-glx0_1.17.0-2+b1_arm64.deb ...
Unpacking libxcb-glx0:arm64 (1.17.0-2+b1) ...
Selecting previously unselected package libxcb-present0:arm64.
Preparing to unpack .../162-libxcb-present0_1.17.0-2+b1_arm64.deb ...
Unpacking libxcb-present0:arm64 (1.17.0-2+b1) ...
Selecting previously unselected package libxcb-xfixes0:arm64.
Preparing to unpack .../163-libxcb-xfixes0_1.17.0-2+b1_arm64.deb ...
Unpacking libxcb-xfixes0:arm64 (1.17.0-2+b1) ...
Selecting previously unselected package libxxf86vm1:arm64.
Preparing to unpack .../164-libxxf86vm1_1%3a1.1.4-1+b4_arm64.deb ...
Unpacking libxxf86vm1:arm64 (1:1.1.4-1+b4) ...
Selecting previously unselected package libdrm-amdgpu1:arm64.
Preparing to unpack .../165-libdrm-amdgpu1_2.4.124-2_arm64.deb ...
Unpacking libdrm-amdgpu1:arm64 (2.4.124-2) ...
Selecting previously unselected package libelf1t64:arm64.
Preparing to unpack .../166-libelf1t64_0.192-4_arm64.deb ...
Unpacking libelf1t64:arm64 (0.192-4) ...
Selecting previously unselected package libedit2:arm64.
Preparing to unpack .../167-libedit2_3.1-20250104-1_arm64.deb ...
Unpacking libedit2:arm64 (3.1-20250104-1) ...
Selecting previously unselected package libz3-4:arm64.
Preparing to unpack .../168-libz3-4_4.13.3-1_arm64.deb ...
Unpacking libz3-4:arm64 (4.13.3-1) ...
Selecting previously unselected package libllvm19:arm64.
Preparing to unpack .../169-libllvm19_1%3a19.1.7-3+b1_arm64.deb ...
Unpacking libllvm19:arm64 (1:19.1.7-3+b1) ...
Selecting previously unselected package libsensors-config.
Preparing to unpack .../170-libsensors-config_1%3a3.6.2-2_all.deb ...
Unpacking libsensors-config (1:3.6.2-2) ...
Selecting previously unselected package libsensors5:arm64.
Preparing to unpack .../171-libsensors5_1%3a3.6.2-2_arm64.deb ...
Unpacking libsensors5:arm64 (1:3.6.2-2) ...
Selecting previously unselected package libxcb-randr0:arm64.
Preparing to unpack .../172-libxcb-randr0_1.17.0-2+b1_arm64.deb ...
Unpacking libxcb-randr0:arm64 (1.17.0-2+b1) ...
Selecting previously unselected package libxcb-sync1:arm64.
Preparing to unpack .../173-libxcb-sync1_1.17.0-2+b1_arm64.deb ...
Unpacking libxcb-sync1:arm64 (1.17.0-2+b1) ...
Selecting previously unselected package libxshmfence1:arm64.
Preparing to unpack .../174-libxshmfence1_1.3.3-1_arm64.deb ...
Unpacking libxshmfence1:arm64 (1.3.3-1) ...
Selecting previously unselected package mesa-libgallium:arm64.
Preparing to unpack .../175-mesa-libgallium_25.0.7-2+deb13u1_arm64.deb ...
Unpacking mesa-libgallium:arm64 (25.0.7-2+deb13u1) ...
Selecting previously unselected package libwayland-server0:arm64.
Preparing to unpack .../176-libwayland-server0_1.23.1-3_arm64.deb ...
Unpacking libwayland-server0:arm64 (1.23.1-3) ...
Selecting previously unselected package libgbm1:arm64.
Preparing to unpack .../177-libgbm1_25.0.7-2+deb13u1_arm64.deb ...
Unpacking libgbm1:arm64 (25.0.7-2+deb13u1) ...
Selecting previously unselected package libgl1-mesa-dri:arm64.
Preparing to unpack .../178-libgl1-mesa-dri_25.0.7-2+deb13u1_arm64.deb ...
Unpacking libgl1-mesa-dri:arm64 (25.0.7-2+deb13u1) ...
Selecting previously unselected package libglx-mesa0:arm64.
Preparing to unpack .../179-libglx-mesa0_25.0.7-2+deb13u1_arm64.deb ...
Unpacking libglx-mesa0:arm64 (25.0.7-2+deb13u1) ...
Selecting previously unselected package libglx0:arm64.
Preparing to unpack .../180-libglx0_1.7.0-1+b2_arm64.deb ...
Unpacking libglx0:arm64 (1.7.0-1+b2) ...
Selecting previously unselected package libgl1:arm64.
Preparing to unpack .../181-libgl1_1.7.0-1+b2_arm64.deb ...
Unpacking libgl1:arm64 (1.7.0-1+b2) ...
Selecting previously unselected package libiec61883-0:arm64.
Preparing to unpack .../182-libiec61883-0_1.2.0-7_arm64.deb ...
Unpacking libiec61883-0:arm64 (1.2.0-7) ...
Selecting previously unselected package libjack-jackd2-0:arm64.
Preparing to unpack .../183-libjack-jackd2-0_1.9.22~dfsg-4_arm64.deb ...
Unpacking libjack-jackd2-0:arm64 (1.9.22~dfsg-4) ...
Selecting previously unselected package libopenal-data.
Preparing to unpack .../184-libopenal-data_1%3a1.24.2-1_all.deb ...
Unpacking libopenal-data (1:1.24.2-1) ...
Selecting previously unselected package libopenal1:arm64.
Preparing to unpack .../185-libopenal1_1%3a1.24.2-1_arm64.deb ...
Unpacking libopenal1:arm64 (1:1.24.2-1) ...
Selecting previously unselected package libwayland-client0:arm64.
Preparing to unpack .../186-libwayland-client0_1.23.1-3_arm64.deb ...
Unpacking libwayland-client0:arm64 (1.23.1-3) ...
Selecting previously unselected package libdecor-0-0:arm64.
Preparing to unpack .../187-libdecor-0-0_0.2.2-2_arm64.deb ...
Unpacking libdecor-0-0:arm64 (0.2.2-2) ...
Selecting previously unselected package libwayland-cursor0:arm64.
Preparing to unpack .../188-libwayland-cursor0_1.23.1-3_arm64.deb ...
Unpacking libwayland-cursor0:arm64 (1.23.1-3) ...
Selecting previously unselected package libwayland-egl1:arm64.
Preparing to unpack .../189-libwayland-egl1_1.23.1-3_arm64.deb ...
Unpacking libwayland-egl1:arm64 (1.23.1-3) ...
Selecting previously unselected package libxcursor1:arm64.
Preparing to unpack .../190-libxcursor1_1%3a1.2.3-1_arm64.deb ...
Unpacking libxcursor1:arm64 (1:1.2.3-1) ...
Selecting previously unselected package libxi6:arm64.
Preparing to unpack .../191-libxi6_2%3a1.8.2-1_arm64.deb ...
Unpacking libxi6:arm64 (2:1.8.2-1) ...
Selecting previously unselected package xkb-data.
Preparing to unpack .../192-xkb-data_2.42-1_all.deb ...
Unpacking xkb-data (2.42-1) ...
Selecting previously unselected package libxkbcommon0:arm64.
Preparing to unpack .../193-libxkbcommon0_1.7.0-2_arm64.deb ...
Unpacking libxkbcommon0:arm64 (1.7.0-2) ...
Selecting previously unselected package libxrandr2:arm64.
Preparing to unpack .../194-libxrandr2_2%3a1.5.4-1+b3_arm64.deb ...
Unpacking libxrandr2:arm64 (2:1.5.4-1+b3) ...
Selecting previously unselected package x11-common.
Preparing to unpack .../195-x11-common_1%3a7.7+24+deb13u1_all.deb ...
Unpacking x11-common (1:7.7+24+deb13u1) ...
Selecting previously unselected package libxss1:arm64.
Preparing to unpack .../196-libxss1_1%3a1.2.3-1+b3_arm64.deb ...
Unpacking libxss1:arm64 (1:1.2.3-1+b3) ...
Selecting previously unselected package libsdl2-2.0-0:arm64.
Preparing to unpack .../197-libsdl2-2.0-0_2.32.4+dfsg-1_arm64.deb ...
Unpacking libsdl2-2.0-0:arm64 (2.32.4+dfsg-1) ...
Selecting previously unselected package libxcb-shape0:arm64.
Preparing to unpack .../198-libxcb-shape0_1.17.0-2+b1_arm64.deb ...
Unpacking libxcb-shape0:arm64 (1.17.0-2+b1) ...
Selecting previously unselected package libxv1:arm64.
Preparing to unpack .../199-libxv1_2%3a1.0.11-1.1+b3_arm64.deb ...
Unpacking libxv1:arm64 (2:1.0.11-1.1+b3) ...
Selecting previously unselected package libavdevice61:arm64.
Preparing to unpack .../200-libavdevice61_7%3a7.1.5-0+deb13u1_arm64.deb ...
Unpacking libavdevice61:arm64 (7:7.1.5-0+deb13u1) ...
Selecting previously unselected package ffmpeg.
Preparing to unpack .../201-ffmpeg_7%3a7.1.5-0+deb13u1_arm64.deb ...
Unpacking ffmpeg (7:7.1.5-0+deb13u1) ...
Setting up libgme0:arm64 (0.6.3-7+b2) ...
Setting up libchromaprint1:arm64 (1.5.1-7) ...
Setting up libhwy1t64:arm64 (1.2.0-2+b2) ...
Setting up libexpat1:arm64 (2.8.3-1~deb13u1) ...
Setting up libgraphite2-3:arm64 (1.3.14-2+deb13u1) ...
Setting up liblcms2-2:arm64 (2.16-2+deb13u2) ...
Setting up libpixman-1-0:arm64 (0.44.0-3) ...
Setting up libdvdread8t64:arm64 (6.1.3-2) ...
Setting up libudfread0:arm64 (1.1.2-1+b2) ...
Setting up libnorm1t64:arm64 (1.5.9+dfsg-3.1+b2) ...
Setting up libsharpyuv0:arm64 (1.5.0-0.1) ...
Setting up libwayland-server0:arm64 (1.23.1-3) ...
Setting up libaom3:arm64 (3.12.1-1+deb13u1) ...
Setting up librabbitmq4:arm64 (0.15.0-1+deb13u2) ...
Setting up libxau6:arm64 (1:1.0.11-1) ...
Setting up libxdmcp6:arm64 (1:1.1.5-1) ...
Setting up libraw1394-11:arm64 (2.1.2-2+b2) ...
Setting up libkeyutils1:arm64 (1.6.3-6) ...
Setting up libxcb1:arm64 (1.17.0-2+b1) ...
Setting up libsodium23:arm64 (1.0.18-1+deb13u1) ...
Setting up libxcb-xfixes0:arm64 (1.17.0-2+b1) ...
Setting up libogg0:arm64 (1.3.5-3+b2) ...
Setting up liblerc4:arm64 (4.0.0+ds-5) ...
Setting up libspeex1:arm64 (1.2.1-3) ...
Setting up libshine3:arm64 (3.1.1-2+b2) ...
Setting up libx264-164:arm64 (2:0.164.3108+git31e19f9-2+b1) ...
Setting up libtwolame0:arm64 (0.4.0-2+b2) ...
Setting up libdatrie1:arm64 (0.2.13-3+b1) ...
Setting up libgsm1:arm64 (1.0.22-1+b2) ...
Setting up libxcb-render0:arm64 (1.17.0-2+b1) ...
Setting up libzix-0-0:arm64 (0.6.2-1) ...
Setting up libglvnd0:arm64 (1.7.0-1+b2) ...
Setting up libcodec2-1.2:arm64 (1.2.0-3) ...
Setting up libxcb-glx0:arm64 (1.17.0-2+b1) ...
Setting up libbrotli1:arm64 (1.1.0-2+b7) ...
Setting up libedit2:arm64 (3.1-20250104-1) ...
Setting up libgdk-pixbuf2.0-common (2.42.12+dfsg-4+deb13u1) ...
Setting up libmysofa1:arm64 (1.3.3+dfsg-1) ...
Setting up libxcb-shape0:arm64 (1.17.0-2+b1) ...
Setting up x11-common (1:7.7+24+deb13u1) ...
debconf: unable to initialize frontend: Dialog
debconf: (TERM is not set, so the dialog frontend is not usable.)
debconf: falling back to frontend: Readline
debconf: unable to initialize frontend: Readline
debconf: (Can't locate Term/ReadLine.pm in @INC (you may need to install the Term::ReadLine module) (@INC entries checked: /etc/perl /usr/local/lib/aarch64-linux-gnu/perl/5.40.1 /usr/local/share/perl/5.40.1 /usr/lib/aarch64-linux-gnu/perl5/5.40 /usr/share/perl5 /usr/lib/aarch64-linux-gnu/perl-base /usr/lib/aarch64-linux-gnu/perl/5.40 /usr/share/perl/5.40 /usr/local/lib/site_perl) at /usr/share/perl5/Debconf/FrontEnd/Readline.pm line 8.)
debconf: falling back to frontend: Teletype
debconf: unable to initialize frontend: Teletype
debconf: (This frontend requires a controlling tty.)
debconf: falling back to frontend: Noninteractive
invoke-rc.d: could not determine current runlevel
invoke-rc.d: policy-rc.d denied execution of start.
Setting up libsensors-config (1:3.6.2-2) ...
Setting up libcdio19t64:arm64 (2.2.0-4.1~deb13u1) ...
Setting up libdeflate0:arm64 (1.23-2) ...
Setting up xkb-data (2.42-1) ...
Setting up libxcb-shm0:arm64 (1.17.0-2+b1) ...
Setting up libcom-err2:arm64 (1.47.2-3+b12) ...
Setting up libmpg123-0t64:arm64 (1.32.10-1+deb13u1) ...
Setting up libgomp1:arm64 (14.2.0-19) ...
Setting up libcjson1:arm64 (1.7.18-3.1+deb13u1) ...
Setting up libxvidcore4:arm64 (2:1.3.7-1+b2) ...
Setting up libjbig0:arm64 (2.1-6.1+b2) ...
Setting up libelf1t64:arm64 (0.192-4) ...
Setting up libsnappy1v5:arm64 (1.2.2-1) ...
Setting up libcdio-cdda2t64:arm64 (10.2+2.0.2-1+b1) ...
Setting up libkrb5support0:arm64 (1.21.3-5+deb13u1) ...
Setting up libxcb-present0:arm64 (1.17.0-2+b1) ...
Setting up libasound2-data (1.2.14-1+deb13u1) ...
Setting up libpgm-5.3-0t64:arm64 (5.3.128~dfsg-2.1+b1) ...
Setting up libtheoraenc1:arm64 (1.2.0~alpha1+dfsg-6) ...
Setting up libz3-4:arm64 (4.13.3-1) ...
Setting up libblas3:arm64 (3.12.1-6) ...
update-alternatives: using /usr/lib/aarch64-linux-gnu/blas/libblas.so.3 to provide /usr/lib/aarch64-linux-gnu/libblas.so.3 (libblas.so.3-aarch64-linux-gnu) in auto mode
Setting up libasound2t64:arm64 (1.2.14-1+deb13u1) ...
Setting up libjpeg62-turbo:arm64 (1:2.1.5-4) ...
Setting up libslang2:arm64 (2.3.3-5+b2) ...
Setting up libva2:arm64 (2.22.0-3) ...
Setting up libx11-data (2:1.8.12-1) ...
Setting up libsvtav1enc2:arm64 (2.3.0+dfsg-1) ...
Setting up libxcb-sync1:arm64 (1.17.0-2+b1) ...
Setting up libdbus-1-3:arm64 (1.16.2-2) ...
Setting up libfribidi0:arm64 (1.0.16-1) ...
Setting up libopus0:arm64 (1.5.2-2) ...
Setting up libp11-kit0:arm64 (0.25.5-3) ...
Setting up libcdio-paranoia2t64:arm64 (10.2+2.0.2-1+b1) ...
Setting up libunistring5:arm64 (1.3-2) ...
Setting up fonts-dejavu-mono (2.37-8) ...
Setting up libpng16-16t64:arm64 (1.6.48-1+deb13u5) ...
Setting up libatomic1:arm64 (14.2.0-19) ...
Setting up libvorbis0a:arm64 (1.3.7-3) ...
Setting up fonts-dejavu-core (2.37-8) ...
Setting up libflac14:arm64 (1.5.0+ds-2) ...
Setting up libsensors5:arm64 (1:3.6.2-2) ...
Setting up libk5crypto3:arm64 (1.21.3-5+deb13u1) ...
Setting up libfftw3-double3:arm64 (3.3.10-2+b1) ...
Setting up libgfortran5:arm64 (14.2.0-19) ...
Setting up libvulkan1:arm64 (1.4.309.0-1) ...
Setting up libwebp7:arm64 (1.5.0-0.1) ...
Setting up libnuma1:arm64 (2.0.19-1) ...
Setting up libvidstab1.1:arm64 (1.1.0-2+b2) ...
Setting up libvpx9:arm64 (1.15.0-2.1+deb13u1) ...
Setting up libflite1:arm64 (2.2-7) ...
Setting up libdav1d7:arm64 (1.5.1-1) ...
Setting up ocl-icd-libopencl1:arm64 (2.3.3-1) ...
Setting up libasyncns0:arm64 (0.8-6+b5) ...
Setting up libxshmfence1:arm64 (1.3.3-1) ...
Setting up libtiff6:arm64 (4.7.0-3+deb13u3) ...
Setting up libbs2b0:arm64 (3.1.0+dfsg-8+b1) ...
Setting up libxcb-randr0:arm64 (1.17.0-2+b1) ...
Setting up librav1e0.7:arm64 (0.7.1-9+b2) ...
Setting up libtasn1-6:arm64 (4.20.0-2+deb13u1) ...
Setting up libzimg2:arm64 (3.0.5+ds1-1+b2) ...
Setting up libopenjp2-7:arm64 (2.5.3-2.1~deb13u2) ...
Setting up libx11-6:arm64 (2:1.8.12-1) ...
Setting up libopenal-data (1:1.24.2-1) ...
Setting up libthai-data (0.1.29-2) ...
Setting up libkrb5-3:arm64 (1.21.3-5+deb13u1) ...
Setting up libunibreak6:arm64 (6.1-3) ...
Setting up libwayland-egl1:arm64 (1.23.1-3) ...
Setting up libusb-1.0-0:arm64 (2:1.0.28-1) ...
Setting up libmbedcrypto16:arm64 (3.6.6-0.1~deb13u1) ...
Setting up libx265-215:arm64 (4.1-2) ...
Setting up libsamplerate0:arm64 (0.2.2-4+b2) ...
Setting up libwebpmux3:arm64 (1.5.0-0.1) ...
Setting up libdrm-common (2.4.124-2) ...
Setting up libjxl0.11:arm64 (0.11.2-0.1~deb13u2) ...
Setting up libxml2:arm64 (2.12.7+dfsg+really2.9.14-2.1+deb13u3) ...
Setting up libzvbi-common (0.2.44-1) ...
Setting up libmp3lame0:arm64 (3.100-6+b3) ...
Setting up libvorbisenc2:arm64 (1.3.7-3) ...
Setting up libdvdnav4:arm64 (6.1.1-3+b1) ...
Setting up libiec61883-0:arm64 (1.2.0-7) ...
Setting up libserd-0-0:arm64 (0.32.4-1) ...
Setting up libxkbcommon0:arm64 (1.7.0-2) ...
Setting up libwayland-client0:arm64 (1.23.1-3) ...
Setting up libavc1394-0:arm64 (0.5.4-5+b2) ...
Setting up libxcb-dri3-0:arm64 (1.17.0-2+b1) ...
Setting up libllvm19:arm64 (1:19.1.7-3+b1) ...
Setting up libx11-xcb1:arm64 (2:1.8.12-1) ...
Setting up liblapack3:arm64 (3.12.1-6) ...
update-alternatives: using /usr/lib/aarch64-linux-gnu/lapack/liblapack.so.3 to provide /usr/lib/aarch64-linux-gnu/liblapack.so.3 (liblapack.so.3-aarch64-linux-gnu) in auto mode
Setting up libcaca0:arm64 (0.99.beta20-5+deb13u1) ...
Setting up libzvbi0t64:arm64 (0.2.44-1) ...
Setting up libxrender1:arm64 (1:0.9.12-1) ...
Setting up libsoxr0:arm64 (0.1.3-4+b2) ...
Setting up fontconfig-config (2.15.0-2.3) ...
debconf: unable to initialize frontend: Dialog
debconf: (TERM is not set, so the dialog frontend is not usable.)
debconf: falling back to frontend: Readline
debconf: unable to initialize frontend: Readline
debconf: (Can't locate Term/ReadLine.pm in @INC (you may need to install the Term::ReadLine module) (@INC entries checked: /etc/perl /usr/local/lib/aarch64-linux-gnu/perl/5.40.1 /usr/local/share/perl/5.40.1 /usr/lib/aarch64-linux-gnu/perl5/5.40 /usr/share/perl5 /usr/lib/aarch64-linux-gnu/perl-base /usr/lib/aarch64-linux-gnu/perl/5.40 /usr/share/perl/5.40 /usr/local/lib/site_perl) at /usr/share/perl5/Debconf/FrontEnd/Readline.pm line 8.)
debconf: falling back to frontend: Teletype
debconf: unable to initialize frontend: Teletype
debconf: (This frontend requires a controlling tty.)
debconf: falling back to frontend: Noninteractive
Setting up libxext6:arm64 (2:1.3.4-1+b3) ...
Setting up libidn2-0:arm64 (2.3.8-2) ...
Setting up libopenal1:arm64 (1:1.24.2-1) ...
Setting up libxxf86vm1:arm64 (1:1.1.4-1+b4) ...
Setting up librist4:arm64 (0.2.11+dfsg-1) ...
Setting up libthai0:arm64 (0.1.29-2+b1) ...
Setting up libvorbisfile3:arm64 (1.3.7-3) ...
Setting up libglib2.0-0t64:arm64 (2.84.4-3~deb13u5) ...
No schema files found: doing nothing.
Setting up libfreetype6:arm64 (2.13.3+dfsg-1+deb13u1) ...
Setting up libxfixes3:arm64 (1:6.0.0-2+b4) ...
Setting up shared-mime-info (2.4-5+b2) ...
Setting up libplacebo349:arm64 (7.349.0-3) ...
Setting up libdc1394-25:arm64 (2.2.6-5) ...
Setting up libxv1:arm64 (2:1.0.11-1.1+b3) ...
Setting up libgssapi-krb5-2:arm64 (1.21.3-5+deb13u1) ...
Setting up libxrandr2:arm64 (2:1.5.4-1+b3) ...
Setting up libssh-4:arm64 (0.11.5-0+deb13u1) ...
Setting up librubberband2:arm64 (3.3.0+dfsg-2+b3) ...
Setting up libjack-jackd2-0:arm64 (1.9.22~dfsg-4) ...
Setting up libdrm2:arm64 (2.4.124-2) ...
Setting up libva-drm2:arm64 (2.22.0-3) ...
Setting up libvdpau1:arm64 (1.5-3+b1) ...
Setting up libsord-0-0:arm64 (0.16.18-1) ...
Setting up libwayland-cursor0:arm64 (1.23.1-3) ...
Setting up libsratom-0-0:arm64 (0.6.18-1) ...
Setting up libdecor-0-0:arm64 (0.2.2-2) ...
Setting up libharfbuzz0b:arm64 (10.2.0-1+deb13u1) ...
Setting up libgdk-pixbuf-2.0-0:arm64 (2.42.12+dfsg-4+deb13u1) ...
Setting up libxss1:arm64 (1:1.2.3-1+b3) ...
Setting up libfontconfig1:arm64 (2.15.0-2.3) ...
Setting up libsndfile1:arm64 (1.2.2-2+deb13u1) ...
Setting up libbluray2:arm64 (1:1.3.4-1+b2) ...
Setting up libva-x11-2:arm64 (2.22.0-3) ...
Setting up liblilv-0-0:arm64 (0.24.26-1) ...
Setting up libopenmpt0t64:arm64 (0.7.13-1+b1) ...
Setting up libdrm-amdgpu1:arm64 (2.4.124-2) ...
Setting up libgnutls30t64:arm64 (3.8.9-3+deb13u4) ...
Setting up mesa-libgallium:arm64 (25.0.7-2+deb13u1) ...
Setting up fontconfig (2.15.0-2.3) ...
Regenerating fonts cache... done.
Setting up libzmq5:arm64 (4.3.5-1+b3) ...
Setting up libxi6:arm64 (2:1.8.2-1) ...
Setting up libgbm1:arm64 (25.0.7-2+deb13u1) ...
Setting up libpulse0:arm64 (17.0+dfsg1-2+b1) ...
Setting up libxcursor1:arm64 (1:1.2.3-1) ...
Setting up libpango-1.0-0:arm64 (1.56.3-1) ...
Setting up libgl1-mesa-dri:arm64 (25.0.7-2+deb13u1) ...
Setting up libavutil59:arm64 (7:7.1.5-0+deb13u1) ...
Setting up libcairo2:arm64 (1.18.4-1+b1) ...
Setting up libpostproc58:arm64 (7:7.1.5-0+deb13u1) ...
Setting up libsphinxbase3t64:arm64 (0.8+5prealpha+1-21+b1) ...
Setting up libswresample5:arm64 (7:7.1.5-0+deb13u1) ...
Setting up libswscale8:arm64 (7:7.1.5-0+deb13u1) ...
Setting up libass9:arm64 (1:0.17.3-1+deb13u1) ...
Setting up libtheoradec1:arm64 (1.2.0~alpha1+dfsg-6) ...
Setting up libsrt1.5-gnutls:arm64 (1.5.4-1+deb13u1) ...
Setting up libcairo-gobject2:arm64 (1.18.4-1+b1) ...
Setting up libpangoft2-1.0-0:arm64 (1.56.3-1) ...
Setting up libsdl2-2.0-0:arm64 (2.32.4+dfsg-1) ...
Setting up libpangocairo-1.0-0:arm64 (1.56.3-1) ...
Setting up libglx-mesa0:arm64 (25.0.7-2+deb13u1) ...
Setting up libglx0:arm64 (1.7.0-1+b2) ...
Setting up librsvg2-2:arm64 (2.60.0+dfsg-1) ...
Setting up libpocketsphinx3:arm64 (0.8+5prealpha+1-15+b4) ...
Setting up libgl1:arm64 (1.7.0-1+b2) ...
Setting up libavcodec61:arm64 (7:7.1.5-0+deb13u1) ...
Setting up libavformat61:arm64 (7:7.1.5-0+deb13u1) ...
Setting up libavfilter10:arm64 (7:7.1.5-0+deb13u1) ...
Setting up libavdevice61:arm64 (7:7.1.5-0+deb13u1) ...
Setting up ffmpeg (7:7.1.5-0+deb13u1) ...
Processing triggers for libc-bin (2.41-12+deb13u4) ...
 ---> Removed intermediate container 44c0d8388b37
 ---> 6235e52fda13
Step 5/9 : COPY requirements.txt .
 ---> ac044ac673ad
Step 6/9 : RUN set -e; for attempt in 1 2 3 4 5; do       pip install --no-cache-dir --timeout 60 --retries 10 -r requirements.txt && exit 0;       echo "pip attempt $attempt failed, retrying"; sleep 15;     done; echo "pip install failed after 5 attempts"; exit 1
 ---> Running in f3da05f8e99f
Collecting psycopg2-binary==2.9.10 (from -r requirements.txt (line 1))
  Downloading psycopg2_binary-2.9.10-cp312-cp312-manylinux_2_17_aarch64.manylinux2014_aarch64.whl.metadata (4.9 kB)
Collecting redis==6.4.0 (from -r requirements.txt (line 2))
  Downloading redis-6.4.0-py3-none-any.whl.metadata (10 kB)
Collecting httpx==0.28.1 (from -r requirements.txt (line 3))
  Downloading httpx-0.28.1-py3-none-any.whl.metadata (7.1 kB)
Collecting boto3==1.40.4 (from -r requirements.txt (line 4))
  Downloading boto3-1.40.4-py3-none-any.whl.metadata (6.7 kB)
Collecting anyio (from httpx==0.28.1->-r requirements.txt (line 3))
  Downloading anyio-4.15.1-py3-none-any.whl.metadata (4.7 kB)
Collecting certifi (from httpx==0.28.1->-r requirements.txt (line 3))
  Downloading certifi-2026.7.22-py3-none-any.whl.metadata (2.5 kB)
Collecting httpcore==1.* (from httpx==0.28.1->-r requirements.txt (line 3))
  Downloading httpcore-1.0.9-py3-none-any.whl.metadata (21 kB)
Collecting idna (from httpx==0.28.1->-r requirements.txt (line 3))
  Downloading idna-3.20-py3-none-any.whl.metadata (7.2 kB)
Collecting botocore<1.41.0,>=1.40.4 (from boto3==1.40.4->-r requirements.txt (line 4))
  Downloading botocore-1.40.76-py3-none-any.whl.metadata (5.9 kB)
Collecting jmespath<2.0.0,>=0.7.1 (from boto3==1.40.4->-r requirements.txt (line 4))
  Downloading jmespath-1.1.0-py3-none-any.whl.metadata (7.6 kB)
Collecting s3transfer<0.14.0,>=0.13.0 (from boto3==1.40.4->-r requirements.txt (line 4))
  Downloading s3transfer-0.13.1-py3-none-any.whl.metadata (1.7 kB)
Collecting h11>=0.16 (from httpcore==1.*->httpx==0.28.1->-r requirements.txt (line 3))
  Downloading h11-0.16.0-py3-none-any.whl.metadata (8.3 kB)
Collecting python-dateutil<3.0.0,>=2.1 (from botocore<1.41.0,>=1.40.4->boto3==1.40.4->-r requirements.txt (line 4))
  Downloading python_dateutil-2.9.0.post0-py2.py3-none-any.whl.metadata (8.4 kB)
Collecting urllib3!=2.2.0,<3,>=1.25.4 (from botocore<1.41.0,>=1.40.4->boto3==1.40.4->-r requirements.txt (line 4))
  Downloading urllib3-2.8.0-py3-none-any.whl.metadata (7.4 kB)
Collecting typing_extensions>=4.16.0 (from anyio->httpx==0.28.1->-r requirements.txt (line 3))
  Downloading typing_extensions-4.16.0-py3-none-any.whl.metadata (3.3 kB)
Collecting six>=1.5 (from python-dateutil<3.0.0,>=2.1->botocore<1.41.0,>=1.40.4->boto3==1.40.4->-r requirements.txt (line 4))
  Downloading six-1.17.0-py2.py3-none-any.whl.metadata (1.7 kB)
Downloading psycopg2_binary-2.9.10-cp312-cp312-manylinux_2_17_aarch64.manylinux2014_aarch64.whl (2.9 MB)
   ━━━━━━━━━━━━━━━━━━━━━━━━━━━━━━━━━━━━━━━━ 2.9/2.9 MB 2.1 MB/s eta 0:00:00
Downloading redis-6.4.0-py3-none-any.whl (279 kB)
Downloading httpx-0.28.1-py3-none-any.whl (73 kB)
Downloading boto3-1.40.4-py3-none-any.whl (140 kB)
Downloading httpcore-1.0.9-py3-none-any.whl (78 kB)
Downloading botocore-1.40.76-py3-none-any.whl (14.2 MB)
   ━━━━━━━━━━━━━━━━━━━━━━━━━━━━━━━━━━━━━━━━ 14.2/14.2 MB 2.4 MB/s eta 0:00:00
Downloading jmespath-1.1.0-py3-none-any.whl (20 kB)
Downloading s3transfer-0.13.1-py3-none-any.whl (85 kB)
Downloading anyio-4.15.1-py3-none-any.whl (132 kB)
Downloading idna-3.20-py3-none-any.whl (69 kB)
Downloading certifi-2026.7.22-py3-none-any.whl (136 kB)
Downloading h11-0.16.0-py3-none-any.whl (37 kB)
Downloading python_dateutil-2.9.0.post0-py2.py3-none-any.whl (229 kB)
Downloading typing_extensions-4.16.0-py3-none-any.whl (45 kB)
Downloading urllib3-2.8.0-py3-none-any.whl (135 kB)
Downloading six-1.17.0-py2.py3-none-any.whl (11 kB)
Installing collected packages: urllib3, typing_extensions, six, redis, psycopg2-binary, jmespath, idna, h11, certifi, python-dateutil, httpcore, anyio, httpx, botocore, s3transfer, boto3
Successfully installed anyio-4.15.1 boto3-1.40.4 botocore-1.40.76 certifi-2026.7.22 h11-0.16.0 httpcore-1.0.9 httpx-0.28.1 idna-3.20 jmespath-1.1.0 psycopg2-binary-2.9.10 python-dateutil-2.9.0.post0 redis-6.4.0 s3transfer-0.13.1 six-1.17.0 typing_extensions-4.16.0 urllib3-2.8.0
[91mWARNING: Running pip as the 'root' user can result in broken permissions and conflicting behaviour with the system package manager, possibly rendering your system unusable. It is recommended to use a virtual environment instead: https://pip.pypa.io/warnings/venv. Use the --root-user-action option if you know what you are doing and want to suppress this warning.
[0m[91m
[notice] A new release of pip is available: 25.0.1 -> 26.2.1
[notice] To update, run: pip install --upgrade pip
[0m ---> Removed intermediate container f3da05f8e99f
 ---> ebec691ebe39
Step 7/9 : COPY . .
 ---> c866eb7ee681
Step 8/9 : CMD ["python","worker.py"]
 ---> Running in 8780396d18bd
 ---> Removed intermediate container 8780396d18bd
 ---> dd02b179640a
Step 9/9 : LABEL com.docker.compose.image.builder=classic
 ---> Running in cb596dda1a55
 ---> Removed intermediate container cb596dda1a55
 ---> 7d5d861ab127
Successfully built 7d5d861ab127
Successfully tagged ai-music-platform-v13-worker:latest
 Image ai-music-platform-v13-worker Built 
 Image ai-music-platform-v13-worker Built 
time="2026-09-28T19:18:24+08:00" level=warning msg="Docker Compose requires buildx plugin to be installed"
 Image ai-music-platform-v13-worker-b Building 
 Image ai-music-platform-v13-worker-b Building 
Sending build context to Docker daemon  21.26kB
Step 1/9 : FROM python:3.12-slim
 ---> f77ac9e44ae9
Step 2/9 : WORKDIR /app
 ---> Using cache
 ---> eb2f9d419b1e
Step 3/9 : ENV PYTHONDONTWRITEBYTECODE=1 PYTHONUNBUFFERED=1
 ---> Using cache
 ---> bde17badb3d3
Step 4/9 : RUN sed -i 's|http://deb.debian.org|https://deb.debian.org|g' /etc/apt/sources.list /etc/apt/sources.list.d/* 2>/dev/null;     apt-get -o Acquire::Retries=8 -o Acquire::http::Timeout=180 -o Acquire::Languages=none update     && apt-get -o Acquire::Retries=8 -o Acquire::Languages=none install -y --no-install-recommends ffmpeg ca-certificates     && rm -rf /var/lib/apt/lists/*
 ---> Using cache
 ---> 6235e52fda13
Step 5/9 : COPY requirements.txt .
 ---> Using cache
 ---> ac044ac673ad
Step 6/9 : RUN set -e; for attempt in 1 2 3 4 5; do       pip install --no-cache-dir --timeout 60 --retries 10 -r requirements.txt && exit 0;       echo "pip attempt $attempt failed, retrying"; sleep 15;     done; echo "pip install failed after 5 attempts"; exit 1
 ---> Using cache
 ---> ebec691ebe39
Step 7/9 : COPY . .
 ---> Using cache
 ---> c866eb7ee681
Step 8/9 : CMD ["python","worker.py"]
 ---> Using cache
 ---> dd02b179640a
Step 9/9 : LABEL com.docker.compose.image.builder=classic
 ---> Using cache
 ---> 7d5d861ab127
Successfully built 7d5d861ab127
Successfully tagged ai-music-platform-v13-worker-b:latest
 Image ai-music-platform-v13-worker-b Built 
 Image ai-music-platform-v13-worker-b Built 
 Volume ai-music-platform-v13_provider_media Creating 
 Volume ai-music-platform-v13_provider_state Creating 
 Volume ai-music-platform-v13_redis_data Creating 
 Volume ai-music-platform-v13_payment_state Creating 
 Network ai-music-platform-v13_default Creating 
 Volume ai-music-platform-v13_minio_data Creating 
 Volume ai-music-platform-v13_payment_state Creating 
 Volume ai-music-platform-v13_prometheus_data Creating 
 Volume ai-music-platform-v13_prometheus_data Creating 
 Volume ai-music-platform-v13_provider_state Creating 
 Volume ai-music-platform-v13_redis_data Creating 
 Volume ai-music-platform-v13_minio_data Creating 
 Volume ai-music-platform-v13_pg_data Creating 
 Volume ai-music-platform-v13_pg_data Creating 
 Volume ai-music-platform-v13_provider_media Creating 
 Network ai-music-platform-v13_default Creating 
 Volume ai-music-platform-v13_payment_state Created 
 Volume ai-music-platform-v13_payment_state Created 
 Volume ai-music-platform-v13_pg_data Created 
 Volume ai-music-platform-v13_pg_data Created 
 Volume ai-music-platform-v13_redis_data Created 
 Volume ai-music-platform-v13_redis_data Created 
 Volume ai-music-platform-v13_minio_data Created 
 Volume ai-music-platform-v13_minio_data Created 
 Volume ai-music-platform-v13_prometheus_data Created 
 Volume ai-music-platform-v13_prometheus_data Created 
 Volume ai-music-platform-v13_provider_media Created 
 Volume ai-music-platform-v13_provider_media Created 
 Volume ai-music-platform-v13_provider_state Created 
 Volume ai-music-platform-v13_provider_state Created 
 Network ai-music-platform-v13_default Created 
 Network ai-music-platform-v13_default Created 
 Container ai-music-platform-v13-redis-1 Creating 
 Container ai-music-platform-v13-postgres-1 Creating 
 Container ai-music-platform-v13-provider-emulator-1 Creating 
 Container ai-music-platform-v13-payment-emulator-1 Creating 
 Container ai-music-platform-v13-minio-1 Creating 
 Container ai-music-platform-v13-payment-emulator-1 Created 
 Container ai-music-platform-v13-provider-emulator-1 Created 
 Container ai-music-platform-v13-minio-1 Created 
 Container ai-music-platform-v13-redis-1 Created 
 Container ai-music-platform-v13-postgres-1 Created 
 Container ai-music-platform-v13-migrate-1 Creating 
 Container ai-music-platform-v13-migrate-1 Created 
 Container ai-music-platform-v13-worker-1 Creating 
 Container ai-music-platform-v13-api-1 Creating 
 Container ai-music-platform-v13-api-1 Created 
 Container ai-music-platform-v13-web-1 Creating 
 Container ai-music-platform-v13-admin-1 Creating 
 Container ai-music-platform-v13-worker-1 Created 
 Container ai-music-platform-v13-prometheus-1 Creating 
 Container ai-music-platform-v13-admin-1 Created 
 Container ai-music-platform-v13-web-1 Created 
 Container ai-music-platform-v13-gateway-1 Creating 
 Container ai-music-platform-v13-prometheus-1 Created 
 Container ai-music-platform-v13-gateway-1 Created 
 Container ai-music-platform-v13-redis-1 Starting 
 Container ai-music-platform-v13-provider-emulator-1 Starting 
 Container ai-music-platform-v13-payment-emulator-1 Starting 
 Container ai-music-platform-v13-postgres-1 Starting 
 Container ai-music-platform-v13-minio-1 Starting 
 Container ai-music-platform-v13-minio-1 Started 
 Container ai-music-platform-v13-payment-emulator-1 Started 
 Container ai-music-platform-v13-provider-emulator-1 Started 
 Container ai-music-platform-v13-redis-1 Started 
 Container ai-music-platform-v13-postgres-1 Started 
 Container ai-music-platform-v13-postgres-1 Waiting 
 Container ai-music-platform-v13-postgres-1 Healthy 
 Container ai-music-platform-v13-migrate-1 Starting 
 Container ai-music-platform-v13-migrate-1 Started 
 Container ai-music-platform-v13-provider-emulator-1 Waiting 
 Container ai-music-platform-v13-provider-emulator-1 Waiting 
 Container ai-music-platform-v13-payment-emulator-1 Waiting 
 Container ai-music-platform-v13-migrate-1 Waiting 
 Container ai-music-platform-v13-redis-1 Waiting 
 Container ai-music-platform-v13-migrate-1 Waiting 
 Container ai-music-platform-v13-redis-1 Waiting 
 Container ai-music-platform-v13-minio-1 Waiting 
 Container ai-music-platform-v13-minio-1 Waiting 
 Container ai-music-platform-v13-minio-1 Healthy 
 Container ai-music-platform-v13-redis-1 Healthy 
 Container ai-music-platform-v13-minio-1 Healthy 
 Container ai-music-platform-v13-migrate-1 Exited 
 Container ai-music-platform-v13-redis-1 Healthy 
 Container ai-music-platform-v13-provider-emulator-1 Healthy 
 Container ai-music-platform-v13-migrate-1 Exited 
 Container ai-music-platform-v13-worker-1 Starting 
 Container ai-music-platform-v13-payment-emulator-1 Healthy 
 Container ai-music-platform-v13-provider-emulator-1 Healthy 
 Container ai-music-platform-v13-api-1 Starting 
 Container ai-music-platform-v13-worker-1 Started 
 Container ai-music-platform-v13-api-1 Started 
 Container ai-music-platform-v13-api-1 Waiting 
 Container ai-music-platform-v13-api-1 Waiting 
 Container ai-music-platform-v13-api-1 Waiting 
 Container ai-music-platform-v13-worker-1 Waiting 
 Container ai-music-platform-v13-worker-1 Healthy 
 Container ai-music-platform-v13-api-1 Healthy 
 Container ai-music-platform-v13-api-1 Healthy 
 Container ai-music-platform-v13-web-1 Starting 
 Container ai-music-platform-v13-admin-1 Starting 
 Container ai-music-platform-v13-api-1 Healthy 
 Container ai-music-platform-v13-prometheus-1 Starting 
 Container ai-music-platform-v13-prometheus-1 Started 
 Container ai-music-platform-v13-admin-1 Started 
 Container ai-music-platform-v13-web-1 Started 
 Container ai-music-platform-v13-web-1 Waiting 
 Container ai-music-platform-v13-admin-1 Waiting 
 Container ai-music-platform-v13-api-1 Waiting 
 Container ai-music-platform-v13-api-1 Healthy 
 Container ai-music-platform-v13-admin-1 Healthy 
 Container ai-music-platform-v13-web-1 Healthy 
 Container ai-music-platform-v13-gateway-1 Starting 
 Container ai-music-platform-v13-gateway-1 Started 
NAME                                        IMAGE                                      COMMAND                  SERVICE             CREATED          STATUS                                     PORTS
ai-music-platform-v13-admin-1               ai-music-platform-v13-admin                "/docker-entrypoint.…"   admin               13 seconds ago   Up 3 seconds (healthy)                     0.0.0.0:4174->80/tcp, [::]:4174->80/tcp
ai-music-platform-v13-api-1                 ai-music-platform-v13-api                  "sh -c 'exec uvicorn…"   api                 13 seconds ago   Up 8 seconds (healthy)                     0.0.0.0:8000->8000/tcp, [::]:8000->8000/tcp
ai-music-platform-v13-gateway-1             ai-music-platform-v13-gateway              "/docker-entrypoint.…"   gateway             13 seconds ago   Up Less than a second (health: starting)   0.0.0.0:18080->80/tcp, [::]:18080->80/tcp
ai-music-platform-v13-minio-1               minio/minio:RELEASE.2025-04-22T22-12-26Z   "/usr/bin/docker-ent…"   minio               13 seconds ago   Up 12 seconds (healthy)                    0.0.0.0:9000-9001->9000-9001/tcp, [::]:9000-9001->9000-9001/tcp
ai-music-platform-v13-payment-emulator-1    ai-music-platform-v13-payment-emulator     "uvicorn main:app --…"   payment-emulator    13 seconds ago   Up 12 seconds (healthy)                    0.0.0.0:8020->8020/tcp, [::]:8020->8020/tcp
ai-music-platform-v13-postgres-1            postgres:16-alpine                         "docker-entrypoint.s…"   postgres            13 seconds ago   Up 12 seconds (healthy)                    0.0.0.0:54329->5432/tcp, [::]:54329->5432/tcp
ai-music-platform-v13-prometheus-1          prom/prometheus:v3.5.0                     "/bin/prometheus --c…"   prometheus          13 seconds ago   Up 3 seconds                               0.0.0.0:19090->9090/tcp, [::]:19090->9090/tcp
ai-music-platform-v13-provider-emulator-1   ai-music-platform-v13-provider-emulator    "uvicorn main:app --…"   provider-emulator   13 seconds ago   Up 12 seconds (healthy)                    0.0.0.0:8010->8010/tcp, [::]:8010->8010/tcp
ai-music-platform-v13-redis-1               redis:7-alpine                             "docker-entrypoint.s…"   redis               13 seconds ago   Up 12 seconds (healthy)                    0.0.0.0:63799->6379/tcp, [::]:63799->6379/tcp
ai-music-platform-v13-web-1                 ai-music-platform-v13-web                  "/docker-entrypoint.…"   web                 13 seconds ago   Up 3 seconds (healthy)                     0.0.0.0:4173->80/tcp, [::]:4173->80/tcp
ai-music-platform-v13-worker-1              ai-music-platform-v13-worker               "python worker.py"       worker              13 seconds ago   Up 8 seconds (healthy)                     9101/tcp
clock skew vs host: api 0s
clock skew vs host: postgres 0s

STEP 2 RESULT: PASS

================================================================================
STEP 3: acceptance
TIMESTAMP: 2026-09-28T11:18:38Z
================================================================================

---- acceptance 输出（完整日志：release-evidence/acceptance-20260928T111210Z/step-3-acceptance.log） ----
time="2026-09-28T19:18:38+08:00" level=warning msg="Docker Compose requires buildx plugin to be installed"
 Image ai-music-platform-v13-acceptance Building 
 Image ai-music-platform-v13-acceptance Building 
Sending build context to Docker daemon  11.87kB
Step 1/7 : FROM python:3.12-slim
 ---> f77ac9e44ae9
Step 2/7 : WORKDIR /tests
 ---> Using cache
 ---> 155c824b6db4
Step 3/7 : COPY requirements.txt .
 ---> Using cache
 ---> e2aec4fdf0d7
Step 4/7 : RUN set -e; for attempt in 1 2 3 4 5; do       pip install --no-cache-dir --timeout 60 --retries 10 -r requirements.txt && exit 0;       echo "pip attempt $attempt failed, retrying"; sleep 15;     done; echo "pip install failed after 5 attempts"; exit 1
 ---> Using cache
 ---> 57597560f482
Step 5/7 : COPY test_acceptance.py test_commercial.py test_provider_contract.py test_payment_contract.py test_tenant_isolation.py ./
 ---> Using cache
 ---> f3e4a1e53177
Step 6/7 : CMD ["pytest","-q","-s","test_acceptance.py"]
 ---> Using cache
 ---> 2dc918c8b8af
Step 7/7 : LABEL com.docker.compose.image.builder=classic
 ---> Using cache
 ---> fce0644d4f0e
Successfully built fce0644d4f0e
Successfully tagged ai-music-platform-v13-acceptance:latest
 Image ai-music-platform-v13-acceptance Built 
 Image ai-music-platform-v13-acceptance Built 
 Container ai-music-platform-v13-redis-1 Running 
 Container ai-music-platform-v13-api-1 Running 
 Container ai-music-platform-v13-admin-1 Running 
 Container ai-music-platform-v13-provider-emulator-1 Running 
 Container ai-music-platform-v13-web-1 Running 
 Container ai-music-platform-v13-postgres-1 Running 
 Container ai-music-platform-v13-worker-1 Running 
 Container ai-music-platform-v13-payment-emulator-1 Running 
 Container ai-music-platform-v13-minio-1 Running 
 Container ai-music-platform-v13-postgres-1 Waiting 
 Container ai-music-platform-v13-postgres-1 Healthy 
 Container ai-music-platform-v13-migrate-1 Starting 
 Container ai-music-platform-v13-migrate-1 Started 
 Container ai-music-platform-v13-minio-1 Waiting 
 Container ai-music-platform-v13-provider-emulator-1 Waiting 
 Container ai-music-platform-v13-migrate-1 Waiting 
 Container ai-music-platform-v13-redis-1 Waiting 
 Container ai-music-platform-v13-migrate-1 Waiting 
 Container ai-music-platform-v13-redis-1 Waiting 
 Container ai-music-platform-v13-minio-1 Waiting 
 Container ai-music-platform-v13-provider-emulator-1 Waiting 
 Container ai-music-platform-v13-payment-emulator-1 Waiting 
 Container ai-music-platform-v13-minio-1 Healthy 
 Container ai-music-platform-v13-minio-1 Healthy 
 Container ai-music-platform-v13-provider-emulator-1 Healthy 
 Container ai-music-platform-v13-migrate-1 Exited 
 Container ai-music-platform-v13-payment-emulator-1 Healthy 
 Container ai-music-platform-v13-provider-emulator-1 Healthy 
 Container ai-music-platform-v13-redis-1 Healthy 
 Container ai-music-platform-v13-migrate-1 Exited 
 Container ai-music-platform-v13-redis-1 Healthy 
 Container ai-music-platform-v13-api-1 Waiting 
 Container ai-music-platform-v13-api-1 Waiting 
 Container ai-music-platform-v13-api-1 Healthy 
 Container ai-music-platform-v13-api-1 Healthy 
 Container ai-music-platform-v13-api-1 Waiting 
 Container ai-music-platform-v13-worker-1 Waiting 
 Container ai-music-platform-v13-web-1 Waiting 
 Container ai-music-platform-v13-admin-1 Waiting 
 Container ai-music-platform-v13-api-1 Healthy 
 Container ai-music-platform-v13-worker-1 Healthy 
 Container ai-music-platform-v13-admin-1 Healthy 
 Container ai-music-platform-v13-web-1 Healthy 
 Container ai-music-platform-v13-acceptance-run-085e517a32e9 Creating 
 Container ai-music-platform-v13-acceptance-run-085e517a32e9 Created 
...........
11 passed in 22.92s

STEP 3 RESULT: PASS

================================================================================
STEP 4: contract-test
TIMESTAMP: 2026-09-28T11:19:04Z
================================================================================

---- contract-test 输出（完整日志：release-evidence/acceptance-20260928T111210Z/step-4-contract-test.log） ----
time="2026-09-28T19:19:04+08:00" level=warning msg="Docker Compose requires buildx plugin to be installed"
 Image ai-music-platform-v13-acceptance Building 
 Image ai-music-platform-v13-acceptance Building 
Sending build context to Docker daemon  11.87kB
Step 1/7 : FROM python:3.12-slim
 ---> f77ac9e44ae9
Step 2/7 : WORKDIR /tests
 ---> Using cache
 ---> 155c824b6db4
Step 3/7 : COPY requirements.txt .
 ---> Using cache
 ---> e2aec4fdf0d7
Step 4/7 : RUN set -e; for attempt in 1 2 3 4 5; do       pip install --no-cache-dir --timeout 60 --retries 10 -r requirements.txt && exit 0;       echo "pip attempt $attempt failed, retrying"; sleep 15;     done; echo "pip install failed after 5 attempts"; exit 1
 ---> Using cache
 ---> 57597560f482
Step 5/7 : COPY test_acceptance.py test_commercial.py test_provider_contract.py test_payment_contract.py test_tenant_isolation.py ./
 ---> Using cache
 ---> f3e4a1e53177
Step 6/7 : CMD ["pytest","-q","-s","test_acceptance.py"]
 ---> Using cache
 ---> 2dc918c8b8af
Step 7/7 : LABEL com.docker.compose.image.builder=classic
 ---> Using cache
 ---> fce0644d4f0e
Successfully built fce0644d4f0e
Successfully tagged ai-music-platform-v13-acceptance:latest
 Image ai-music-platform-v13-acceptance Built 
 Image ai-music-platform-v13-acceptance Built 
 Container ai-music-platform-v13-api-1 Running 
 Container ai-music-platform-v13-minio-1 Running 
 Container ai-music-platform-v13-provider-emulator-1 Running 
 Container ai-music-platform-v13-admin-1 Running 
 Container ai-music-platform-v13-redis-1 Running 
 Container ai-music-platform-v13-postgres-1 Running 
 Container ai-music-platform-v13-payment-emulator-1 Running 
 Container ai-music-platform-v13-web-1 Running 
 Container ai-music-platform-v13-worker-1 Running 
 Container ai-music-platform-v13-postgres-1 Waiting 
 Container ai-music-platform-v13-postgres-1 Healthy 
 Container ai-music-platform-v13-migrate-1 Starting 
 Container ai-music-platform-v13-migrate-1 Started 
 Container ai-music-platform-v13-migrate-1 Waiting 
 Container ai-music-platform-v13-redis-1 Waiting 
 Container ai-music-platform-v13-minio-1 Waiting 
 Container ai-music-platform-v13-redis-1 Waiting 
 Container ai-music-platform-v13-provider-emulator-1 Waiting 
 Container ai-music-platform-v13-minio-1 Waiting 
 Container ai-music-platform-v13-provider-emulator-1 Waiting 
 Container ai-music-platform-v13-payment-emulator-1 Waiting 
 Container ai-music-platform-v13-migrate-1 Waiting 
 Container ai-music-platform-v13-migrate-1 Exited 
 Container ai-music-platform-v13-provider-emulator-1 Healthy 
 Container ai-music-platform-v13-minio-1 Healthy 
 Container ai-music-platform-v13-redis-1 Healthy 
 Container ai-music-platform-v13-redis-1 Healthy 
 Container ai-music-platform-v13-payment-emulator-1 Healthy 
 Container ai-music-platform-v13-provider-emulator-1 Healthy 
 Container ai-music-platform-v13-api-1 Waiting 
 Container ai-music-platform-v13-api-1 Waiting 
 Container ai-music-platform-v13-migrate-1 Exited 
 Container ai-music-platform-v13-minio-1 Healthy 
 Container ai-music-platform-v13-api-1 Healthy 
 Container ai-music-platform-v13-api-1 Healthy 
 Container ai-music-platform-v13-web-1 Waiting 
 Container ai-music-platform-v13-admin-1 Waiting 
 Container ai-music-platform-v13-api-1 Waiting 
 Container ai-music-platform-v13-worker-1 Waiting 
 Container ai-music-platform-v13-worker-1 Healthy 
 Container ai-music-platform-v13-api-1 Healthy 
 Container ai-music-platform-v13-admin-1 Healthy 
 Container ai-music-platform-v13-web-1 Healthy 
 Container ai-music-platform-v13-acceptance-run-b068fcb286ea Creating 
 Container ai-music-platform-v13-acceptance-run-b068fcb286ea Created 
.....                                                                    [100%]
5 passed in 4.46s

STEP 4 RESULT: PASS

================================================================================
STEP 5: chaos-worker-recovery
TIMESTAMP: 2026-09-28T11:19:11Z
================================================================================

---- chaos-worker-recovery 输出（完整日志：release-evidence/acceptance-20260928T111210Z/step-5-chaos-worker-recovery.log） ----
chaos preflight: exactly one claimant is polling the queue
aa8c335f-08e6-4098-950a-e36ca99912a6
 Container ai-music-platform-v13-worker-1 Killing 
 Container ai-music-platform-v13-worker-1 Killed 
 Container ai-music-platform-v13-postgres-1 Running 
 Container ai-music-platform-v13-redis-1 Running 
 Container ai-music-platform-v13-provider-emulator-1 Running 
 Container ai-music-platform-v13-minio-1 Running 
 Container ai-music-platform-v13-postgres-1 Waiting 
 Container ai-music-platform-v13-postgres-1 Healthy 
 Container ai-music-platform-v13-migrate-1 Starting 
 Container ai-music-platform-v13-migrate-1 Started 
 Container ai-music-platform-v13-minio-1 Waiting 
 Container ai-music-platform-v13-provider-emulator-1 Waiting 
 Container ai-music-platform-v13-migrate-1 Waiting 
 Container ai-music-platform-v13-redis-1 Waiting 
 Container ai-music-platform-v13-minio-1 Healthy 
 Container ai-music-platform-v13-migrate-1 Exited 
 Container ai-music-platform-v13-redis-1 Healthy 
 Container ai-music-platform-v13-provider-emulator-1 Healthy 
 Container ai-music-platform-v13-worker-1 Starting 
 Container ai-music-platform-v13-worker-1 Started 
worker lease recovery passed

STEP 5 RESULT: PASS

================================================================================
STEP 6: lease-contention
TIMESTAMP: 2026-09-28T11:19:52Z
================================================================================

---- lease-contention 输出（完整日志：release-evidence/acceptance-20260928T111210Z/step-6-lease-contention.log） ----
 Container ai-music-platform-v13-provider-emulator-1 Running 
 Container ai-music-platform-v13-redis-1 Running 
 Container ai-music-platform-v13-postgres-1 Running 
 Container ai-music-platform-v13-minio-1 Running 
 Container ai-music-platform-v13-worker-1 Running 
 Container ai-music-platform-v13-worker-b-1 Creating 
 Container ai-music-platform-v13-worker-b-1 Created 
 Container ai-music-platform-v13-postgres-1 Waiting 
 Container ai-music-platform-v13-postgres-1 Healthy 
 Container ai-music-platform-v13-migrate-1 Starting 
 Container ai-music-platform-v13-migrate-1 Started 
 Container ai-music-platform-v13-redis-1 Waiting 
 Container ai-music-platform-v13-minio-1 Waiting 
 Container ai-music-platform-v13-provider-emulator-1 Waiting 
 Container ai-music-platform-v13-migrate-1 Waiting 
 Container ai-music-platform-v13-redis-1 Waiting 
 Container ai-music-platform-v13-minio-1 Waiting 
 Container ai-music-platform-v13-provider-emulator-1 Waiting 
 Container ai-music-platform-v13-migrate-1 Waiting 
 Container ai-music-platform-v13-migrate-1 Exited 
 Container ai-music-platform-v13-redis-1 Healthy 
 Container ai-music-platform-v13-migrate-1 Exited 
 Container ai-music-platform-v13-provider-emulator-1 Healthy 
 Container ai-music-platform-v13-minio-1 Healthy 
 Container ai-music-platform-v13-minio-1 Healthy 
 Container ai-music-platform-v13-provider-emulator-1 Healthy 
 Container ai-music-platform-v13-worker-b-1 Starting 
 Container ai-music-platform-v13-redis-1 Healthy 
 Container ai-music-platform-v13-worker-b-1 Started 
contention preflight: worker's /app/worker.py == the tree (d541a1e909c9115b)
contention preflight: worker-b's /app/worker.py == the tree (d541a1e909c9115b)
submitted 8 jobs for contention
lease contention passed: 8 jobs, 2 workers, 160.0 credits settled once

STEP 6 RESULT: PASS

================================================================================
STEP 7: restore-fidelity-snapshot
TIMESTAMP: 2026-09-28T11:20:22Z
================================================================================

---- restore-fidelity-snapshot 输出（完整日志：release-evidence/acceptance-20260928T111210Z/step-7-restore-fidelity-snapshot.log） ----
restore-fidelity snapshot written: 2 assets across 2 workspaces (buyer=0 assets/5 accounts, seller=2 assets/5 accounts)

STEP 7 RESULT: PASS

================================================================================
STEP 8: backup-restore
TIMESTAMP: 2026-09-28T11:20:23Z
================================================================================

---- backup-restore 输出（完整日志：release-evidence/acceptance-20260928T111210Z/step-8-backup-restore.log） ----
[0/4] Quiescing application writers for a cross-store local snapshot
[1/4] PostgreSQL consistent dump
[2/4] Private object storage snapshot
 ai-music-platform-v13-minio-1 Copying ai-music-platform-v13-minio-1:/data/. to backups/acceptance/minio-data
 ai-music-platform-v13-minio-1 Copied ai-music-platform-v13-minio-1:/data/. to backups/acceptance/minio-data
[3/4] Manifest
[4/4] Resuming application writers
 Container ai-music-platform-v13-provider-emulator-1 Running 
 Container ai-music-platform-v13-postgres-1 Running 
 Container ai-music-platform-v13-minio-1 Running 
 Container ai-music-platform-v13-redis-1 Running 
 Container ai-music-platform-v13-payment-emulator-1 Running 
 Container ai-music-platform-v13-postgres-1 Waiting 
 Container ai-music-platform-v13-postgres-1 Healthy 
 Container ai-music-platform-v13-migrate-1 Starting 
 Container ai-music-platform-v13-migrate-1 Started 
 Container ai-music-platform-v13-migrate-1 Waiting 
 Container ai-music-platform-v13-redis-1 Waiting 
 Container ai-music-platform-v13-minio-1 Waiting 
 Container ai-music-platform-v13-provider-emulator-1 Waiting 
 Container ai-music-platform-v13-provider-emulator-1 Waiting 
 Container ai-music-platform-v13-payment-emulator-1 Waiting 
 Container ai-music-platform-v13-migrate-1 Waiting 
 Container ai-music-platform-v13-redis-1 Waiting 
 Container ai-music-platform-v13-minio-1 Waiting 
 Container ai-music-platform-v13-minio-1 Healthy 
 Container ai-music-platform-v13-migrate-1 Exited 
 Container ai-music-platform-v13-minio-1 Healthy 
 Container ai-music-platform-v13-redis-1 Healthy 
 Container ai-music-platform-v13-redis-1 Healthy 
 Container ai-music-platform-v13-provider-emulator-1 Healthy 
 Container ai-music-platform-v13-migrate-1 Exited 
 Container ai-music-platform-v13-payment-emulator-1 Healthy 
 Container ai-music-platform-v13-provider-emulator-1 Healthy 
 Container ai-music-platform-v13-worker-1 Starting 
 Container ai-music-platform-v13-api-1 Starting 
 Container ai-music-platform-v13-worker-1 Started 
 Container ai-music-platform-v13-api-1 Started 
Backup created: backups/acceptance
./backup-manifest.json: OK
./minio-data/.minio.sys/buckets/.bloomcycle.bin/xl.meta: OK
./minio-data/.minio.sys/buckets/.usage-cache.bin.bkp/xl.meta: OK
./minio-data/.minio.sys/buckets/.usage-cache.bin/xl.meta: OK
./minio-data/.minio.sys/buckets/.usage.json/xl.meta: OK
./minio-data/.minio.sys/buckets/music-assets/.metadata.bin/xl.meta: OK
./minio-data/.minio.sys/buckets/music-assets/.usage-cache.bin.bkp/xl.meta: OK
./minio-data/.minio.sys/buckets/music-assets/.usage-cache.bin/xl.meta: OK
./minio-data/.minio.sys/config/config.json/xl.meta: OK
./minio-data/.minio.sys/config/iam/format.json/xl.meta: OK
./minio-data/.minio.sys/format.json: OK
./minio-data/.minio.sys/pool.bin/xl.meta: OK
./minio-data/.minio.sys/tmp/.trash/00fbe19e-157b-43ef-bb36-23a8b18232d4/xl.meta.bkp: OK
./minio-data/.minio.sys/tmp/.trash/019304c9-58e8-48ef-a158-80e563371ae3/xl.meta.bkp: OK
./minio-data/.minio.sys/tmp/.trash/01b94b6b-7a4e-4812-b96f-0a9619cc0d26/xl.meta.bkp: OK
./minio-data/.minio.sys/tmp/.trash/02309c4c-bb79-4422-a6ff-d250fbb59a89/xl.meta.bkp: OK
./minio-data/.minio.sys/tmp/.trash/042b5327-f2c2-41e5-8ad2-8e2cac22fc0b/xl.meta.bkp: OK
./minio-data/.minio.sys/tmp/.trash/05d32f95-4afe-47a2-a718-62c40b6fb356/xl.meta.bkp: OK
./minio-data/.minio.sys/tmp/.trash/0661ecaa-1e96-4f2c-81eb-4160112338dc/xl.meta.bkp: OK
./minio-data/.minio.sys/tmp/.trash/069c22d5-6f25-4cdd-80eb-6a3dab019dbc/xl.meta.bkp: OK
./minio-data/.minio.sys/tmp/.trash/07e23d91-c2e8-435c-b2f6-c2978e72b654/xl.meta.bkp: OK
./minio-data/.minio.sys/tmp/.trash/09cf7fe4-3d25-4c80-a08a-ffb0dd4360f7/xl.meta.bkp: OK
./minio-data/.minio.sys/tmp/.trash/0a7667ae-0795-418e-bc3a-f121e4bf63c6/xl.meta.bkp: OK
./minio-data/.minio.sys/tmp/.trash/0ae25524-50c5-4b9a-9299-c11a07ce96be/xl.meta.bkp: OK
./minio-data/.minio.sys/tmp/.trash/0c89dbe6-e59a-4928-9df3-8b1f6111aa28/xl.meta.bkp: OK
./minio-data/.minio.sys/tmp/.trash/0d3ab3eb-787e-4c77-954b-24521fe7c701/xl.meta.bkp: OK
./minio-data/.minio.sys/tmp/.trash/0e299e67-7b60-4f2d-a588-c6c17d4f41ab/xl.meta.bkp: OK
./minio-data/.minio.sys/tmp/.trash/0e831ac0-6c97-4a7a-9a9a-ec8ac088053a/xl.meta.bkp: OK
./minio-data/.minio.sys/tmp/.trash/0f1be95c-8004-439f-90c6-8d7dfd4de980/xl.meta.bkp: OK
./minio-data/.minio.sys/tmp/.trash/0f6bbc2d-bc82-4776-934e-39733ea92432/xl.meta.bkp: OK
./minio-data/.minio.sys/tmp/.trash/100ada18-c2df-4b8d-9354-5a47424ba4dc/xl.meta.bkp: OK
./minio-data/.minio.sys/tmp/.trash/1069d936-6d90-444e-9819-eef3e351f2d4/part.1: OK
./minio-data/.minio.sys/tmp/.trash/1069d936-6d90-444e-9819-eef3e351f2d4/xl.meta.bkp: OK
./minio-data/.minio.sys/tmp/.trash/10c22c81-7897-4387-a360-7f6d117e0b09/xl.meta.bkp: OK
./minio-data/.minio.sys/tmp/.trash/12dcec0b-20df-4509-9831-b35eeb5c2606/xl.meta.bkp: OK
./minio-data/.minio.sys/tmp/.trash/13c23ae3-d205-4380-9f4e-be9950380988/part.1: OK
./minio-data/.minio.sys/tmp/.trash/13c23ae3-d205-4380-9f4e-be9950380988/xl.meta.bkp: OK
./minio-data/.minio.sys/tmp/.trash/14d61bff-8853-4f0e-a0c2-15ed07895e66/xl.meta.bkp: OK
./minio-data/.minio.sys/tmp/.trash/14f42113-4a1d-4266-a41c-3005f041b5ba/xl.meta.bkp: OK
./minio-data/.minio.sys/tmp/.trash/15b55871-3da6-46b2-a52c-2045702fbac6/xl.meta.bkp: OK
./minio-data/.minio.sys/tmp/.trash/16cca9e8-0bcc-4d7b-9e1c-3a003db77410/xl.meta.bkp: OK
./minio-data/.minio.sys/tmp/.trash/174827fa-90bb-4344-856e-b5a893a3fd25/xl.meta.bkp: OK
./minio-data/.minio.sys/tmp/.trash/1852d742-cceb-4fdd-addc-c1de3276b333/xl.meta.bkp: OK
./minio-data/.minio.sys/tmp/.trash/195585ae-1372-4022-a5a6-c0dcc3ef049b/xl.meta.bkp: OK
./minio-data/.minio.sys/tmp/.trash/1b2fb885-be75-4930-9495-3e3ffa88789f/xl.meta.bkp: OK
./minio-data/.minio.sys/tmp/.trash/1b83ad11-b81e-4b11-8d02-82eba67e6382/xl.meta.bkp: OK
./minio-data/.minio.sys/tmp/.trash/1bad24c8-003a-4f40-bbb4-d7500d828905/part.1: OK
./minio-data/.minio.sys/tmp/.trash/1bad24c8-003a-4f40-bbb4-d7500d828905/xl.meta.bkp: OK
./minio-data/.minio.sys/tmp/.trash/1c97a735-5465-44ee-9dc5-7f81241923c4/xl.meta.bkp: OK
./minio-data/.minio.sys/tmp/.trash/1c97c42b-80e9-4df5-95be-16bb388fed5a/xl.meta.bkp: OK
./minio-data/.minio.sys/tmp/.trash/1cacc29f-504d-4d9b-acb0-cf48e21dbb3e/xl.meta.bkp: OK
./minio-data/.minio.sys/tmp/.trash/1d694259-eabe-4617-944e-24b59a479a2f/xl.meta.bkp: OK
./minio-data/.minio.sys/tmp/.trash/1f583471-3424-4272-883e-5f370d98fe41/xl.meta.bkp: OK
./minio-data/.minio.sys/tmp/.trash/1f8cf4dd-b087-412b-b047-452a4bc2e497/xl.meta.bkp: OK
./minio-data/.minio.sys/tmp/.trash/1fdc3223-2454-4e01-965d-ed3ceaa6ca81/xl.meta.bkp: OK
./minio-data/.minio.sys/tmp/.trash/2084ef95-ad60-4b1e-8701-54d12a0dff79/xl.meta.bkp: OK
./minio-data/.minio.sys/tmp/.trash/21b2abc5-2e44-49c6-82f1-ba9c9d788e16/xl.meta.bkp: OK
./minio-data/.minio.sys/tmp/.trash/22436d6f-8ecd-4bc9-8819-7caa2fc54540/xl.meta.bkp: OK
./minio-data/.minio.sys/tmp/.trash/226e1fee-6d40-482a-be12-56f67c4bbe04/part.1: OK
./minio-data/.minio.sys/tmp/.trash/226e1fee-6d40-482a-be12-56f67c4bbe04/xl.meta.bkp: OK
./minio-data/.minio.sys/tmp/.trash/227d869d-270b-4458-b7d2-94dc4c3e02b5/xl.meta.bkp: OK
./minio-data/.minio.sys/tmp/.trash/23ed6429-26d9-4824-89cf-53fd6ce79ab5/xl.meta.bkp: OK
./minio-data/.minio.sys/tmp/.trash/2444ff8f-0721-406b-afe4-6b14af3ec6fb/xl.meta.bkp: OK
./minio-data/.minio.sys/tmp/.trash/2660b862-5e23-4623-a062-b1e1d5d69aa0/xl.meta.bkp: OK
./minio-data/.minio.sys/tmp/.trash/28649e34-4843-49f7-b290-d744e1bacc5e/xl.meta.bkp: OK
./minio-data/.minio.sys/tmp/.trash/287597dc-12c4-499e-b621-7d604d49469e/xl.meta.bkp: OK
./minio-data/.minio.sys/tmp/.trash/28865863-3f92-44c2-879c-6158a0c2a3b4/part.1: OK
./minio-data/.minio.sys/tmp/.trash/28865863-3f92-44c2-879c-6158a0c2a3b4/xl.meta.bkp: OK
./minio-data/.minio.sys/tmp/.trash/29a208b7-bbbf-4eff-99ad-36c0b6c22ad4/xl.meta.bkp: OK
./minio-data/.minio.sys/tmp/.trash/2a3f170f-9c54-4dc4-840f-88d9b0094f18/xl.meta.bkp: OK
./minio-data/.minio.sys/tmp/.trash/2b350ef0-aabf-465c-a7f9-5f40616b85bc/xl.meta.bkp: OK
./minio-data/.minio.sys/tmp/.trash/2b361d7f-0d84-4780-8533-2473683d7eb8/xl.meta.bkp: OK
./minio-data/.minio.sys/tmp/.trash/2b44f5fa-58af-4c10-a71a-1f0eb43f3c0b/xl.meta.bkp: OK
./minio-data/.minio.sys/tmp/.trash/2c19f5af-960a-4d25-89c2-c8b46fd39d21/xl.meta.bkp: OK
./minio-data/.minio.sys/tmp/.trash/2c37ebf3-c764-4f8c-8e15-c2ec68e4615b/xl.meta.bkp: OK
./minio-data/.minio.sys/tmp/.trash/2d267246-ccf3-473b-a781-81e295b14d1b/xl.meta.bkp: OK
./minio-data/.minio.sys/tmp/.trash/2dd1c5b1-ed9f-4e32-bd61-b60d35457317/xl.meta.bkp: OK
./minio-data/.minio.sys/tmp/.trash/2ff95bc4-cdfc-46c4-9c10-7338b5dd1ec2/xl.meta.bkp: OK
./minio-data/.minio.sys/tmp/.trash/2ffba061-78d6-4fe0-abf4-0466f9e17d3c/xl.meta.bkp: OK
./minio-data/.minio.sys/tmp/.trash/31e4b2ac-1007-4ebd-8a58-d011e0758592/xl.meta.bkp: OK
./minio-data/.minio.sys/tmp/.trash/31fbc1d8-30dd-4619-87c0-f9069d4789ad/xl.meta.bkp: OK
./minio-data/.minio.sys/tmp/.trash/330218de-5a70-43e2-968e-6c867af28e15/xl.meta.bkp: OK
./minio-data/.minio.sys/tmp/.trash/33d57b22-8d25-4e9d-96d6-8025fcb60f43/xl.meta.bkp: OK
./minio-data/.minio.sys/tmp/.trash/34ff84f3-07ed-41fa-8f4f-5a1d715388e6/xl.meta.bkp: OK
./minio-data/.minio.sys/tmp/.trash/36bb28e2-0932-4abe-9a03-b7131d015a04/xl.meta.bkp: OK
./minio-data/.minio.sys/tmp/.trash/37dcf1ee-6ea6-4fa3-9cdf-eb2b5bba1732/xl.meta.bkp: OK
./minio-data/.minio.sys/tmp/.trash/381633d4-07e6-4cf4-a1e2-906806fd5cc6/xl.meta.bkp: OK
./minio-data/.minio.sys/tmp/.trash/386975b0-a99d-4dfe-ae53-82f5d75bcf81/xl.meta.bkp: OK
./minio-data/.minio.sys/tmp/.trash/388f437d-fd12-4661-b4d5-1ce66784a36d/xl.meta.bkp: OK
./minio-data/.minio.sys/tmp/.trash/393d8642-bde4-47e4-ac90-0f07d4ffad0f/xl.meta.bkp: OK
./minio-data/.minio.sys/tmp/.trash/3a6ad30d-6732-438e-b45b-2f45c6585c59/xl.meta.bkp: OK
./minio-data/.minio.sys/tmp/.trash/3b11db19-4b97-4af5-b643-8dbca138c150/xl.meta.bkp: OK
./minio-data/.minio.sys/tmp/.trash/3b248514-cb08-4144-a798-634d6d7bab4e/part.1: OK
./minio-data/.minio.sys/tmp/.trash/3b248514-cb08-4144-a798-634d6d7bab4e/xl.meta.bkp: OK
./minio-data/.minio.sys/tmp/.trash/3b597a02-8733-41b0-a72c-9991eff689b8/xl.meta.bkp: OK
./minio-data/.minio.sys/tmp/.trash/3bf6352a-160a-41a1-9ca9-c988d86c0663/xl.meta.bkp: OK
./minio-data/.minio.sys/tmp/.trash/3c03f6b5-c3cd-4103-bd1f-8d6841e6d0f5/part.1: OK
./minio-data/.minio.sys/tmp/.trash/3c03f6b5-c3cd-4103-bd1f-8d6841e6d0f5/xl.meta.bkp: OK
./minio-data/.minio.sys/tmp/.trash/3c24f4c5-ef12-4261-bad5-e1fa7e95772f/xl.meta.bkp: OK
./minio-data/.minio.sys/tmp/.trash/3cde4348-1df9-4e99-a551-abd7bc123817/xl.meta.bkp: OK
./minio-data/.minio.sys/tmp/.trash/3d816ce0-7f76-422c-86e1-8bff6efa0ec4/xl.meta.bkp: OK
./minio-data/.minio.sys/tmp/.trash/3f02d7bf-d795-47a9-9414-9f8fa626babf/xl.meta.bkp: OK
./minio-data/.minio.sys/tmp/.trash/40a13b7f-9418-45e7-a80e-e57aeb09aaca/xl.meta.bkp: OK
./minio-data/.minio.sys/tmp/.trash/4139f5cf-da15-4be6-a059-a146c750942b/xl.meta.bkp: OK
./minio-data/.minio.sys/tmp/.trash/4339961b-74ae-42bf-8a92-11031feaa906/xl.meta.bkp: OK
./minio-data/.minio.sys/tmp/.trash/452de9cc-d12e-4088-bd1c-cac5411d9865/xl.meta.bkp: OK
./minio-data/.minio.sys/tmp/.trash/473026b5-c645-43b6-b80c-2f69fa80502a/xl.meta.bkp: OK
./minio-data/.minio.sys/tmp/.trash/47f7d45d-d692-4614-96e2-afe7825670f1/xl.meta.bkp: OK
./minio-data/.minio.sys/tmp/.trash/48fd6244-adb9-4ff3-872a-d545a7eba053/xl.meta.bkp: OK
./minio-data/.minio.sys/tmp/.trash/496a5b0a-7638-456b-b5ae-72e64b181c5f/xl.meta.bkp: OK
./minio-data/.minio.sys/tmp/.trash/4a629ed1-ee37-47d9-a347-b75611555af7/xl.meta.bkp: OK
./minio-data/.minio.sys/tmp/.trash/4bdeb939-93aa-444d-b866-9842acf367ee/xl.meta.bkp: OK
./minio-data/.minio.sys/tmp/.trash/4edb4b58-e52e-4296-8c57-b3cc86e6809f/xl.meta.bkp: OK
./minio-data/.minio.sys/tmp/.trash/4f3930c3-10cb-46be-b68b-cb92b2342e6b/xl.meta.bkp: OK
./minio-data/.minio.sys/tmp/.trash/4fb778b9-8f2d-40a6-8b0b-82adef073f33/xl.meta.bkp: OK
./minio-data/.minio.sys/tmp/.trash/4fe81240-9c70-457a-a2ac-4a1bcf2422ac/xl.meta.bkp: OK
./minio-data/.minio.sys/tmp/.trash/515a8e0e-1e84-4b1f-8b3b-4ee60ecf3446/xl.meta.bkp: OK
./minio-data/.minio.sys/tmp/.trash/51cec790-d7fb-40ce-bb0f-fd3da6df4162/part.1: OK
./minio-data/.minio.sys/tmp/.trash/51cec790-d7fb-40ce-bb0f-fd3da6df4162/xl.meta.bkp: OK
./minio-data/.minio.sys/tmp/.trash/51e01be1-ffbc-47ab-937a-62e10ddf8c99/xl.meta.bkp: OK
./minio-data/.minio.sys/tmp/.trash/53c49347-1048-461c-b676-6c6726cc3c16/part.1: OK
./minio-data/.minio.sys/tmp/.trash/53c49347-1048-461c-b676-6c6726cc3c16/xl.meta.bkp: OK
./minio-data/.minio.sys/tmp/.trash/548c3996-9e78-4828-8b36-e65a5894363c/part.1: OK
./minio-data/.minio.sys/tmp/.trash/548c3996-9e78-4828-8b36-e65a5894363c/xl.meta.bkp: OK
./minio-data/.minio.sys/tmp/.trash/54f30be9-5021-4499-8042-3cee3a29f60d/xl.meta.bkp: OK
./minio-data/.minio.sys/tmp/.trash/55515ce2-19d5-4684-aeca-6292741cbf7e/part.1: OK
./minio-data/.minio.sys/tmp/.trash/55515ce2-19d5-4684-aeca-6292741cbf7e/xl.meta.bkp: OK
./minio-data/.minio.sys/tmp/.trash/56b44af2-c436-4a08-8725-7721acdf02b6/xl.meta.bkp: OK
./minio-data/.minio.sys/tmp/.trash/57ceff1b-ef68-44b6-9bbd-2e70e16a0a10/xl.meta.bkp: OK
./minio-data/.minio.sys/tmp/.trash/596b1599-170e-4587-b5d2-028a61476507/xl.meta.bkp: OK
./minio-data/.minio.sys/tmp/.trash/59cb6b4e-3049-457c-8212-eec10051352a/xl.meta.bkp: OK
./minio-data/.minio.sys/tmp/.trash/59fe5750-d871-422f-8751-7d892a520d97/xl.meta.bkp: OK
./minio-data/.minio.sys/tmp/.trash/5d55639c-28f9-4cb6-ba4a-6bc1dd3609e6/xl.meta.bkp: OK
./minio-data/.minio.sys/tmp/.trash/5dd850b1-23bb-441e-8747-b999c935cb13/xl.meta.bkp: OK
./minio-data/.minio.sys/tmp/.trash/5e7bceb4-7d83-4947-8503-3a81adba5e6b/xl.meta.bkp: OK
./minio-data/.minio.sys/tmp/.trash/5e94ff40-1a42-4344-aff3-f4c56b346bc7/part.1: OK
./minio-data/.minio.sys/tmp/.trash/5e94ff40-1a42-4344-aff3-f4c56b346bc7/xl.meta.bkp: OK
./minio-data/.minio.sys/tmp/.trash/5ed1d280-0e73-41d3-85f9-97143612c23e/part.1: OK
./minio-data/.minio.sys/tmp/.trash/5ed1d280-0e73-41d3-85f9-97143612c23e/xl.meta.bkp: OK
./minio-data/.minio.sys/tmp/.trash/5f99e103-6319-4343-8806-3117c32b3914/xl.meta.bkp: OK
./minio-data/.minio.sys/tmp/.trash/607686cb-8195-443b-bd72-b36a2fb70238/xl.meta.bkp: OK
./minio-data/.minio.sys/tmp/.trash/60b4c76a-157a-4589-862e-6485d47d4dfa/xl.meta.bkp: OK
./minio-data/.minio.sys/tmp/.trash/6138dce2-8f7b-499f-9ae6-fbeda7f5fe27/xl.meta.bkp: OK
./minio-data/.minio.sys/tmp/.trash/6197d135-d632-43d6-bad5-c32d89098465/part.1: OK
./minio-data/.minio.sys/tmp/.trash/6197d135-d632-43d6-bad5-c32d89098465/xl.meta.bkp: OK
./minio-data/.minio.sys/tmp/.trash/62595612-1586-4fa3-a41e-5cb292e32c12/xl.meta.bkp: OK
./minio-data/.minio.sys/tmp/.trash/63089ffe-713e-4864-902b-cc7286f604f6/xl.meta.bkp: OK
./minio-data/.minio.sys/tmp/.trash/6340ad10-0174-4c66-88f4-a0bb9e0b08a2/xl.meta.bkp: OK
./minio-data/.minio.sys/tmp/.trash/637cc65c-d1ef-4952-90a7-3e82baaa2d45/xl.meta.bkp: OK
./minio-data/.minio.sys/tmp/.trash/63f21385-078d-4613-aa03-039ceafdff55/xl.meta.bkp: OK
./minio-data/.minio.sys/tmp/.trash/6577432d-b899-4198-a3fa-cbf0db57d475/xl.meta.bkp: OK
./minio-data/.minio.sys/tmp/.trash/65c9992f-0d43-4ccf-adff-8aa8fd6c2a6a/xl.meta.bkp: OK
./minio-data/.minio.sys/tmp/.trash/65f8b76c-d6e3-4079-a199-d0df904352df/xl.meta.bkp: OK
./minio-data/.minio.sys/tmp/.trash/67275790-3cc4-4c42-a152-3e0da29f8837/xl.meta.bkp: OK
./minio-data/.minio.sys/tmp/.trash/679a2405-28af-41db-b43f-a61aa8d48e25/xl.meta.bkp: OK
./minio-data/.minio.sys/tmp/.trash/67dd4ca4-e82b-46ad-a819-29d88d25a24d/xl.meta.bkp: OK
./minio-data/.minio.sys/tmp/.trash/68ba80e5-14a8-4951-a7d4-303812ca11d0/xl.meta.bkp: OK
./minio-data/.minio.sys/tmp/.trash/6abd4a40-018f-4b31-bf37-9611af87daf4/xl.meta.bkp: OK
./minio-data/.minio.sys/tmp/.trash/6b87edbc-e33e-4001-b720-75d28e5a6e25/xl.meta.bkp: OK
./minio-data/.minio.sys/tmp/.trash/6cf53361-bf72-44e7-9554-286cb45bfde3/xl.meta.bkp: OK
./minio-data/.minio.sys/tmp/.trash/6e543b3f-7799-4216-bf11-d05b264e75e4/xl.meta.bkp: OK
./minio-data/.minio.sys/tmp/.trash/6f7e3641-c87a-46ae-ac95-96f90d5fd700/xl.meta.bkp: OK
./minio-data/.minio.sys/tmp/.trash/718e7083-0a4a-4787-bd73-6968f7cb4af0/xl.meta.bkp: OK
./minio-data/.minio.sys/tmp/.trash/723f6306-244b-4f6f-b470-fa836135219b/xl.meta.bkp: OK
./minio-data/.minio.sys/tmp/.trash/72936b3a-4d02-4d33-87c8-73b95e038477/xl.meta.bkp: OK
./minio-data/.minio.sys/tmp/.trash/72cf253e-9f88-493a-8e5b-b368c7694c50/xl.meta.bkp: OK
./minio-data/.minio.sys/tmp/.trash/72d1d0ec-4f30-4802-ad0f-6eaf3d75afcb/part.1: OK
./minio-data/.minio.sys/tmp/.trash/72d1d0ec-4f30-4802-ad0f-6eaf3d75afcb/xl.meta.bkp: OK
./minio-data/.minio.sys/tmp/.trash/72ee3c7f-c7fd-45aa-a60d-7c233ff5f539/xl.meta.bkp: OK
./minio-data/.minio.sys/tmp/.trash/75aef9ef-d95e-4288-929e-be8cd33c5519/xl.meta.bkp: OK
./minio-data/.minio.sys/tmp/.trash/76f8847c-de12-4415-8444-2ac8335b6bf4/xl.meta.bkp: OK
./minio-data/.minio.sys/tmp/.trash/7758edcf-e31c-43e9-9ea1-08eed8276669/xl.meta.bkp: OK
./minio-data/.minio.sys/tmp/.trash/77911d2c-8559-4cef-9093-f9dc46a2b76c/xl.meta.bkp: OK
./minio-data/.minio.sys/tmp/.trash/77b83e26-d69e-46e7-8852-b4fdf0702d59/xl.meta.bkp: OK
./minio-data/.minio.sys/tmp/.trash/7a2cd64b-bdbf-404a-afb8-0adbb65deb2c/xl.meta.bkp: OK
./minio-data/.minio.sys/tmp/.trash/7a42e928-0adc-49b6-a46f-f13cdcbb4e4c/xl.meta.bkp: OK
./minio-data/.minio.sys/tmp/.trash/7b414d95-9d2f-4da0-b333-00007fbacb2a/xl.meta.bkp: OK
./minio-data/.minio.sys/tmp/.trash/7b92f18d-0dab-4c82-867a-e59fbacffb7c/xl.meta.bkp: OK
./minio-data/.minio.sys/tmp/.trash/7cb7e13c-ef61-40cf-a033-3e8bf9b20f6e/xl.meta.bkp: OK
./minio-data/.minio.sys/tmp/.trash/7d17e2d4-cf1d-47b2-911a-a70936dbf12f/xl.meta.bkp: OK
./minio-data/.minio.sys/tmp/.trash/7d3d7a9c-c61e-4695-b3ba-8f49fcd56cb5/xl.meta.bkp: OK
./minio-data/.minio.sys/tmp/.trash/7dc79590-ac0d-456c-80dd-4de2b1b7a49b/xl.meta.bkp: OK
./minio-data/.minio.sys/tmp/.trash/7ed4b8fa-4dd6-4dd2-a76b-b4ca0b162b6b/xl.meta.bkp: OK
./minio-data/.minio.sys/tmp/.trash/7f4bf043-b3a5-43fd-8939-b8283ffc861f/xl.meta.bkp: OK
./minio-data/.minio.sys/tmp/.trash/7fdbcf58-8699-46a7-9092-0aece2455217/xl.meta.bkp: OK
./minio-data/.minio.sys/tmp/.trash/83de2c63-d061-4fdf-a5e3-83a3ef9e1dcf/xl.meta.bkp: OK
./minio-data/.minio.sys/tmp/.trash/848a03eb-7375-40c5-a903-7728b4b20cb0/xl.meta.bkp: OK
./minio-data/.minio.sys/tmp/.trash/85326178-e866-422c-bf37-dbcdf754e576/xl.meta.bkp: OK
./minio-data/.minio.sys/tmp/.trash/8626c66d-bfbf-4eb9-99fe-9a271e0befad/xl.meta.bkp: OK
./minio-data/.minio.sys/tmp/.trash/864565ac-8345-47e2-997f-d16c3347cd9b/xl.meta.bkp: OK
./minio-data/.minio.sys/tmp/.trash/870d575a-8706-42b1-a068-e14a8261baea/xl.meta.bkp: OK
./minio-data/.minio.sys/tmp/.trash/87e043d0-4368-42c0-a8db-22113e38bea2/xl.meta.bkp: OK
./minio-data/.minio.sys/tmp/.trash/8952f4c4-fac8-4312-8233-6e73c9ec88d2/xl.meta.bkp: OK
./minio-data/.minio.sys/tmp/.trash/8a96ebdc-290c-45e8-8d1c-21d75204e88a/xl.meta.bkp: OK
./minio-data/.minio.sys/tmp/.trash/8af8a91c-b8f1-4b1e-9ace-71830ba747cc/part.1: OK
./minio-data/.minio.sys/tmp/.trash/8af8a91c-b8f1-4b1e-9ace-71830ba747cc/xl.meta.bkp: OK
./minio-data/.minio.sys/tmp/.trash/8b190055-f38a-47c5-8cb9-f74c1d6f84fe/xl.meta.bkp: OK
./minio-data/.minio.sys/tmp/.trash/8d2d20a7-585f-40cb-ada9-5b5a77327433/xl.meta.bkp: OK
./minio-data/.minio.sys/tmp/.trash/8e2a6644-286e-498b-b4d6-1afb568dc740/xl.meta.bkp: OK
./minio-data/.minio.sys/tmp/.trash/8f3645cf-8c1b-4be1-a942-ab523a9c019b/xl.meta.bkp: OK
./minio-data/.minio.sys/tmp/.trash/8fbcb366-a08e-4788-b34b-6653e37545e7/xl.meta.bkp: OK
./minio-data/.minio.sys/tmp/.trash/910186e1-b2e5-4185-9e06-eaefcaa4a45f/xl.meta.bkp: OK
./minio-data/.minio.sys/tmp/.trash/91762548-d605-4389-af85-8693c1eb3c59/xl.meta.bkp: OK
./minio-data/.minio.sys/tmp/.trash/92a5555e-3e7b-470d-b2e2-e9c9f2130238/xl.meta.bkp: OK
./minio-data/.minio.sys/tmp/.trash/92c4db15-b863-4d5a-8a41-164b49826be0/xl.meta.bkp: OK
./minio-data/.minio.sys/tmp/.trash/92f81809-3afb-4e1b-b93b-2e328288ab2e/xl.meta.bkp: OK
./minio-data/.minio.sys/tmp/.trash/932a9a54-61a8-46fb-90b9-a09fbcebd36c/xl.meta.bkp: OK
./minio-data/.minio.sys/tmp/.trash/935de189-2295-4608-867b-386b272d53ec/xl.meta.bkp: OK
./minio-data/.minio.sys/tmp/.trash/950a9c75-e7c8-4f92-8834-bdece931db68/xl.meta.bkp: OK
./minio-data/.minio.sys/tmp/.trash/958a7819-a88b-4f40-a165-c4f83597e27d/xl.meta.bkp: OK
./minio-data/.minio.sys/tmp/.trash/959aeaa2-b894-4e02-95a3-ddbcf6a792ce/part.1: OK
./minio-data/.minio.sys/tmp/.trash/959aeaa2-b894-4e02-95a3-ddbcf6a792ce/xl.meta.bkp: OK
./minio-data/.minio.sys/tmp/.trash/95bb225e-218c-4c03-bf40-d09300bfac5c/xl.meta.bkp: OK
./minio-data/.minio.sys/tmp/.trash/96ba4be7-eac5-44a5-b967-2d6b4bd4577d/xl.meta.bkp: OK
./minio-data/.minio.sys/tmp/.trash/9876fa0e-a5a7-477f-a39f-189d191c25eb/xl.meta.bkp: OK
./minio-data/.minio.sys/tmp/.trash/991c6174-0aaa-4be3-b3cf-4268416c51f5/xl.meta.bkp: OK
./minio-data/.minio.sys/tmp/.trash/997ec6ca-9dfd-46d6-9021-5eb11a286165/xl.meta.bkp: OK
./minio-data/.minio.sys/tmp/.trash/99d35525-ea71-423a-817e-103a47d197ee/xl.meta.bkp: OK
./minio-data/.minio.sys/tmp/.trash/9ba0cd2a-3f16-48e5-9bb1-e36a0eba7856/xl.meta.bkp: OK
./minio-data/.minio.sys/tmp/.trash/9c1eba7b-2dc8-4000-8da2-f32ad3b90067/xl.meta.bkp: OK
./minio-data/.minio.sys/tmp/.trash/9e7129a5-6b6c-47dc-99bd-2ef99ae5894e/xl.meta.bkp: OK
./minio-data/.minio.sys/tmp/.trash/9e7be23c-9775-4467-a1f6-2df97a493776/xl.meta.bkp: OK
./minio-data/.minio.sys/tmp/.trash/a06972d0-1e07-4dfe-8055-2ce8e1d068b5/xl.meta.bkp: OK
./minio-data/.minio.sys/tmp/.trash/a101d64c-bfaf-4575-ad29-68b0697bfb56/xl.meta.bkp: OK
./minio-data/.minio.sys/tmp/.trash/a2728d27-d791-4d94-b118-01cf02bd4b9d/xl.meta.bkp: OK
./minio-data/.minio.sys/tmp/.trash/a2d5684e-2444-44a6-9c58-bd7bce304cfc/xl.meta.bkp: OK
./minio-data/.minio.sys/tmp/.trash/a3515e51-6ff1-43f8-a9dc-7f903a99ff0f/xl.meta.bkp: OK
./minio-data/.minio.sys/tmp/.trash/a5e3b51d-051d-43fa-aaa7-39bd596400ad/xl.meta.bkp: OK
./minio-data/.minio.sys/tmp/.trash/a6264414-63fb-40fa-a3c4-98f65c7b9b86/xl.meta.bkp: OK
./minio-data/.minio.sys/tmp/.trash/a6c01a2a-eebb-4cd7-ba50-e45f8a268e8f/xl.meta.bkp: OK
./minio-data/.minio.sys/tmp/.trash/a87a9152-76e5-4201-8109-7fdbcc655fbc/xl.meta.bkp: OK
./minio-data/.minio.sys/tmp/.trash/aa1a36ff-978f-4e89-b410-6967178c68b0/xl.meta.bkp: OK
./minio-data/.minio.sys/tmp/.trash/aad6b37d-c2d8-4b7f-8d5d-1ad8c2c896ee/xl.meta.bkp: OK
./minio-data/.minio.sys/tmp/.trash/ab4a99eb-20cb-4c23-a58d-c490a6a81215/xl.meta.bkp: OK
./minio-data/.minio.sys/tmp/.trash/abaf8433-799b-47d8-8e18-61b363f820ae/part.1: OK
./minio-data/.minio.sys/tmp/.trash/abaf8433-799b-47d8-8e18-61b363f820ae/xl.meta.bkp: OK
./minio-data/.minio.sys/tmp/.trash/ac98207b-4c53-490c-bab1-42c1df3a6e91/xl.meta.bkp: OK
./minio-data/.minio.sys/tmp/.trash/ae5d4c4c-6657-4e08-839b-394a735ac65f/xl.meta.bkp: OK
./minio-data/.minio.sys/tmp/.trash/af4bb88f-f936-4903-ad9b-e9a64b9870db/xl.meta.bkp: OK
./minio-data/.minio.sys/tmp/.trash/af7e6ebf-a1d1-45e9-818d-139a761abd28/xl.meta.bkp: OK
./minio-data/.minio.sys/tmp/.trash/b0e59593-7909-4f1c-9e62-29e11d750005/xl.meta.bkp: OK
./minio-data/.minio.sys/tmp/.trash/b165b534-9f37-4ded-b8d5-700d51d23e63/part.1: OK
./minio-data/.minio.sys/tmp/.trash/b165b534-9f37-4ded-b8d5-700d51d23e63/xl.meta.bkp: OK
./minio-data/.minio.sys/tmp/.trash/b2259c46-48f5-4dae-bbf2-d976ac9369cc/xl.meta.bkp: OK
./minio-data/.minio.sys/tmp/.trash/b3081f30-4cec-41e7-8c55-3e5d316ebb49/xl.meta.bkp: OK
./minio-data/.minio.sys/tmp/.trash/b3632a91-1ac5-4893-96c6-1373d3fe7778/xl.meta.bkp: OK
./minio-data/.minio.sys/tmp/.trash/b3f38649-30aa-43f0-9a76-b537502060c1/xl.meta.bkp: OK
./minio-data/.minio.sys/tmp/.trash/b4989634-c4d4-48cd-81bb-588c215264b3/xl.meta.bkp: OK
./minio-data/.minio.sys/tmp/.trash/b5e23411-1e56-48bc-a92d-791d6d3b88c1/xl.meta.bkp: OK
./minio-data/.minio.sys/tmp/.trash/b9156d28-7816-4b00-b513-87e543e49bbd/xl.meta.bkp: OK
./minio-data/.minio.sys/tmp/.trash/b94292e9-b33f-49d2-91ad-13db89a9470c/xl.meta.bkp: OK
./minio-data/.minio.sys/tmp/.trash/b9ec4c7f-4c39-4d48-8281-8d2e0feed9ca/xl.meta.bkp: OK
./minio-data/.minio.sys/tmp/.trash/b9f2ef55-c3cb-4683-a052-320015f67646/xl.meta.bkp: OK
./minio-data/.minio.sys/tmp/.trash/ba9b097d-ce65-49d8-9e63-87d48425da23/xl.meta.bkp: OK
./minio-data/.minio.sys/tmp/.trash/bbb5adf6-7410-484e-8ed0-4eff6b4da1b1/xl.meta.bkp: OK
./minio-data/.minio.sys/tmp/.trash/bbc66e23-71f4-4fa6-85a3-3080be1a4571/xl.meta.bkp: OK
./minio-data/.minio.sys/tmp/.trash/bc198299-05c1-4833-b784-4676440ed19b/xl.meta.bkp: OK
./minio-data/.minio.sys/tmp/.trash/bc50cc1f-3fdc-44d0-b3b5-fba6834d5392/xl.meta.bkp: OK
./minio-data/.minio.sys/tmp/.trash/bcbc0af7-7307-4d45-84c3-639f2b42ded1/xl.meta.bkp: OK
./minio-data/.minio.sys/tmp/.trash/bccfa542-ba58-4800-88ca-91e7c87bb986/xl.meta.bkp: OK
./minio-data/.minio.sys/tmp/.trash/be45d2c4-7fb8-483d-ba76-a3709a0ac812/xl.meta.bkp: OK
./minio-data/.minio.sys/tmp/.trash/bf3c13d1-1fbb-490e-a237-45b7710dd8e2/xl.meta.bkp: OK
./minio-data/.minio.sys/tmp/.trash/bf7ccaf1-3e9a-4e01-a105-078d7d435bea/xl.meta.bkp: OK
./minio-data/.minio.sys/tmp/.trash/c0be4965-dfa5-4774-9821-bd1759195ed7/xl.meta.bkp: OK
./minio-data/.minio.sys/tmp/.trash/c20dc11e-dfe8-4693-96a7-80808ffcbcd5/xl.meta.bkp: OK
./minio-data/.minio.sys/tmp/.trash/c2a018c1-24af-43c3-8458-f4f5c0e90959/xl.meta.bkp: OK
./minio-data/.minio.sys/tmp/.trash/c333172a-c634-42c7-b6b9-c0f14c8906a5/xl.meta.bkp: OK
./minio-data/.minio.sys/tmp/.trash/c3994c15-3a4d-4515-9be6-1fdcbba6a33f/xl.meta.bkp: OK
./minio-data/.minio.sys/tmp/.trash/c3b0186a-3bc3-4ee9-93a8-0c0c97f6dc7b/xl.meta.bkp: OK
./minio-data/.minio.sys/tmp/.trash/c41256c7-4c17-483d-9c14-51a01ad20619/xl.meta.bkp: OK
./minio-data/.minio.sys/tmp/.trash/c4a90a09-6831-4ccb-988b-ea4416238fcd/part.1: OK
./minio-data/.minio.sys/tmp/.trash/c4a90a09-6831-4ccb-988b-ea4416238fcd/xl.meta.bkp: OK
./minio-data/.minio.sys/tmp/.trash/c53c5e61-96d7-44cb-bae8-0a3b7a7ec11b/xl.meta.bkp: OK
./minio-data/.minio.sys/tmp/.trash/c5c6a384-f8d3-4bbf-b0cb-3648c3b4f48f/xl.meta.bkp: OK
./minio-data/.minio.sys/tmp/.trash/c6513932-035d-4c4e-841e-0f40f1db0990/xl.meta.bkp: OK
./minio-data/.minio.sys/tmp/.trash/c69c6939-b1f1-40ce-8bc9-c978788903b3/xl.meta.bkp: OK
./minio-data/.minio.sys/tmp/.trash/c80224a3-7b6d-418c-bef3-52f15c028e9e/xl.meta.bkp: OK
./minio-data/.minio.sys/tmp/.trash/c8d0fd85-64fb-401e-adc4-8674d6472886/xl.meta.bkp: OK
./minio-data/.minio.sys/tmp/.trash/ca7d9208-843f-4b70-b8d2-b159adfae0d2/xl.meta.bkp: OK
./minio-data/.minio.sys/tmp/.trash/cacf87eb-6ea1-4a59-b6c4-00342df446f6/xl.meta.bkp: OK
./minio-data/.minio.sys/tmp/.trash/cad1cfa0-1071-4eb3-b081-89e87ec939e3/xl.meta.bkp: OK
./minio-data/.minio.sys/tmp/.trash/cb239c67-f1e8-471c-b1d7-4f0fb74b364d/xl.meta.bkp: OK
./minio-data/.minio.sys/tmp/.trash/cb2ddbd8-c34d-4bfb-b956-42e4fe001a65/xl.meta.bkp: OK
./minio-data/.minio.sys/tmp/.trash/cc54147b-4b92-48b9-a75b-955a531e1363/xl.meta.bkp: OK
./minio-data/.minio.sys/tmp/.trash/cccfc7c7-d306-40d2-921b-c2ff812a5adc/xl.meta.bkp: OK
./minio-data/.minio.sys/tmp/.trash/cd783d78-bd6f-4501-a9e7-d156ae5d4d19/xl.meta.bkp: OK
./minio-data/.minio.sys/tmp/.trash/cd984a2d-2443-4a29-8d88-fdc1dee5b0e2/xl.meta.bkp: OK
./minio-data/.minio.sys/tmp/.trash/cdb530a4-f118-445b-8954-a59902709a2c/xl.meta.bkp: OK
./minio-data/.minio.sys/tmp/.trash/ceaa6f39-3941-4a13-a76f-6bf32ae5b0f0/xl.meta.bkp: OK
./minio-data/.minio.sys/tmp/.trash/cf40220b-e1c7-4221-a95e-b4e46d61af90/xl.meta.bkp: OK
./minio-data/.minio.sys/tmp/.trash/cf724435-7135-4d6b-9144-618949affd9f/xl.meta.bkp: OK
./minio-data/.minio.sys/tmp/.trash/cfaf786f-30b8-489b-87c7-3c1a41a61333/xl.meta.bkp: OK
./minio-data/.minio.sys/tmp/.trash/cfb1e9be-cb7a-4939-aaa7-3166bbfce06d/xl.meta.bkp: OK
./minio-data/.minio.sys/tmp/.trash/d03d84f6-6d9e-4092-bd07-ba1fc0530f31/xl.meta.bkp: OK
./minio-data/.minio.sys/tmp/.trash/d0891443-3fdc-409f-ba52-e44e8b84a7ce/xl.meta.bkp: OK
./minio-data/.minio.sys/tmp/.trash/d11dd8a4-2d6d-42d9-ba29-2b826c2d0a56/xl.meta.bkp: OK
./minio-data/.minio.sys/tmp/.trash/d14b6226-07a0-4b9c-be2a-d83e93eb87d0/xl.meta.bkp: OK
./minio-data/.minio.sys/tmp/.trash/d395fddb-1738-40cd-9adb-aeb97d083334/xl.meta.bkp: OK
./minio-data/.minio.sys/tmp/.trash/d518f46d-1212-422e-8ae0-a90e66c93398/xl.meta.bkp: OK
./minio-data/.minio.sys/tmp/.trash/d593c68f-c309-4306-b6f3-3fcad609bd70/xl.meta.bkp: OK
./minio-data/.minio.sys/tmp/.trash/d878fb66-3cff-4160-9e6e-ad485ea09664/xl.meta.bkp: OK
./minio-data/.minio.sys/tmp/.trash/d894da91-c673-4c4a-a681-90b52da2ca29/xl.meta.bkp: OK
./minio-data/.minio.sys/tmp/.trash/d94b9e8b-6df1-4c68-9a5b-1fabccc36129/xl.meta.bkp: OK
./minio-data/.minio.sys/tmp/.trash/da6b63a9-6d28-4a76-8ad7-a151e48720b3/xl.meta.bkp: OK
./minio-data/.minio.sys/tmp/.trash/dabd75e5-73e0-4de3-8f53-936f39f40b12/xl.meta.bkp: OK
./minio-data/.minio.sys/tmp/.trash/dc09de8f-9a2d-4289-8124-201c1ba28c3e/xl.meta.bkp: OK
./minio-data/.minio.sys/tmp/.trash/dccc924a-ed07-4ecc-bda2-09453b055d2d/xl.meta.bkp: OK
./minio-data/.minio.sys/tmp/.trash/dd5cdfc8-6cea-4a11-88dd-2b3cea4ecec1/xl.meta.bkp: OK
./minio-data/.minio.sys/tmp/.trash/dd8d2414-7ffb-4367-837b-8f5bb67160ba/xl.meta.bkp: OK
./minio-data/.minio.sys/tmp/.trash/ddc8d1b5-c7d8-437d-bfa5-fcdb0fb35136/xl.meta.bkp: OK
./minio-data/.minio.sys/tmp/.trash/de3f0e37-0ce0-4352-8e42-769a87b33cfb/xl.meta.bkp: OK
./minio-data/.minio.sys/tmp/.trash/de72226b-9f87-47be-990f-c42e6195ad6f/xl.meta.bkp: OK
./minio-data/.minio.sys/tmp/.trash/deb883a2-af91-4961-9f7b-1693288241b5/xl.meta.bkp: OK
./minio-data/.minio.sys/tmp/.trash/df089d8d-6228-4b89-a136-fa32f318dfa8/xl.meta.bkp: OK
./minio-data/.minio.sys/tmp/.trash/dfd2ef90-6a9a-4211-8234-3c0df31f8bf7/xl.meta.bkp: OK
./minio-data/.minio.sys/tmp/.trash/e010b025-7b55-48af-bee7-5db7d45128a4/xl.meta.bkp: OK
./minio-data/.minio.sys/tmp/.trash/e2292a30-d716-418d-9781-a527f7b95171/xl.meta.bkp: OK
./minio-data/.minio.sys/tmp/.trash/e22e4368-f1ec-4fe0-88d6-34a1a9b0339e/xl.meta.bkp: OK
./minio-data/.minio.sys/tmp/.trash/e4260fc5-49d4-4c5a-bf99-6b8601dad6d5/xl.meta.bkp: OK
./minio-data/.minio.sys/tmp/.trash/e4463f16-67a2-4e1a-bdb3-13844e6179e3/xl.meta.bkp: OK
./minio-data/.minio.sys/tmp/.trash/e447c0b6-85b1-43ea-b05b-70f877ab3462/xl.meta.bkp: OK
./minio-data/.minio.sys/tmp/.trash/e44a76a2-82a4-4305-aff6-586c6198ca29/xl.meta.bkp: OK
./minio-data/.minio.sys/tmp/.trash/e454ea82-e609-48d6-9c41-140d2949f119/part.1: OK
./minio-data/.minio.sys/tmp/.trash/e454ea82-e609-48d6-9c41-140d2949f119/xl.meta.bkp: OK
./minio-data/.minio.sys/tmp/.trash/e4adc43d-9603-48a7-85e6-a0e9cdb02ef9/xl.meta.bkp: OK
./minio-data/.minio.sys/tmp/.trash/e5a19111-8026-41bb-994c-3653a4bc256b/xl.meta.bkp: OK
./minio-data/.minio.sys/tmp/.trash/e5d91ba8-c843-4895-9efe-a94d6b4cb3f9/xl.meta.bkp: OK
./minio-data/.minio.sys/tmp/.trash/e7c743d1-dfbb-4ba8-be5e-666adf311c0d/xl.meta.bkp: OK
./minio-data/.minio.sys/tmp/.trash/e83d0d27-2a5d-44e7-a24a-d13b8a6160b7/xl.meta.bkp: OK
./minio-data/.minio.sys/tmp/.trash/e8f7c8df-4ac0-41e1-9eec-c2950133ab98/xl.meta.bkp: OK
./minio-data/.minio.sys/tmp/.trash/e956b7f8-4096-4daa-b39d-22db39db0e42/xl.meta.bkp: OK
./minio-data/.minio.sys/tmp/.trash/eb3acada-e0b2-4460-9f2a-0e1d5e1713eb/xl.meta.bkp: OK
./minio-data/.minio.sys/tmp/.trash/ed1194b5-ce37-499d-8a5f-e88bd7a07608/xl.meta.bkp: OK
./minio-data/.minio.sys/tmp/.trash/f1a5ce2d-0bfa-40ba-9b1e-3885a0a6955b/xl.meta.bkp: OK
./minio-data/.minio.sys/tmp/.trash/f1dda1a6-5bda-4929-be6d-a726704277e1/xl.meta.bkp: OK
./minio-data/.minio.sys/tmp/.trash/f38c979f-c46d-4733-9bd2-5a5ea305179f/part.1: OK
./minio-data/.minio.sys/tmp/.trash/f38c979f-c46d-4733-9bd2-5a5ea305179f/xl.meta.bkp: OK
./minio-data/.minio.sys/tmp/.trash/f3aafa45-27ab-4fea-bad0-74711e0a8e24/xl.meta.bkp: OK
./minio-data/.minio.sys/tmp/.trash/f3cb0df4-c13d-47b4-9107-d7ebd3e2319b/xl.meta.bkp: OK
./minio-data/.minio.sys/tmp/.trash/f5a4f8b8-7461-44f7-b60b-f5c326729965/xl.meta.bkp: OK
./minio-data/.minio.sys/tmp/.trash/f65f10d9-662b-48c1-be3a-b068d00d31b4/xl.meta.bkp: OK
./minio-data/.minio.sys/tmp/.trash/f6d6fdc4-337e-4ad2-ac16-3ccf816b3168/xl.meta.bkp: OK
./minio-data/.minio.sys/tmp/.trash/f71c1c03-7a5a-47c3-a70e-0e2a06b0eebe/xl.meta.bkp: OK
./minio-data/.minio.sys/tmp/.trash/f7fd2152-1dde-4cd8-a071-8329c80d013a/xl.meta.bkp: OK
./minio-data/.minio.sys/tmp/.trash/f8f9d980-9b04-44ad-9ceb-7ca882337aa3/xl.meta.bkp: OK
./minio-data/.minio.sys/tmp/.trash/f9289307-e2c3-4125-b46f-992c692f5f95/xl.meta.bkp: OK
./minio-data/.minio.sys/tmp/.trash/f94b572c-45ea-46ee-beed-16e8fe02639c/xl.meta.bkp: OK
./minio-data/.minio.sys/tmp/.trash/faf06996-679a-4595-ad97-c1ec3743b53a/xl.meta.bkp: OK
./minio-data/.minio.sys/tmp/.trash/fb21dde6-6844-4ba3-86b6-c7b59aad55cd/xl.meta.bkp: OK
./minio-data/.minio.sys/tmp/.trash/fbcbc573-1b31-4635-9160-d0a33fe6c5d8/xl.meta.bkp: OK
./minio-data/.minio.sys/tmp/.trash/fc1d2459-fe87-4709-872f-1d137f7eb8aa/xl.meta.bkp: OK
./minio-data/.minio.sys/tmp/.trash/fc61d8df-0120-43e8-96dc-59e0124bdeda/part.1: OK
./minio-data/.minio.sys/tmp/.trash/fc61d8df-0120-43e8-96dc-59e0124bdeda/xl.meta.bkp: OK
./minio-data/.minio.sys/tmp/.trash/fc6f1d1e-81ca-468b-9c30-597db9f6d757/xl.meta.bkp: OK
./minio-data/.minio.sys/tmp/.trash/fda5d0c4-8e73-4b2b-a11e-8a92edca54f5/xl.meta.bkp: OK
./minio-data/.minio.sys/tmp/.trash/fdbf6c8c-7a37-4d9e-b789-416c6a70be3a/xl.meta.bkp: OK
./minio-data/.minio.sys/tmp/.trash/fde79db8-555c-49da-9441-2c52450cc956/xl.meta.bkp: OK
./minio-data/.minio.sys/tmp/.trash/fef94074-466b-4d45-8fe8-2bd0afcf86af/xl.meta.bkp: OK
./minio-data/.minio.sys/tmp/2d834e89-167b-4101-ab69-087bfb4c75bd: OK
./minio-data/.minio.sys/tmp/300a1a28-522e-4ee3-ad54-e0856590fbc0: OK
./minio-data/.minio.sys/tmp/444a7b8a-6d0c-441a-9fad-3800cb43c2e2: OK
./minio-data/.minio.sys/tmp/4a6867b5-bb7e-4f15-8566-a78bb62ad544: OK
./minio-data/.minio.sys/tmp/4ef5dc67-1519-484f-ad08-253afdc27b3b: OK
./minio-data/.minio.sys/tmp/5055eb1e-e14c-42b1-82b0-aea8f3b3071e: OK
./minio-data/.minio.sys/tmp/6d2396a4-9690-4565-b62d-b3b668662bb9: OK
./minio-data/.minio.sys/tmp/a9041a00-0aac-4e4f-9999-c3aa1456a9a4: OK
./minio-data/.minio.sys/tmp/b2cd5430-ebb7-4dc3-8be1-4555edca9e11: OK
./minio-data/.minio.sys/tmp/b5f31f4a-a63c-4429-9f50-0831f82be4bc: OK
./minio-data/.minio.sys/tmp/c601d2e3-fd78-47c8-a5fb-e3d8c23799f6: OK
./minio-data/.minio.sys/tmp/e44d9c63-2bb6-4286-8e08-2e6f250865d5: OK
./minio-data/.minio.sys/tmp/f1d8fa4a-1f86-442c-b031-cfe451b30012: OK
./minio-data/.minio.sys/tmp/fa5ab7ee-ee66-4a03-b0c1-56eca7d6e869: OK
./minio-data/music-assets/11111111-1111-1111-1111-111111111111/audio/16/161324a7e87d2c91313f0f5e8395c56c3019c1f0a3bfbeb329ce6d4f9ec75f96.wav/00b13047-2165-41ff-a51c-0213072565ed/part.1: OK
./minio-data/music-assets/11111111-1111-1111-1111-111111111111/audio/16/161324a7e87d2c91313f0f5e8395c56c3019c1f0a3bfbeb329ce6d4f9ec75f96.wav/079a6e0d-5d4c-46ec-8dec-802db52de9ba/part.1: OK
./minio-data/music-assets/11111111-1111-1111-1111-111111111111/audio/16/161324a7e87d2c91313f0f5e8395c56c3019c1f0a3bfbeb329ce6d4f9ec75f96.wav/0de95c88-6f43-486b-ae7a-cdcef0d07af8/part.1: OK
./minio-data/music-assets/11111111-1111-1111-1111-111111111111/audio/16/161324a7e87d2c91313f0f5e8395c56c3019c1f0a3bfbeb329ce6d4f9ec75f96.wav/1220ca57-9f95-4af3-8130-4fbae04d24c6/part.1: OK
./minio-data/music-assets/11111111-1111-1111-1111-111111111111/audio/16/161324a7e87d2c91313f0f5e8395c56c3019c1f0a3bfbeb329ce6d4f9ec75f96.wav/13162b85-36de-40dd-93f4-66f4edb55314/part.1: OK
./minio-data/music-assets/11111111-1111-1111-1111-111111111111/audio/16/161324a7e87d2c91313f0f5e8395c56c3019c1f0a3bfbeb329ce6d4f9ec75f96.wav/266e2ee9-277b-4cb7-bb9a-6954c54c4340/part.1: OK
./minio-data/music-assets/11111111-1111-1111-1111-111111111111/audio/16/161324a7e87d2c91313f0f5e8395c56c3019c1f0a3bfbeb329ce6d4f9ec75f96.wav/3085ce74-74cd-43ed-bb84-55009dc15daa/part.1: OK
./minio-data/music-assets/11111111-1111-1111-1111-111111111111/audio/16/161324a7e87d2c91313f0f5e8395c56c3019c1f0a3bfbeb329ce6d4f9ec75f96.wav/3c1d779a-4299-4fe5-8c27-c900fa1746d1/part.1: OK
./minio-data/music-assets/11111111-1111-1111-1111-111111111111/audio/16/161324a7e87d2c91313f0f5e8395c56c3019c1f0a3bfbeb329ce6d4f9ec75f96.wav/4121b3e4-5603-4906-99ad-633df8a6db01/part.1: OK
./minio-data/music-assets/11111111-1111-1111-1111-111111111111/audio/16/161324a7e87d2c91313f0f5e8395c56c3019c1f0a3bfbeb329ce6d4f9ec75f96.wav/5312403d-97f2-4cff-8a05-0134c9441725/part.1: OK
./minio-data/music-assets/11111111-1111-1111-1111-111111111111/audio/16/161324a7e87d2c91313f0f5e8395c56c3019c1f0a3bfbeb329ce6d4f9ec75f96.wav/6679a952-0e3c-4aca-8c03-6d48fcd6db35/part.1: OK
./minio-data/music-assets/11111111-1111-1111-1111-111111111111/audio/16/161324a7e87d2c91313f0f5e8395c56c3019c1f0a3bfbeb329ce6d4f9ec75f96.wav/678be182-be71-44fd-8bf9-5ac762cf5525/part.1: OK
./minio-data/music-assets/11111111-1111-1111-1111-111111111111/audio/16/161324a7e87d2c91313f0f5e8395c56c3019c1f0a3bfbeb329ce6d4f9ec75f96.wav/6c7cef65-6267-4c58-ae5e-6e67ba1a65ce/part.1: OK
./minio-data/music-assets/11111111-1111-1111-1111-111111111111/audio/16/161324a7e87d2c91313f0f5e8395c56c3019c1f0a3bfbeb329ce6d4f9ec75f96.wav/7128cd20-c2d7-4772-a451-c45b82e5d335/part.1: OK
./minio-data/music-assets/11111111-1111-1111-1111-111111111111/audio/16/161324a7e87d2c91313f0f5e8395c56c3019c1f0a3bfbeb329ce6d4f9ec75f96.wav/7c5db80e-a80a-4694-ab71-b081299672a2/part.1: OK
./minio-data/music-assets/11111111-1111-1111-1111-111111111111/audio/16/161324a7e87d2c91313f0f5e8395c56c3019c1f0a3bfbeb329ce6d4f9ec75f96.wav/808ff07d-3ae7-4ff7-845d-67cec30db44e/part.1: OK
./minio-data/music-assets/11111111-1111-1111-1111-111111111111/audio/16/161324a7e87d2c91313f0f5e8395c56c3019c1f0a3bfbeb329ce6d4f9ec75f96.wav/843f8a98-9a03-406f-9840-5e2b8c792966/part.1: OK
./minio-data/music-assets/11111111-1111-1111-1111-111111111111/audio/16/161324a7e87d2c91313f0f5e8395c56c3019c1f0a3bfbeb329ce6d4f9ec75f96.wav/9608aeb9-3d61-4cc4-afd6-71281c49c9d9/part.1: OK
./minio-data/music-assets/11111111-1111-1111-1111-111111111111/audio/16/161324a7e87d2c91313f0f5e8395c56c3019c1f0a3bfbeb329ce6d4f9ec75f96.wav/a1b5df3a-25de-4fea-a678-b47d4bd41328/part.1: OK
./minio-data/music-assets/11111111-1111-1111-1111-111111111111/audio/16/161324a7e87d2c91313f0f5e8395c56c3019c1f0a3bfbeb329ce6d4f9ec75f96.wav/a4662c78-ee95-4336-a892-a4693aa24619/part.1: OK
./minio-data/music-assets/11111111-1111-1111-1111-111111111111/audio/16/161324a7e87d2c91313f0f5e8395c56c3019c1f0a3bfbeb329ce6d4f9ec75f96.wav/a76562ea-8c45-4223-beac-405aff8b6baa/part.1: OK
./minio-data/music-assets/11111111-1111-1111-1111-111111111111/audio/16/161324a7e87d2c91313f0f5e8395c56c3019c1f0a3bfbeb329ce6d4f9ec75f96.wav/af1b8f72-879f-45e0-838a-30e472603876/part.1: OK
./minio-data/music-assets/11111111-1111-1111-1111-111111111111/audio/16/161324a7e87d2c91313f0f5e8395c56c3019c1f0a3bfbeb329ce6d4f9ec75f96.wav/c972596d-cc85-462e-8328-5e89e1471a22/part.1: OK
./minio-data/music-assets/11111111-1111-1111-1111-111111111111/audio/16/161324a7e87d2c91313f0f5e8395c56c3019c1f0a3bfbeb329ce6d4f9ec75f96.wav/ca1e3121-1a23-4f15-b8d1-54403f8a4903/part.1: OK
./minio-data/music-assets/11111111-1111-1111-1111-111111111111/audio/16/161324a7e87d2c91313f0f5e8395c56c3019c1f0a3bfbeb329ce6d4f9ec75f96.wav/e5cabbeb-a1d8-482b-8a64-72fa20845ddb/part.1: OK
./minio-data/music-assets/11111111-1111-1111-1111-111111111111/audio/16/161324a7e87d2c91313f0f5e8395c56c3019c1f0a3bfbeb329ce6d4f9ec75f96.wav/eb3bc7e9-e764-4a59-9057-0ebca2cf601b/part.1: OK
./minio-data/music-assets/11111111-1111-1111-1111-111111111111/audio/16/161324a7e87d2c91313f0f5e8395c56c3019c1f0a3bfbeb329ce6d4f9ec75f96.wav/ec507948-7a77-4e1a-919a-62e1e2cec654/part.1: OK
./minio-data/music-assets/11111111-1111-1111-1111-111111111111/audio/16/161324a7e87d2c91313f0f5e8395c56c3019c1f0a3bfbeb329ce6d4f9ec75f96.wav/xl.meta: OK
./minio-data/music-assets/11111111-1111-1111-1111-111111111111/audio/17/174d7408136c2e3cf14b58ef6ef482440634110d468ed11e59b8e4620b8af962.wav/03738b0e-077c-49e3-bfd6-af59024b4f42/part.1: OK
./minio-data/music-assets/11111111-1111-1111-1111-111111111111/audio/17/174d7408136c2e3cf14b58ef6ef482440634110d468ed11e59b8e4620b8af962.wav/03b5b5a0-4e59-49ee-82e9-4e412007bbcf/part.1: OK
./minio-data/music-assets/11111111-1111-1111-1111-111111111111/audio/17/174d7408136c2e3cf14b58ef6ef482440634110d468ed11e59b8e4620b8af962.wav/10e28dec-0921-4e8e-90d6-eef3aa20c8a1/part.1: OK
./minio-data/music-assets/11111111-1111-1111-1111-111111111111/audio/17/174d7408136c2e3cf14b58ef6ef482440634110d468ed11e59b8e4620b8af962.wav/1397c0eb-3eb9-48a1-9a7c-0988e9ab32ae/part.1: OK
./minio-data/music-assets/11111111-1111-1111-1111-111111111111/audio/17/174d7408136c2e3cf14b58ef6ef482440634110d468ed11e59b8e4620b8af962.wav/1c1836fe-fa99-4ff7-aaad-e45095fb1414/part.1: OK
./minio-data/music-assets/11111111-1111-1111-1111-111111111111/audio/17/174d7408136c2e3cf14b58ef6ef482440634110d468ed11e59b8e4620b8af962.wav/1c48c76f-12c0-4e80-b82e-feccc83ca018/part.1: OK
./minio-data/music-assets/11111111-1111-1111-1111-111111111111/audio/17/174d7408136c2e3cf14b58ef6ef482440634110d468ed11e59b8e4620b8af962.wav/21705994-2911-40ed-b6cf-731652cdd0f7/part.1: OK
./minio-data/music-assets/11111111-1111-1111-1111-111111111111/audio/17/174d7408136c2e3cf14b58ef6ef482440634110d468ed11e59b8e4620b8af962.wav/2e3ad512-59f3-4da9-9ebc-6d5f87c4ceb3/part.1: OK
./minio-data/music-assets/11111111-1111-1111-1111-111111111111/audio/17/174d7408136c2e3cf14b58ef6ef482440634110d468ed11e59b8e4620b8af962.wav/341c9aaa-6c26-44fd-9461-eff550d97b9e/part.1: OK
./minio-data/music-assets/11111111-1111-1111-1111-111111111111/audio/17/174d7408136c2e3cf14b58ef6ef482440634110d468ed11e59b8e4620b8af962.wav/389c9dab-7431-4dc1-b6c2-f70473ecdcf2/part.1: OK
./minio-data/music-assets/11111111-1111-1111-1111-111111111111/audio/17/174d7408136c2e3cf14b58ef6ef482440634110d468ed11e59b8e4620b8af962.wav/3b04292e-2a9a-4d56-a270-8b56b2e679a1/part.1: OK
./minio-data/music-assets/11111111-1111-1111-1111-111111111111/audio/17/174d7408136c2e3cf14b58ef6ef482440634110d468ed11e59b8e4620b8af962.wav/3bc73de5-ed41-44f1-983d-3542da198467/part.1: OK
./minio-data/music-assets/11111111-1111-1111-1111-111111111111/audio/17/174d7408136c2e3cf14b58ef6ef482440634110d468ed11e59b8e4620b8af962.wav/51401408-bf33-4839-a5e5-d0e50098451d/part.1: OK
./minio-data/music-assets/11111111-1111-1111-1111-111111111111/audio/17/174d7408136c2e3cf14b58ef6ef482440634110d468ed11e59b8e4620b8af962.wav/6056352e-6b0c-436c-95cd-d362b9c4ea61/part.1: OK
./minio-data/music-assets/11111111-1111-1111-1111-111111111111/audio/17/174d7408136c2e3cf14b58ef6ef482440634110d468ed11e59b8e4620b8af962.wav/63b7c557-a9b7-44fc-b627-511dc0b2fcf3/part.1: OK
./minio-data/music-assets/11111111-1111-1111-1111-111111111111/audio/17/174d7408136c2e3cf14b58ef6ef482440634110d468ed11e59b8e4620b8af962.wav/71841ba2-652d-44b4-b230-79f389653e75/part.1: OK
./minio-data/music-assets/11111111-1111-1111-1111-111111111111/audio/17/174d7408136c2e3cf14b58ef6ef482440634110d468ed11e59b8e4620b8af962.wav/7ab9af16-35e7-43a9-a2e4-5da135e58bbd/part.1: OK
./minio-data/music-assets/11111111-1111-1111-1111-111111111111/audio/17/174d7408136c2e3cf14b58ef6ef482440634110d468ed11e59b8e4620b8af962.wav/7c68afa7-59d5-4fa3-9e64-afbbb63c4c0e/part.1: OK
./minio-data/music-assets/11111111-1111-1111-1111-111111111111/audio/17/174d7408136c2e3cf14b58ef6ef482440634110d468ed11e59b8e4620b8af962.wav/7c73d30a-e2b4-40a1-bb0c-d179cedb2d4a/part.1: OK
./minio-data/music-assets/11111111-1111-1111-1111-111111111111/audio/17/174d7408136c2e3cf14b58ef6ef482440634110d468ed11e59b8e4620b8af962.wav/7effc45c-cc15-44ab-b18f-de15b95aa8b4/part.1: OK
./minio-data/music-assets/11111111-1111-1111-1111-111111111111/audio/17/174d7408136c2e3cf14b58ef6ef482440634110d468ed11e59b8e4620b8af962.wav/8248d302-a7eb-4589-86fd-b00b31915ee9/part.1: OK
./minio-data/music-assets/11111111-1111-1111-1111-111111111111/audio/17/174d7408136c2e3cf14b58ef6ef482440634110d468ed11e59b8e4620b8af962.wav/839bab7e-ef1c-4370-b2e2-a9b5931ed838/part.1: OK
./minio-data/music-assets/11111111-1111-1111-1111-111111111111/audio/17/174d7408136c2e3cf14b58ef6ef482440634110d468ed11e59b8e4620b8af962.wav/8e1618c3-e7e9-4dff-ba23-49c109316741/part.1: OK
./minio-data/music-assets/11111111-1111-1111-1111-111111111111/audio/17/174d7408136c2e3cf14b58ef6ef482440634110d468ed11e59b8e4620b8af962.wav/92285f18-99a6-426d-a724-d3fc5dae31cb/part.1: OK
./minio-data/music-assets/11111111-1111-1111-1111-111111111111/audio/17/174d7408136c2e3cf14b58ef6ef482440634110d468ed11e59b8e4620b8af962.wav/a97e970b-9477-4bb4-9cfd-3e80bf14ef57/part.1: OK
./minio-data/music-assets/11111111-1111-1111-1111-111111111111/audio/17/174d7408136c2e3cf14b58ef6ef482440634110d468ed11e59b8e4620b8af962.wav/b722d6a7-0b70-4efa-8552-849fb4aeddfc/part.1: OK
./minio-data/music-assets/11111111-1111-1111-1111-111111111111/audio/17/174d7408136c2e3cf14b58ef6ef482440634110d468ed11e59b8e4620b8af962.wav/be34691f-d076-4b85-b675-49b6baf0b0d2/part.1: OK
./minio-data/music-assets/11111111-1111-1111-1111-111111111111/audio/17/174d7408136c2e3cf14b58ef6ef482440634110d468ed11e59b8e4620b8af962.wav/c9b10b9c-da62-4324-89eb-480d2ded233b/part.1: OK
./minio-data/music-assets/11111111-1111-1111-1111-111111111111/audio/17/174d7408136c2e3cf14b58ef6ef482440634110d468ed11e59b8e4620b8af962.wav/xl.meta: OK
./minio-data/music-assets/11111111-1111-1111-1111-111111111111/audio/18/188867ae518b1edf01ab4a584bc19cb4691d138f549b38e37ae6e22c9a5e7f83.wav/10b37318-1a53-487d-923b-b3fdf3f30c33/part.1: OK
./minio-data/music-assets/11111111-1111-1111-1111-111111111111/audio/18/188867ae518b1edf01ab4a584bc19cb4691d138f549b38e37ae6e22c9a5e7f83.wav/14dedd77-07f0-4e44-8a15-128e1142c429/part.1: OK
./minio-data/music-assets/11111111-1111-1111-1111-111111111111/audio/18/188867ae518b1edf01ab4a584bc19cb4691d138f549b38e37ae6e22c9a5e7f83.wav/151553ea-0d2f-4895-a333-391062318a40/part.1: OK
./minio-data/music-assets/11111111-1111-1111-1111-111111111111/audio/18/188867ae518b1edf01ab4a584bc19cb4691d138f549b38e37ae6e22c9a5e7f83.wav/169cdebf-906f-47b0-bb45-c150a22f4a3e/part.1: OK
./minio-data/music-assets/11111111-1111-1111-1111-111111111111/audio/18/188867ae518b1edf01ab4a584bc19cb4691d138f549b38e37ae6e22c9a5e7f83.wav/1ce4127d-5087-4c06-8919-3a6f28b4bd04/part.1: OK
./minio-data/music-assets/11111111-1111-1111-1111-111111111111/audio/18/188867ae518b1edf01ab4a584bc19cb4691d138f549b38e37ae6e22c9a5e7f83.wav/25fc045c-8ead-4fce-ba93-788bdfe3f1f6/part.1: OK
./minio-data/music-assets/11111111-1111-1111-1111-111111111111/audio/18/188867ae518b1edf01ab4a584bc19cb4691d138f549b38e37ae6e22c9a5e7f83.wav/2f93f568-3d19-4647-a02b-18b25c654bf6/part.1: OK
./minio-data/music-assets/11111111-1111-1111-1111-111111111111/audio/18/188867ae518b1edf01ab4a584bc19cb4691d138f549b38e37ae6e22c9a5e7f83.wav/491c1b21-c1b7-42fd-bdf2-6eb6612ee14f/part.1: OK
./minio-data/music-assets/11111111-1111-1111-1111-111111111111/audio/18/188867ae518b1edf01ab4a584bc19cb4691d138f549b38e37ae6e22c9a5e7f83.wav/512ac8dc-1e19-426d-93d7-9f66767b56b0/part.1: OK
./minio-data/music-assets/11111111-1111-1111-1111-111111111111/audio/18/188867ae518b1edf01ab4a584bc19cb4691d138f549b38e37ae6e22c9a5e7f83.wav/56164a22-ec63-4afb-89a9-42d42b6ac2af/part.1: OK
./minio-data/music-assets/11111111-1111-1111-1111-111111111111/audio/18/188867ae518b1edf01ab4a584bc19cb4691d138f549b38e37ae6e22c9a5e7f83.wav/658ccd34-a462-4b4a-9fd3-2a4828aa9aa0/part.1: OK
./minio-data/music-assets/11111111-1111-1111-1111-111111111111/audio/18/188867ae518b1edf01ab4a584bc19cb4691d138f549b38e37ae6e22c9a5e7f83.wav/70c036e2-fa67-435b-a296-147bad6ac389/part.1: OK
./minio-data/music-assets/11111111-1111-1111-1111-111111111111/audio/18/188867ae518b1edf01ab4a584bc19cb4691d138f549b38e37ae6e22c9a5e7f83.wav/74276aa5-879d-40fe-b5cc-d14d94bf9e08/part.1: OK
./minio-data/music-assets/11111111-1111-1111-1111-111111111111/audio/18/188867ae518b1edf01ab4a584bc19cb4691d138f549b38e37ae6e22c9a5e7f83.wav/85613913-2965-4acd-b5bf-a4ca0ded9b6b/part.1: OK
./minio-data/music-assets/11111111-1111-1111-1111-111111111111/audio/18/188867ae518b1edf01ab4a584bc19cb4691d138f549b38e37ae6e22c9a5e7f83.wav/9f5fc906-ed0b-41d1-b00e-451edf0658a2/part.1: OK
./minio-data/music-assets/11111111-1111-1111-1111-111111111111/audio/18/188867ae518b1edf01ab4a584bc19cb4691d138f549b38e37ae6e22c9a5e7f83.wav/a034c1f8-0439-424c-a446-fdace2fcd439/part.1: OK
./minio-data/music-assets/11111111-1111-1111-1111-111111111111/audio/18/188867ae518b1edf01ab4a584bc19cb4691d138f549b38e37ae6e22c9a5e7f83.wav/b5957454-ad6e-4863-a5f0-c252999ac891/part.1: OK
./minio-data/music-assets/11111111-1111-1111-1111-111111111111/audio/18/188867ae518b1edf01ab4a584bc19cb4691d138f549b38e37ae6e22c9a5e7f83.wav/b6ec851e-e834-43bd-9036-338396fcdaaf/part.1: OK
./minio-data/music-assets/11111111-1111-1111-1111-111111111111/audio/18/188867ae518b1edf01ab4a584bc19cb4691d138f549b38e37ae6e22c9a5e7f83.wav/b9c1847d-47a5-4406-92a2-1a31c89e4ef7/part.1: OK
./minio-data/music-assets/11111111-1111-1111-1111-111111111111/audio/18/188867ae518b1edf01ab4a584bc19cb4691d138f549b38e37ae6e22c9a5e7f83.wav/c5f0d8f5-83db-48af-abac-592e68af8fc9/part.1: OK
./minio-data/music-assets/11111111-1111-1111-1111-111111111111/audio/18/188867ae518b1edf01ab4a584bc19cb4691d138f549b38e37ae6e22c9a5e7f83.wav/cb87d2cf-acb0-4784-93cc-f31be2425457/part.1: OK
./minio-data/music-assets/11111111-1111-1111-1111-111111111111/audio/18/188867ae518b1edf01ab4a584bc19cb4691d138f549b38e37ae6e22c9a5e7f83.wav/d214d424-31e3-42c8-9eec-7f287aa7fbd1/part.1: OK
./minio-data/music-assets/11111111-1111-1111-1111-111111111111/audio/18/188867ae518b1edf01ab4a584bc19cb4691d138f549b38e37ae6e22c9a5e7f83.wav/d7d4be09-15a9-4a1b-85b7-55b3976a807b/part.1: OK
./minio-data/music-assets/11111111-1111-1111-1111-111111111111/audio/18/188867ae518b1edf01ab4a584bc19cb4691d138f549b38e37ae6e22c9a5e7f83.wav/d853577f-959e-4e1e-a6da-016770d9f985/part.1: OK
./minio-data/music-assets/11111111-1111-1111-1111-111111111111/audio/18/188867ae518b1edf01ab4a584bc19cb4691d138f549b38e37ae6e22c9a5e7f83.wav/eaa64d4e-179c-439b-b620-8b66f1284d60/part.1: OK
./minio-data/music-assets/11111111-1111-1111-1111-111111111111/audio/18/188867ae518b1edf01ab4a584bc19cb4691d138f549b38e37ae6e22c9a5e7f83.wav/ed998874-ced3-4b25-a7e8-ff99d996be6b/part.1: OK
./minio-data/music-assets/11111111-1111-1111-1111-111111111111/audio/18/188867ae518b1edf01ab4a584bc19cb4691d138f549b38e37ae6e22c9a5e7f83.wav/xl.meta: OK
./minio-data/music-assets/11111111-1111-1111-1111-111111111111/audio/18/18bff3ae433b0bd205342d917b8b26e2c01f3bb09336f36e68e6104821b71014.wav/03f7c7b6-20fa-4c00-89f1-413f34611ab0/part.1: OK
./minio-data/music-assets/11111111-1111-1111-1111-111111111111/audio/18/18bff3ae433b0bd205342d917b8b26e2c01f3bb09336f36e68e6104821b71014.wav/1862cc99-fd93-4d03-b2a2-c229b824e8b9/part.1: OK
./minio-data/music-assets/11111111-1111-1111-1111-111111111111/audio/18/18bff3ae433b0bd205342d917b8b26e2c01f3bb09336f36e68e6104821b71014.wav/1b62b806-0505-41b0-b4c8-9865b3eef2c4/part.1: OK
./minio-data/music-assets/11111111-1111-1111-1111-111111111111/audio/18/18bff3ae433b0bd205342d917b8b26e2c01f3bb09336f36e68e6104821b71014.wav/30828b6f-35cb-4ddb-a63d-03e58b3853d6/part.1: OK
./minio-data/music-assets/11111111-1111-1111-1111-111111111111/audio/18/18bff3ae433b0bd205342d917b8b26e2c01f3bb09336f36e68e6104821b71014.wav/32933410-1746-4d10-987c-a66fa64cc2e8/part.1: OK
./minio-data/music-assets/11111111-1111-1111-1111-111111111111/audio/18/18bff3ae433b0bd205342d917b8b26e2c01f3bb09336f36e68e6104821b71014.wav/3f46d0f0-6dc1-4a21-b44a-3fb0f0e16a44/part.1: OK
./minio-data/music-assets/11111111-1111-1111-1111-111111111111/audio/18/18bff3ae433b0bd205342d917b8b26e2c01f3bb09336f36e68e6104821b71014.wav/42105312-b2e7-4616-8b1c-008746786704/part.1: OK
./minio-data/music-assets/11111111-1111-1111-1111-111111111111/audio/18/18bff3ae433b0bd205342d917b8b26e2c01f3bb09336f36e68e6104821b71014.wav/483df8fa-8ce8-4594-9993-edec48e1b0c0/part.1: OK
./minio-data/music-assets/11111111-1111-1111-1111-111111111111/audio/18/18bff3ae433b0bd205342d917b8b26e2c01f3bb09336f36e68e6104821b71014.wav/4a2713c1-7955-4183-a413-37510b8fbfa0/part.1: OK
./minio-data/music-assets/11111111-1111-1111-1111-111111111111/audio/18/18bff3ae433b0bd205342d917b8b26e2c01f3bb09336f36e68e6104821b71014.wav/5d6f27c4-e084-49bd-b1a3-44367b2753e3/part.1: OK
./minio-data/music-assets/11111111-1111-1111-1111-111111111111/audio/18/18bff3ae433b0bd205342d917b8b26e2c01f3bb09336f36e68e6104821b71014.wav/6fc8edaa-636f-4e84-902f-6be59f298caa/part.1: OK
./minio-data/music-assets/11111111-1111-1111-1111-111111111111/audio/18/18bff3ae433b0bd205342d917b8b26e2c01f3bb09336f36e68e6104821b71014.wav/6ff48ea3-e2f8-4d27-ae40-10dc156c8475/part.1: OK
./minio-data/music-assets/11111111-1111-1111-1111-111111111111/audio/18/18bff3ae433b0bd205342d917b8b26e2c01f3bb09336f36e68e6104821b71014.wav/7c84b0fc-35eb-49e6-927f-3133a6bc462d/part.1: OK
./minio-data/music-assets/11111111-1111-1111-1111-111111111111/audio/18/18bff3ae433b0bd205342d917b8b26e2c01f3bb09336f36e68e6104821b71014.wav/82c69942-6465-4844-b228-6cc784e87a24/part.1: OK
./minio-data/music-assets/11111111-1111-1111-1111-111111111111/audio/18/18bff3ae433b0bd205342d917b8b26e2c01f3bb09336f36e68e6104821b71014.wav/9f8e16ad-acb5-4e0a-8268-b034d0aea225/part.1: OK
./minio-data/music-assets/11111111-1111-1111-1111-111111111111/audio/18/18bff3ae433b0bd205342d917b8b26e2c01f3bb09336f36e68e6104821b71014.wav/a0c322d2-8d68-4cf3-a8de-b909dbc6008e/part.1: OK
./minio-data/music-assets/11111111-1111-1111-1111-111111111111/audio/18/18bff3ae433b0bd205342d917b8b26e2c01f3bb09336f36e68e6104821b71014.wav/b9e010e7-06d0-4aec-aeb5-b6abd26bca80/part.1: OK
./minio-data/music-assets/11111111-1111-1111-1111-111111111111/audio/18/18bff3ae433b0bd205342d917b8b26e2c01f3bb09336f36e68e6104821b71014.wav/c67f2f1f-3e16-42f0-a3ec-dc3dc9bb2d48/part.1: OK
./minio-data/music-assets/11111111-1111-1111-1111-111111111111/audio/18/18bff3ae433b0bd205342d917b8b26e2c01f3bb09336f36e68e6104821b71014.wav/c7404448-a9c9-4dd3-9152-e207a264a4b4/part.1: OK
./minio-data/music-assets/11111111-1111-1111-1111-111111111111/audio/18/18bff3ae433b0bd205342d917b8b26e2c01f3bb09336f36e68e6104821b71014.wav/df302ad9-1a66-4078-beaa-c01bfed39f3a/part.1: OK
./minio-data/music-assets/11111111-1111-1111-1111-111111111111/audio/18/18bff3ae433b0bd205342d917b8b26e2c01f3bb09336f36e68e6104821b71014.wav/e96280af-5fe4-477b-a4ab-aab1a054d8b0/part.1: OK
./minio-data/music-assets/11111111-1111-1111-1111-111111111111/audio/18/18bff3ae433b0bd205342d917b8b26e2c01f3bb09336f36e68e6104821b71014.wav/ec55d751-86bd-4d22-9e5d-cb0ad228c990/part.1: OK
./minio-data/music-assets/11111111-1111-1111-1111-111111111111/audio/18/18bff3ae433b0bd205342d917b8b26e2c01f3bb09336f36e68e6104821b71014.wav/f2b5ea8f-dc44-4985-a394-f5b7b85a13bd/part.1: OK
./minio-data/music-assets/11111111-1111-1111-1111-111111111111/audio/18/18bff3ae433b0bd205342d917b8b26e2c01f3bb09336f36e68e6104821b71014.wav/f4a7b188-8b33-4fd9-ad49-06c6454951dd/part.1: OK
./minio-data/music-assets/11111111-1111-1111-1111-111111111111/audio/18/18bff3ae433b0bd205342d917b8b26e2c01f3bb09336f36e68e6104821b71014.wav/f9a53a9b-8bdc-42c6-ada2-528b24380375/part.1: OK
./minio-data/music-assets/11111111-1111-1111-1111-111111111111/audio/18/18bff3ae433b0bd205342d917b8b26e2c01f3bb09336f36e68e6104821b71014.wav/fbc3554a-55a4-45e4-b657-5e1d14dec4c6/part.1: OK
./minio-data/music-assets/11111111-1111-1111-1111-111111111111/audio/18/18bff3ae433b0bd205342d917b8b26e2c01f3bb09336f36e68e6104821b71014.wav/xl.meta: OK
./minio-data/music-assets/11111111-1111-1111-1111-111111111111/audio/18/18cdf7829353a4acdd0de393542a4a2db51b0525963cdd607bff6ad436ec19ab.wav/021951cc-3283-415f-b0e1-e450fc920027/part.1: OK
./minio-data/music-assets/11111111-1111-1111-1111-111111111111/audio/18/18cdf7829353a4acdd0de393542a4a2db51b0525963cdd607bff6ad436ec19ab.wav/24be156d-94b0-43b6-9537-fbd01503614f/part.1: OK
./minio-data/music-assets/11111111-1111-1111-1111-111111111111/audio/18/18cdf7829353a4acdd0de393542a4a2db51b0525963cdd607bff6ad436ec19ab.wav/341f3492-3e78-43f1-aa0f-138a341acdac/part.1: OK
./minio-data/music-assets/11111111-1111-1111-1111-111111111111/audio/18/18cdf7829353a4acdd0de393542a4a2db51b0525963cdd607bff6ad436ec19ab.wav/3c71831b-c2df-40f3-a10c-41e4638a02ae/part.1: OK
./minio-data/music-assets/11111111-1111-1111-1111-111111111111/audio/18/18cdf7829353a4acdd0de393542a4a2db51b0525963cdd607bff6ad436ec19ab.wav/5033c7f0-f4c2-4ae2-b309-db8946770d55/part.1: OK
./minio-data/music-assets/11111111-1111-1111-1111-111111111111/audio/18/18cdf7829353a4acdd0de393542a4a2db51b0525963cdd607bff6ad436ec19ab.wav/64835100-0691-4f4b-a0a5-a9c7ee8e0761/part.1: OK
./minio-data/music-assets/11111111-1111-1111-1111-111111111111/audio/18/18cdf7829353a4acdd0de393542a4a2db51b0525963cdd607bff6ad436ec19ab.wav/66410c24-5a5a-4c4d-b7f4-33ea9f754779/part.1: OK
./minio-data/music-assets/11111111-1111-1111-1111-111111111111/audio/18/18cdf7829353a4acdd0de393542a4a2db51b0525963cdd607bff6ad436ec19ab.wav/6f50d0ec-ae33-4a4c-b046-def9954584ec/part.1: OK
./minio-data/music-assets/11111111-1111-1111-1111-111111111111/audio/18/18cdf7829353a4acdd0de393542a4a2db51b0525963cdd607bff6ad436ec19ab.wav/70865d84-a5f7-4512-8af4-394567403a1f/part.1: OK
./minio-data/music-assets/11111111-1111-1111-1111-111111111111/audio/18/18cdf7829353a4acdd0de393542a4a2db51b0525963cdd607bff6ad436ec19ab.wav/714e0cc1-1be3-4bbb-9898-ddc4a5d9840e/part.1: OK
./minio-data/music-assets/11111111-1111-1111-1111-111111111111/audio/18/18cdf7829353a4acdd0de393542a4a2db51b0525963cdd607bff6ad436ec19ab.wav/76d7a231-155d-4c0d-a5e1-97cf51e9952a/part.1: OK
./minio-data/music-assets/11111111-1111-1111-1111-111111111111/audio/18/18cdf7829353a4acdd0de393542a4a2db51b0525963cdd607bff6ad436ec19ab.wav/86237f1e-70a3-4d38-b23b-9085eaf09bad/part.1: OK
./minio-data/music-assets/11111111-1111-1111-1111-111111111111/audio/18/18cdf7829353a4acdd0de393542a4a2db51b0525963cdd607bff6ad436ec19ab.wav/8d4aae9c-4e57-492b-aff3-2c322a138f19/part.1: OK
./minio-data/music-assets/11111111-1111-1111-1111-111111111111/audio/18/18cdf7829353a4acdd0de393542a4a2db51b0525963cdd607bff6ad436ec19ab.wav/8ecc9aa6-23c0-407d-8b8b-11d58e5c5152/part.1: OK
./minio-data/music-assets/11111111-1111-1111-1111-111111111111/audio/18/18cdf7829353a4acdd0de393542a4a2db51b0525963cdd607bff6ad436ec19ab.wav/9e153c96-5e7d-4cd9-a178-b07a377df936/part.1: OK
./minio-data/music-assets/11111111-1111-1111-1111-111111111111/audio/18/18cdf7829353a4acdd0de393542a4a2db51b0525963cdd607bff6ad436ec19ab.wav/a6283222-1b03-4a95-82aa-461f53830ba3/part.1: OK
./minio-data/music-assets/11111111-1111-1111-1111-111111111111/audio/18/18cdf7829353a4acdd0de393542a4a2db51b0525963cdd607bff6ad436ec19ab.wav/c4609c64-f961-4078-958c-0a267591da5d/part.1: OK
./minio-data/music-assets/11111111-1111-1111-1111-111111111111/audio/18/18cdf7829353a4acdd0de393542a4a2db51b0525963cdd607bff6ad436ec19ab.wav/ddc5c7ab-961b-47d3-a932-6baafe8df5b4/part.1: OK
./minio-data/music-assets/11111111-1111-1111-1111-111111111111/audio/18/18cdf7829353a4acdd0de393542a4a2db51b0525963cdd607bff6ad436ec19ab.wav/e3d8561f-0de2-4a2c-bfbe-7617d80517ba/part.1: OK
./minio-data/music-assets/11111111-1111-1111-1111-111111111111/audio/18/18cdf7829353a4acdd0de393542a4a2db51b0525963cdd607bff6ad436ec19ab.wav/e49778a7-7e49-496e-a89b-bccb641eb089/part.1: OK
./minio-data/music-assets/11111111-1111-1111-1111-111111111111/audio/18/18cdf7829353a4acdd0de393542a4a2db51b0525963cdd607bff6ad436ec19ab.wav/e6dd573e-6088-410f-b27c-dda87bc8ec54/part.1: OK
./minio-data/music-assets/11111111-1111-1111-1111-111111111111/audio/18/18cdf7829353a4acdd0de393542a4a2db51b0525963cdd607bff6ad436ec19ab.wav/fc802b23-f02a-4378-85b6-96a2a7128b2d/part.1: OK
./minio-data/music-assets/11111111-1111-1111-1111-111111111111/audio/18/18cdf7829353a4acdd0de393542a4a2db51b0525963cdd607bff6ad436ec19ab.wav/xl.meta: OK
./minio-data/music-assets/11111111-1111-1111-1111-111111111111/audio/42/428678445fc7e747f54d5a16cb5fba3499847cb6cb83b1dde8fbf55324a3f73c.wav/052400ea-ad31-4ea4-be34-9fefc2fd5549/part.1: OK
./minio-data/music-assets/11111111-1111-1111-1111-111111111111/audio/42/428678445fc7e747f54d5a16cb5fba3499847cb6cb83b1dde8fbf55324a3f73c.wav/0b1416b7-ddde-49eb-a471-aaffa7740623/part.1: OK
./minio-data/music-assets/11111111-1111-1111-1111-111111111111/audio/42/428678445fc7e747f54d5a16cb5fba3499847cb6cb83b1dde8fbf55324a3f73c.wav/10bf7a36-adba-499f-9f23-6ae5622032e8/part.1: OK
./minio-data/music-assets/11111111-1111-1111-1111-111111111111/audio/42/428678445fc7e747f54d5a16cb5fba3499847cb6cb83b1dde8fbf55324a3f73c.wav/14626402-b1cc-4b4c-be55-a5d571077066/part.1: OK
./minio-data/music-assets/11111111-1111-1111-1111-111111111111/audio/42/428678445fc7e747f54d5a16cb5fba3499847cb6cb83b1dde8fbf55324a3f73c.wav/15af4272-cff1-49d2-bea9-afef60cc8ce0/part.1: OK
./minio-data/music-assets/11111111-1111-1111-1111-111111111111/audio/42/428678445fc7e747f54d5a16cb5fba3499847cb6cb83b1dde8fbf55324a3f73c.wav/1b0e2448-e539-4cc2-a955-85725f1f04d6/part.1: OK
./minio-data/music-assets/11111111-1111-1111-1111-111111111111/audio/42/428678445fc7e747f54d5a16cb5fba3499847cb6cb83b1dde8fbf55324a3f73c.wav/21d97822-2e24-4414-b567-937278bfc629/part.1: OK
./minio-data/music-assets/11111111-1111-1111-1111-111111111111/audio/42/428678445fc7e747f54d5a16cb5fba3499847cb6cb83b1dde8fbf55324a3f73c.wav/257efcef-83bb-44cb-950a-7aaa477450e1/part.1: OK
./minio-data/music-assets/11111111-1111-1111-1111-111111111111/audio/42/428678445fc7e747f54d5a16cb5fba3499847cb6cb83b1dde8fbf55324a3f73c.wav/2d17d745-7088-4a24-948b-f00156c01dc5/part.1: OK
./minio-data/music-assets/11111111-1111-1111-1111-111111111111/audio/42/428678445fc7e747f54d5a16cb5fba3499847cb6cb83b1dde8fbf55324a3f73c.wav/48130120-82bb-4551-ba0e-a8f0cca5ba09/part.1: OK
./minio-data/music-assets/11111111-1111-1111-1111-111111111111/audio/42/428678445fc7e747f54d5a16cb5fba3499847cb6cb83b1dde8fbf55324a3f73c.wav/5600f6cd-3e4d-4a5b-9f6b-de60e2c6b036/part.1: OK
./minio-data/music-assets/11111111-1111-1111-1111-111111111111/audio/42/428678445fc7e747f54d5a16cb5fba3499847cb6cb83b1dde8fbf55324a3f73c.wav/6a0dde6c-fb4e-4791-941b-5b8214706fe6/part.1: OK
./minio-data/music-assets/11111111-1111-1111-1111-111111111111/audio/42/428678445fc7e747f54d5a16cb5fba3499847cb6cb83b1dde8fbf55324a3f73c.wav/6c3273bf-3e15-4b53-bbed-a4c9734b4b26/part.1: OK
./minio-data/music-assets/11111111-1111-1111-1111-111111111111/audio/42/428678445fc7e747f54d5a16cb5fba3499847cb6cb83b1dde8fbf55324a3f73c.wav/6fd040c3-5b1a-4146-9168-ab21c28458c8/part.1: OK
./minio-data/music-assets/11111111-1111-1111-1111-111111111111/audio/42/428678445fc7e747f54d5a16cb5fba3499847cb6cb83b1dde8fbf55324a3f73c.wav/9af44be3-2a17-42c1-8946-43b98fd03bd9/part.1: OK
./minio-data/music-assets/11111111-1111-1111-1111-111111111111/audio/42/428678445fc7e747f54d5a16cb5fba3499847cb6cb83b1dde8fbf55324a3f73c.wav/bc8c04d7-c8b4-4e4c-a07f-5e2f40ff6df8/part.1: OK
./minio-data/music-assets/11111111-1111-1111-1111-111111111111/audio/42/428678445fc7e747f54d5a16cb5fba3499847cb6cb83b1dde8fbf55324a3f73c.wav/bf01c82b-22ce-45dd-9c4a-b34a80f6708e/part.1: OK
./minio-data/music-assets/11111111-1111-1111-1111-111111111111/audio/42/428678445fc7e747f54d5a16cb5fba3499847cb6cb83b1dde8fbf55324a3f73c.wav/c542348a-b356-4ca1-876b-2bfac1721fe2/part.1: OK
./minio-data/music-assets/11111111-1111-1111-1111-111111111111/audio/42/428678445fc7e747f54d5a16cb5fba3499847cb6cb83b1dde8fbf55324a3f73c.wav/cfef1e23-080c-402b-96b8-397eda9686d9/part.1: OK
./minio-data/music-assets/11111111-1111-1111-1111-111111111111/audio/42/428678445fc7e747f54d5a16cb5fba3499847cb6cb83b1dde8fbf55324a3f73c.wav/f3e8364c-4053-411e-99f7-6dd2513a521f/part.1: OK
./minio-data/music-assets/11111111-1111-1111-1111-111111111111/audio/42/428678445fc7e747f54d5a16cb5fba3499847cb6cb83b1dde8fbf55324a3f73c.wav/f887c309-7a57-49e4-9953-c03a193b3735/part.1: OK
./minio-data/music-assets/11111111-1111-1111-1111-111111111111/audio/42/428678445fc7e747f54d5a16cb5fba3499847cb6cb83b1dde8fbf55324a3f73c.wav/xl.meta: OK
./minio-data/music-assets/11111111-1111-1111-1111-111111111111/audio/44/44a858306cb3f88f2c84ae3b019d123a24c7cfa1d8992be302720d2c8e9dc232.wav/027e6bac-4fc1-4c32-990a-033ebd61dca8/part.1: OK
./minio-data/music-assets/11111111-1111-1111-1111-111111111111/audio/44/44a858306cb3f88f2c84ae3b019d123a24c7cfa1d8992be302720d2c8e9dc232.wav/04b653d5-e113-4c02-8db2-e219063d5a26/part.1: OK
./minio-data/music-assets/11111111-1111-1111-1111-111111111111/audio/44/44a858306cb3f88f2c84ae3b019d123a24c7cfa1d8992be302720d2c8e9dc232.wav/0b3fc316-6a0a-4b6a-b5c8-610f467e515f/part.1: OK
./minio-data/music-assets/11111111-1111-1111-1111-111111111111/audio/44/44a858306cb3f88f2c84ae3b019d123a24c7cfa1d8992be302720d2c8e9dc232.wav/31455c92-31f3-458e-b188-e192fdf1b678/part.1: OK
./minio-data/music-assets/11111111-1111-1111-1111-111111111111/audio/44/44a858306cb3f88f2c84ae3b019d123a24c7cfa1d8992be302720d2c8e9dc232.wav/4311ed1c-8c2d-4f1e-8d58-f645fe128936/part.1: OK
./minio-data/music-assets/11111111-1111-1111-1111-111111111111/audio/44/44a858306cb3f88f2c84ae3b019d123a24c7cfa1d8992be302720d2c8e9dc232.wav/5138005b-95b5-49ab-9499-72de54c82ec8/part.1: OK
./minio-data/music-assets/11111111-1111-1111-1111-111111111111/audio/44/44a858306cb3f88f2c84ae3b019d123a24c7cfa1d8992be302720d2c8e9dc232.wav/5db2ec5a-6121-455e-b524-8275639df86d/part.1: OK
./minio-data/music-assets/11111111-1111-1111-1111-111111111111/audio/44/44a858306cb3f88f2c84ae3b019d123a24c7cfa1d8992be302720d2c8e9dc232.wav/61dff5f7-eb8f-4218-aea7-abe416ec9bed/part.1: OK
./minio-data/music-assets/11111111-1111-1111-1111-111111111111/audio/44/44a858306cb3f88f2c84ae3b019d123a24c7cfa1d8992be302720d2c8e9dc232.wav/6e21baa1-1d3c-411f-8bc2-95e7ce4baa4e/part.1: OK
./minio-data/music-assets/11111111-1111-1111-1111-111111111111/audio/44/44a858306cb3f88f2c84ae3b019d123a24c7cfa1d8992be302720d2c8e9dc232.wav/7221fc5a-b582-46ac-85b2-7e7f005f5259/part.1: OK
./minio-data/music-assets/11111111-1111-1111-1111-111111111111/audio/44/44a858306cb3f88f2c84ae3b019d123a24c7cfa1d8992be302720d2c8e9dc232.wav/81154b03-d5d9-42ac-a75f-5b394edbec63/part.1: OK
./minio-data/music-assets/11111111-1111-1111-1111-111111111111/audio/44/44a858306cb3f88f2c84ae3b019d123a24c7cfa1d8992be302720d2c8e9dc232.wav/8b6295d3-b2fc-4884-8792-761f89710627/part.1: OK
./minio-data/music-assets/11111111-1111-1111-1111-111111111111/audio/44/44a858306cb3f88f2c84ae3b019d123a24c7cfa1d8992be302720d2c8e9dc232.wav/9695c5ee-e223-446f-a1be-fb70af6c9951/part.1: OK
./minio-data/music-assets/11111111-1111-1111-1111-111111111111/audio/44/44a858306cb3f88f2c84ae3b019d123a24c7cfa1d8992be302720d2c8e9dc232.wav/994822c8-729b-47ae-88cd-25384d9a7707/part.1: OK
./minio-data/music-assets/11111111-1111-1111-1111-111111111111/audio/44/44a858306cb3f88f2c84ae3b019d123a24c7cfa1d8992be302720d2c8e9dc232.wav/9bc8ca1f-cf52-4962-a438-cec90b29cec1/part.1: OK
./minio-data/music-assets/11111111-1111-1111-1111-111111111111/audio/44/44a858306cb3f88f2c84ae3b019d123a24c7cfa1d8992be302720d2c8e9dc232.wav/9df043b7-e7d6-4ddd-9ae2-57c109a02488/part.1: OK
./minio-data/music-assets/11111111-1111-1111-1111-111111111111/audio/44/44a858306cb3f88f2c84ae3b019d123a24c7cfa1d8992be302720d2c8e9dc232.wav/a8bb26bd-03ad-426e-86af-0f2aea7df8de/part.1: OK
./minio-data/music-assets/11111111-1111-1111-1111-111111111111/audio/44/44a858306cb3f88f2c84ae3b019d123a24c7cfa1d8992be302720d2c8e9dc232.wav/acd9a1e6-7c30-4211-a35d-b385a94c3398/part.1: OK
./minio-data/music-assets/11111111-1111-1111-1111-111111111111/audio/44/44a858306cb3f88f2c84ae3b019d123a24c7cfa1d8992be302720d2c8e9dc232.wav/b1b07188-3b1b-4711-8964-fe125af2152f/part.1: OK
./minio-data/music-assets/11111111-1111-1111-1111-111111111111/audio/44/44a858306cb3f88f2c84ae3b019d123a24c7cfa1d8992be302720d2c8e9dc232.wav/b791e092-2e71-4441-8598-95debf25ef1e/part.1: OK
./minio-data/music-assets/11111111-1111-1111-1111-111111111111/audio/44/44a858306cb3f88f2c84ae3b019d123a24c7cfa1d8992be302720d2c8e9dc232.wav/e045bd8d-e56c-4d80-b0da-43d8297627d9/part.1: OK
./minio-data/music-assets/11111111-1111-1111-1111-111111111111/audio/44/44a858306cb3f88f2c84ae3b019d123a24c7cfa1d8992be302720d2c8e9dc232.wav/e48a1374-1092-4d8d-a756-b5fa69830f49/part.1: OK
./minio-data/music-assets/11111111-1111-1111-1111-111111111111/audio/44/44a858306cb3f88f2c84ae3b019d123a24c7cfa1d8992be302720d2c8e9dc232.wav/ee391a86-8989-4567-a53b-4868c03b752b/part.1: OK
./minio-data/music-assets/11111111-1111-1111-1111-111111111111/audio/44/44a858306cb3f88f2c84ae3b019d123a24c7cfa1d8992be302720d2c8e9dc232.wav/xl.meta: OK
./minio-data/music-assets/11111111-1111-1111-1111-111111111111/audio/47/4700cfac3308bac4a86d092876ba3a1a7aaae4757e52117a22cb19e7652c519b.wav/012349e2-8fbf-4e27-8f19-c22d070ad003/part.1: OK
./minio-data/music-assets/11111111-1111-1111-1111-111111111111/audio/47/4700cfac3308bac4a86d092876ba3a1a7aaae4757e52117a22cb19e7652c519b.wav/01be10db-9f68-4c67-a13b-14cff4fca9ce/part.1: OK
./minio-data/music-assets/11111111-1111-1111-1111-111111111111/audio/47/4700cfac3308bac4a86d092876ba3a1a7aaae4757e52117a22cb19e7652c519b.wav/0aa5e3db-6b49-4b56-ac3d-f4ac54b6510b/part.1: OK
./minio-data/music-assets/11111111-1111-1111-1111-111111111111/audio/47/4700cfac3308bac4a86d092876ba3a1a7aaae4757e52117a22cb19e7652c519b.wav/16e5bac8-fd31-4b9d-90aa-569d6238a420/part.1: OK
./minio-data/music-assets/11111111-1111-1111-1111-111111111111/audio/47/4700cfac3308bac4a86d092876ba3a1a7aaae4757e52117a22cb19e7652c519b.wav/1a6b2983-b7e9-4a1f-b102-8162690a4ef8/part.1: OK
./minio-data/music-assets/11111111-1111-1111-1111-111111111111/audio/47/4700cfac3308bac4a86d092876ba3a1a7aaae4757e52117a22cb19e7652c519b.wav/2797449d-e9dc-4351-9f97-df66d6bc3a3b/part.1: OK
./minio-data/music-assets/11111111-1111-1111-1111-111111111111/audio/47/4700cfac3308bac4a86d092876ba3a1a7aaae4757e52117a22cb19e7652c519b.wav/4042957a-7425-4452-bef2-122fe974f464/part.1: OK
./minio-data/music-assets/11111111-1111-1111-1111-111111111111/audio/47/4700cfac3308bac4a86d092876ba3a1a7aaae4757e52117a22cb19e7652c519b.wav/4a61651b-cb80-473e-9bff-ce12920650fa/part.1: OK
./minio-data/music-assets/11111111-1111-1111-1111-111111111111/audio/47/4700cfac3308bac4a86d092876ba3a1a7aaae4757e52117a22cb19e7652c519b.wav/4cf45aae-32be-4424-b8e6-94561f61febf/part.1: OK
./minio-data/music-assets/11111111-1111-1111-1111-111111111111/audio/47/4700cfac3308bac4a86d092876ba3a1a7aaae4757e52117a22cb19e7652c519b.wav/4dd8f189-2215-449d-99f4-512c85980e74/part.1: OK
./minio-data/music-assets/11111111-1111-1111-1111-111111111111/audio/47/4700cfac3308bac4a86d092876ba3a1a7aaae4757e52117a22cb19e7652c519b.wav/50f94f51-5ab5-40cc-b53e-d4f94b57e733/part.1: OK
./minio-data/music-assets/11111111-1111-1111-1111-111111111111/audio/47/4700cfac3308bac4a86d092876ba3a1a7aaae4757e52117a22cb19e7652c519b.wav/60ff3821-631d-48be-8534-da660877b7c3/part.1: OK
./minio-data/music-assets/11111111-1111-1111-1111-111111111111/audio/47/4700cfac3308bac4a86d092876ba3a1a7aaae4757e52117a22cb19e7652c519b.wav/6ccfe556-212a-4f82-b11b-ad47a32f08a3/part.1: OK
./minio-data/music-assets/11111111-1111-1111-1111-111111111111/audio/47/4700cfac3308bac4a86d092876ba3a1a7aaae4757e52117a22cb19e7652c519b.wav/773eb349-066a-4621-bc41-ad0b00dc6213/part.1: OK
./minio-data/music-assets/11111111-1111-1111-1111-111111111111/audio/47/4700cfac3308bac4a86d092876ba3a1a7aaae4757e52117a22cb19e7652c519b.wav/869c09c4-8e35-4806-bb2c-484d7a50bc73/part.1: OK
./minio-data/music-assets/11111111-1111-1111-1111-111111111111/audio/47/4700cfac3308bac4a86d092876ba3a1a7aaae4757e52117a22cb19e7652c519b.wav/96ed538c-750e-4d5e-a68c-db646102bece/part.1: OK
./minio-data/music-assets/11111111-1111-1111-1111-111111111111/audio/47/4700cfac3308bac4a86d092876ba3a1a7aaae4757e52117a22cb19e7652c519b.wav/971773cc-6b06-4a63-9a7d-c713ed467924/part.1: OK
./minio-data/music-assets/11111111-1111-1111-1111-111111111111/audio/47/4700cfac3308bac4a86d092876ba3a1a7aaae4757e52117a22cb19e7652c519b.wav/9c23f617-de47-4d12-8112-0dee22a501cc/part.1: OK
./minio-data/music-assets/11111111-1111-1111-1111-111111111111/audio/47/4700cfac3308bac4a86d092876ba3a1a7aaae4757e52117a22cb19e7652c519b.wav/affb7673-1e1c-4979-95a9-c17ce1e11222/part.1: OK
./minio-data/music-assets/11111111-1111-1111-1111-111111111111/audio/47/4700cfac3308bac4a86d092876ba3a1a7aaae4757e52117a22cb19e7652c519b.wav/cca19574-edce-43a9-8e3e-15d105694a14/part.1: OK
./minio-data/music-assets/11111111-1111-1111-1111-111111111111/audio/47/4700cfac3308bac4a86d092876ba3a1a7aaae4757e52117a22cb19e7652c519b.wav/e3382221-7156-46d6-bced-89d20d3ac94f/part.1: OK
./minio-data/music-assets/11111111-1111-1111-1111-111111111111/audio/47/4700cfac3308bac4a86d092876ba3a1a7aaae4757e52117a22cb19e7652c519b.wav/xl.meta: OK
./minio-data/music-assets/11111111-1111-1111-1111-111111111111/audio/58/5828607ccbe6ea61ca9e3a727a9234cc859337c02af4de82e814277a86663d36.wav/02bb1eb2-d2f4-4784-bbe6-db0fae6804f9/part.1: OK
./minio-data/music-assets/11111111-1111-1111-1111-111111111111/audio/58/5828607ccbe6ea61ca9e3a727a9234cc859337c02af4de82e814277a86663d36.wav/02bf224b-1a95-4873-9135-e75605b3e38b/part.1: OK
./minio-data/music-assets/11111111-1111-1111-1111-111111111111/audio/58/5828607ccbe6ea61ca9e3a727a9234cc859337c02af4de82e814277a86663d36.wav/0845bc9b-a6ea-46c7-b6e5-7de7c69a124a/part.1: OK
./minio-data/music-assets/11111111-1111-1111-1111-111111111111/audio/58/5828607ccbe6ea61ca9e3a727a9234cc859337c02af4de82e814277a86663d36.wav/22f5842b-b68a-4c8a-a11f-18f822513ebe/part.1: OK
./minio-data/music-assets/11111111-1111-1111-1111-111111111111/audio/58/5828607ccbe6ea61ca9e3a727a9234cc859337c02af4de82e814277a86663d36.wav/329542e2-9467-4e31-af17-286aed44c72c/part.1: OK
./minio-data/music-assets/11111111-1111-1111-1111-111111111111/audio/58/5828607ccbe6ea61ca9e3a727a9234cc859337c02af4de82e814277a86663d36.wav/4ee8df5c-0073-4a50-8d10-bebedfeb3a71/part.1: OK
./minio-data/music-assets/11111111-1111-1111-1111-111111111111/audio/58/5828607ccbe6ea61ca9e3a727a9234cc859337c02af4de82e814277a86663d36.wav/5946a2d9-8690-496d-b08a-5727241cc5fd/part.1: OK
./minio-data/music-assets/11111111-1111-1111-1111-111111111111/audio/58/5828607ccbe6ea61ca9e3a727a9234cc859337c02af4de82e814277a86663d36.wav/5d40115c-fa26-4e4d-97d9-13fd116eebed/part.1: OK
./minio-data/music-assets/11111111-1111-1111-1111-111111111111/audio/58/5828607ccbe6ea61ca9e3a727a9234cc859337c02af4de82e814277a86663d36.wav/641fcf80-e91f-45ff-b6ae-b541a950d25c/part.1: OK
./minio-data/music-assets/11111111-1111-1111-1111-111111111111/audio/58/5828607ccbe6ea61ca9e3a727a9234cc859337c02af4de82e814277a86663d36.wav/6d7c6098-caac-4d7f-b351-9910e538115d/part.1: OK
./minio-data/music-assets/11111111-1111-1111-1111-111111111111/audio/58/5828607ccbe6ea61ca9e3a727a9234cc859337c02af4de82e814277a86663d36.wav/73a56d69-b399-483f-b71e-1b0f18858c1f/part.1: OK
./minio-data/music-assets/11111111-1111-1111-1111-111111111111/audio/58/5828607ccbe6ea61ca9e3a727a9234cc859337c02af4de82e814277a86663d36.wav/7b4a566f-f194-437a-8aca-2c25e076ed47/part.1: OK
./minio-data/music-assets/11111111-1111-1111-1111-111111111111/audio/58/5828607ccbe6ea61ca9e3a727a9234cc859337c02af4de82e814277a86663d36.wav/8af42a3b-6151-498a-98b5-dbc0d293b79b/part.1: OK
./minio-data/music-assets/11111111-1111-1111-1111-111111111111/audio/58/5828607ccbe6ea61ca9e3a727a9234cc859337c02af4de82e814277a86663d36.wav/97df4e3f-4286-4fe2-aeb4-bdf01684cced/part.1: OK
./minio-data/music-assets/11111111-1111-1111-1111-111111111111/audio/58/5828607ccbe6ea61ca9e3a727a9234cc859337c02af4de82e814277a86663d36.wav/a550340c-7b7a-4d00-8dac-197482b24abc/part.1: OK
./minio-data/music-assets/11111111-1111-1111-1111-111111111111/audio/58/5828607ccbe6ea61ca9e3a727a9234cc859337c02af4de82e814277a86663d36.wav/a7649562-fe9f-44d7-9315-4d29883fcdf0/part.1: OK
./minio-data/music-assets/11111111-1111-1111-1111-111111111111/audio/58/5828607ccbe6ea61ca9e3a727a9234cc859337c02af4de82e814277a86663d36.wav/b30aeafb-23c6-417f-a139-06b5da41dad9/part.1: OK
./minio-data/music-assets/11111111-1111-1111-1111-111111111111/audio/58/5828607ccbe6ea61ca9e3a727a9234cc859337c02af4de82e814277a86663d36.wav/b721c7e9-9b8d-400a-9e62-02ee591bf1b3/part.1: OK
./minio-data/music-assets/11111111-1111-1111-1111-111111111111/audio/58/5828607ccbe6ea61ca9e3a727a9234cc859337c02af4de82e814277a86663d36.wav/c5d97f2d-bd82-47e5-ae9d-43662eb71239/part.1: OK
./minio-data/music-assets/11111111-1111-1111-1111-111111111111/audio/58/5828607ccbe6ea61ca9e3a727a9234cc859337c02af4de82e814277a86663d36.wav/cd8adf24-0637-449c-b05b-741a23afeb72/part.1: OK
./minio-data/music-assets/11111111-1111-1111-1111-111111111111/audio/58/5828607ccbe6ea61ca9e3a727a9234cc859337c02af4de82e814277a86663d36.wav/d1cee348-725c-4bda-9992-adc62ef7107d/part.1: OK
./minio-data/music-assets/11111111-1111-1111-1111-111111111111/audio/58/5828607ccbe6ea61ca9e3a727a9234cc859337c02af4de82e814277a86663d36.wav/e1a94877-a58b-45f9-8d0d-c80a886346c2/part.1: OK
./minio-data/music-assets/11111111-1111-1111-1111-111111111111/audio/58/5828607ccbe6ea61ca9e3a727a9234cc859337c02af4de82e814277a86663d36.wav/ebdbf02f-a137-45f9-97e3-76b4b7c7e0da/part.1: OK
./minio-data/music-assets/11111111-1111-1111-1111-111111111111/audio/58/5828607ccbe6ea61ca9e3a727a9234cc859337c02af4de82e814277a86663d36.wav/fff73828-c05a-45af-8c7a-b41377dcd88f/part.1: OK
./minio-data/music-assets/11111111-1111-1111-1111-111111111111/audio/58/5828607ccbe6ea61ca9e3a727a9234cc859337c02af4de82e814277a86663d36.wav/xl.meta: OK
./minio-data/music-assets/11111111-1111-1111-1111-111111111111/audio/62/62c7a8645d27c0f3988c16bcc5507799e6b8d6a406a07f2fb0bd00af0f6388c2.wav/05b1c604-adf9-40d0-9dcb-3c51dc7dabed/part.1: OK
./minio-data/music-assets/11111111-1111-1111-1111-111111111111/audio/62/62c7a8645d27c0f3988c16bcc5507799e6b8d6a406a07f2fb0bd00af0f6388c2.wav/0c446910-2918-4974-b28d-63be151aeb34/part.1: OK
./minio-data/music-assets/11111111-1111-1111-1111-111111111111/audio/62/62c7a8645d27c0f3988c16bcc5507799e6b8d6a406a07f2fb0bd00af0f6388c2.wav/0d49da87-7d9c-4eb0-8292-5adcf6038ce7/part.1: OK
./minio-data/music-assets/11111111-1111-1111-1111-111111111111/audio/62/62c7a8645d27c0f3988c16bcc5507799e6b8d6a406a07f2fb0bd00af0f6388c2.wav/0f74f097-636f-4bd5-858b-e4e6cfcdf7ff/part.1: OK
./minio-data/music-assets/11111111-1111-1111-1111-111111111111/audio/62/62c7a8645d27c0f3988c16bcc5507799e6b8d6a406a07f2fb0bd00af0f6388c2.wav/272fb040-88de-4df4-948c-aaa3d2ab5788/part.1: OK
./minio-data/music-assets/11111111-1111-1111-1111-111111111111/audio/62/62c7a8645d27c0f3988c16bcc5507799e6b8d6a406a07f2fb0bd00af0f6388c2.wav/2ad336b3-8aad-4bf4-8e1b-7986945309ee/part.1: OK
./minio-data/music-assets/11111111-1111-1111-1111-111111111111/audio/62/62c7a8645d27c0f3988c16bcc5507799e6b8d6a406a07f2fb0bd00af0f6388c2.wav/3dd3c836-4792-4808-b1cf-4290768b6210/part.1: OK
./minio-data/music-assets/11111111-1111-1111-1111-111111111111/audio/62/62c7a8645d27c0f3988c16bcc5507799e6b8d6a406a07f2fb0bd00af0f6388c2.wav/3f8b5a09-b289-4556-8feb-64f9c7fdf95e/part.1: OK
./minio-data/music-assets/11111111-1111-1111-1111-111111111111/audio/62/62c7a8645d27c0f3988c16bcc5507799e6b8d6a406a07f2fb0bd00af0f6388c2.wav/4b1ed9aa-a476-4eba-ae86-0063f12367eb/part.1: OK
./minio-data/music-assets/11111111-1111-1111-1111-111111111111/audio/62/62c7a8645d27c0f3988c16bcc5507799e6b8d6a406a07f2fb0bd00af0f6388c2.wav/5081288f-97c8-4a01-a880-13e056eba5a5/part.1: OK
./minio-data/music-assets/11111111-1111-1111-1111-111111111111/audio/62/62c7a8645d27c0f3988c16bcc5507799e6b8d6a406a07f2fb0bd00af0f6388c2.wav/51a763ab-1af3-4f38-a2f8-fd9c5f90e046/part.1: OK
./minio-data/music-assets/11111111-1111-1111-1111-111111111111/audio/62/62c7a8645d27c0f3988c16bcc5507799e6b8d6a406a07f2fb0bd00af0f6388c2.wav/580f9b11-b727-44d2-a32d-c0072da95df3/part.1: OK
./minio-data/music-assets/11111111-1111-1111-1111-111111111111/audio/62/62c7a8645d27c0f3988c16bcc5507799e6b8d6a406a07f2fb0bd00af0f6388c2.wav/5820bf83-d0da-478c-8d25-9c1e7f10b1f2/part.1: OK
./minio-data/music-assets/11111111-1111-1111-1111-111111111111/audio/62/62c7a8645d27c0f3988c16bcc5507799e6b8d6a406a07f2fb0bd00af0f6388c2.wav/5f1ac257-855f-4af2-a3e4-6ff4f2463214/part.1: OK
./minio-data/music-assets/11111111-1111-1111-1111-111111111111/audio/62/62c7a8645d27c0f3988c16bcc5507799e6b8d6a406a07f2fb0bd00af0f6388c2.wav/72f53a8c-8dbe-4e96-aad6-93cc737a03d4/part.1: OK
./minio-data/music-assets/11111111-1111-1111-1111-111111111111/audio/62/62c7a8645d27c0f3988c16bcc5507799e6b8d6a406a07f2fb0bd00af0f6388c2.wav/73d453a3-0666-4c21-8865-40c5fccc119f/part.1: OK
./minio-data/music-assets/11111111-1111-1111-1111-111111111111/audio/62/62c7a8645d27c0f3988c16bcc5507799e6b8d6a406a07f2fb0bd00af0f6388c2.wav/7f8b3d35-1f56-46f6-9691-ff340895eb72/part.1: OK
./minio-data/music-assets/11111111-1111-1111-1111-111111111111/audio/62/62c7a8645d27c0f3988c16bcc5507799e6b8d6a406a07f2fb0bd00af0f6388c2.wav/81f3c6b7-43b3-426b-a5d5-8a7a338e2511/part.1: OK
./minio-data/music-assets/11111111-1111-1111-1111-111111111111/audio/62/62c7a8645d27c0f3988c16bcc5507799e6b8d6a406a07f2fb0bd00af0f6388c2.wav/946fc9ba-3d25-4229-a5c2-ba3f2cd0709f/part.1: OK
./minio-data/music-assets/11111111-1111-1111-1111-111111111111/audio/62/62c7a8645d27c0f3988c16bcc5507799e6b8d6a406a07f2fb0bd00af0f6388c2.wav/94ead1c6-014c-49aa-868e-ca0d1b567475/part.1: OK
./minio-data/music-assets/11111111-1111-1111-1111-111111111111/audio/62/62c7a8645d27c0f3988c16bcc5507799e6b8d6a406a07f2fb0bd00af0f6388c2.wav/c2f8e77a-5b4d-4382-84a1-a2a0e0336b2e/part.1: OK
./minio-data/music-assets/11111111-1111-1111-1111-111111111111/audio/62/62c7a8645d27c0f3988c16bcc5507799e6b8d6a406a07f2fb0bd00af0f6388c2.wav/cb854310-ba39-4bb2-86b8-0df1eb1e81f9/part.1: OK
./minio-data/music-assets/11111111-1111-1111-1111-111111111111/audio/62/62c7a8645d27c0f3988c16bcc5507799e6b8d6a406a07f2fb0bd00af0f6388c2.wav/cd7fc396-6897-4088-a687-08fa91d393da/part.1: OK
./minio-data/music-assets/11111111-1111-1111-1111-111111111111/audio/62/62c7a8645d27c0f3988c16bcc5507799e6b8d6a406a07f2fb0bd00af0f6388c2.wav/e6410b4c-ea01-47c3-bcf5-e313e2c41cdb/part.1: OK
./minio-data/music-assets/11111111-1111-1111-1111-111111111111/audio/62/62c7a8645d27c0f3988c16bcc5507799e6b8d6a406a07f2fb0bd00af0f6388c2.wav/f18cf8df-35d0-4ed1-bb6e-d36f34b231dd/part.1: OK
./minio-data/music-assets/11111111-1111-1111-1111-111111111111/audio/62/62c7a8645d27c0f3988c16bcc5507799e6b8d6a406a07f2fb0bd00af0f6388c2.wav/f2770734-0a1c-4c27-a1b8-8c749f521f03/part.1: OK
./minio-data/music-assets/11111111-1111-1111-1111-111111111111/audio/62/62c7a8645d27c0f3988c16bcc5507799e6b8d6a406a07f2fb0bd00af0f6388c2.wav/f74ccb13-683a-4254-bbab-c5bf6975513b/part.1: OK
./minio-data/music-assets/11111111-1111-1111-1111-111111111111/audio/62/62c7a8645d27c0f3988c16bcc5507799e6b8d6a406a07f2fb0bd00af0f6388c2.wav/fc52f517-ca4d-4460-97ce-0e16c6016496/part.1: OK
./minio-data/music-assets/11111111-1111-1111-1111-111111111111/audio/62/62c7a8645d27c0f3988c16bcc5507799e6b8d6a406a07f2fb0bd00af0f6388c2.wav/xl.meta: OK
./minio-data/music-assets/11111111-1111-1111-1111-111111111111/audio/76/7695f02c53298f9a51eeac81da6835facae286cc6e195c235ec1e4c63a8d59af.wav/0abf0ed4-a82a-44d1-936c-f56c5d9f3ac2/part.1: OK
./minio-data/music-assets/11111111-1111-1111-1111-111111111111/audio/76/7695f02c53298f9a51eeac81da6835facae286cc6e195c235ec1e4c63a8d59af.wav/165ea3ad-d33d-4f19-a0e2-86fad86de42a/part.1: OK
./minio-data/music-assets/11111111-1111-1111-1111-111111111111/audio/76/7695f02c53298f9a51eeac81da6835facae286cc6e195c235ec1e4c63a8d59af.wav/1a7b614b-1f52-4742-925b-68962ef97ad5/part.1: OK
./minio-data/music-assets/11111111-1111-1111-1111-111111111111/audio/76/7695f02c53298f9a51eeac81da6835facae286cc6e195c235ec1e4c63a8d59af.wav/26a6dbaf-a6a5-49b7-9ee5-0ba3f8f42e73/part.1: OK
./minio-data/music-assets/11111111-1111-1111-1111-111111111111/audio/76/7695f02c53298f9a51eeac81da6835facae286cc6e195c235ec1e4c63a8d59af.wav/29f82d9c-4450-4248-9ad6-95f3f84cfbf0/part.1: OK
./minio-data/music-assets/11111111-1111-1111-1111-111111111111/audio/76/7695f02c53298f9a51eeac81da6835facae286cc6e195c235ec1e4c63a8d59af.wav/3471169b-8376-4aee-8cc7-56a64f86bcc8/part.1: OK
./minio-data/music-assets/11111111-1111-1111-1111-111111111111/audio/76/7695f02c53298f9a51eeac81da6835facae286cc6e195c235ec1e4c63a8d59af.wav/3e031eba-8a55-41d4-a957-4ca2c28b686b/part.1: OK
./minio-data/music-assets/11111111-1111-1111-1111-111111111111/audio/76/7695f02c53298f9a51eeac81da6835facae286cc6e195c235ec1e4c63a8d59af.wav/3fcbfcab-e006-44b3-bbd3-9722619af7d7/part.1: OK
./minio-data/music-assets/11111111-1111-1111-1111-111111111111/audio/76/7695f02c53298f9a51eeac81da6835facae286cc6e195c235ec1e4c63a8d59af.wav/45799614-ae39-427a-88a3-538cecc2b615/part.1: OK
./minio-data/music-assets/11111111-1111-1111-1111-111111111111/audio/76/7695f02c53298f9a51eeac81da6835facae286cc6e195c235ec1e4c63a8d59af.wav/52c1fd38-6447-4383-bb2c-ef961465e41a/part.1: OK
./minio-data/music-assets/11111111-1111-1111-1111-111111111111/audio/76/7695f02c53298f9a51eeac81da6835facae286cc6e195c235ec1e4c63a8d59af.wav/58e2fcb8-5432-471c-a40e-c3e953c32126/part.1: OK
./minio-data/music-assets/11111111-1111-1111-1111-111111111111/audio/76/7695f02c53298f9a51eeac81da6835facae286cc6e195c235ec1e4c63a8d59af.wav/638baa4c-a9b2-467f-aef8-b4bb97b66eb9/part.1: OK
./minio-data/music-assets/11111111-1111-1111-1111-111111111111/audio/76/7695f02c53298f9a51eeac81da6835facae286cc6e195c235ec1e4c63a8d59af.wav/6ea14538-6480-4a69-9179-d8bcc09260eb/part.1: OK
./minio-data/music-assets/11111111-1111-1111-1111-111111111111/audio/76/7695f02c53298f9a51eeac81da6835facae286cc6e195c235ec1e4c63a8d59af.wav/6f88c03f-3938-4a97-87d5-c3dde712d7a7/part.1: OK
./minio-data/music-assets/11111111-1111-1111-1111-111111111111/audio/76/7695f02c53298f9a51eeac81da6835facae286cc6e195c235ec1e4c63a8d59af.wav/7f4972b2-fd20-4f1a-9553-0f5aa10d2f0b/part.1: OK
./minio-data/music-assets/11111111-1111-1111-1111-111111111111/audio/76/7695f02c53298f9a51eeac81da6835facae286cc6e195c235ec1e4c63a8d59af.wav/9e35f397-629d-48f7-bd1a-f06a3c1d467d/part.1: OK
./minio-data/music-assets/11111111-1111-1111-1111-111111111111/audio/76/7695f02c53298f9a51eeac81da6835facae286cc6e195c235ec1e4c63a8d59af.wav/a5fd08cd-22fe-4abb-82d9-9c4981e8498d/part.1: OK
./minio-data/music-assets/11111111-1111-1111-1111-111111111111/audio/76/7695f02c53298f9a51eeac81da6835facae286cc6e195c235ec1e4c63a8d59af.wav/a9f90467-b5ea-49af-91b4-6c782e95efa9/part.1: OK
./minio-data/music-assets/11111111-1111-1111-1111-111111111111/audio/76/7695f02c53298f9a51eeac81da6835facae286cc6e195c235ec1e4c63a8d59af.wav/ac0fee07-920f-484d-9ccd-ea2253854275/part.1: OK
./minio-data/music-assets/11111111-1111-1111-1111-111111111111/audio/76/7695f02c53298f9a51eeac81da6835facae286cc6e195c235ec1e4c63a8d59af.wav/aec71091-0768-4400-bfb4-7e1cf105b3cc/part.1: OK
./minio-data/music-assets/11111111-1111-1111-1111-111111111111/audio/76/7695f02c53298f9a51eeac81da6835facae286cc6e195c235ec1e4c63a8d59af.wav/af9e67fe-6b74-45df-bc4a-4ba0ad67e7cb/part.1: OK
./minio-data/music-assets/11111111-1111-1111-1111-111111111111/audio/76/7695f02c53298f9a51eeac81da6835facae286cc6e195c235ec1e4c63a8d59af.wav/b8e09133-6008-491a-8db6-a27394f53daa/part.1: OK
./minio-data/music-assets/11111111-1111-1111-1111-111111111111/audio/76/7695f02c53298f9a51eeac81da6835facae286cc6e195c235ec1e4c63a8d59af.wav/c16e392b-6583-4c5b-9dad-5636ceb86fc3/part.1: OK
./minio-data/music-assets/11111111-1111-1111-1111-111111111111/audio/76/7695f02c53298f9a51eeac81da6835facae286cc6e195c235ec1e4c63a8d59af.wav/c5e54732-9acc-4219-af0a-015b7ea5f580/part.1: OK
./minio-data/music-assets/11111111-1111-1111-1111-111111111111/audio/76/7695f02c53298f9a51eeac81da6835facae286cc6e195c235ec1e4c63a8d59af.wav/cf0cbeb1-598c-49f4-93d8-1cb3920c8af5/part.1: OK
./minio-data/music-assets/11111111-1111-1111-1111-111111111111/audio/76/7695f02c53298f9a51eeac81da6835facae286cc6e195c235ec1e4c63a8d59af.wav/d0cdf406-f3b6-4bfa-b7a0-507441183eca/part.1: OK
./minio-data/music-assets/11111111-1111-1111-1111-111111111111/audio/76/7695f02c53298f9a51eeac81da6835facae286cc6e195c235ec1e4c63a8d59af.wav/f389f0a9-05bb-4741-ab45-4399bbf44ff3/part.1: OK
./minio-data/music-assets/11111111-1111-1111-1111-111111111111/audio/76/7695f02c53298f9a51eeac81da6835facae286cc6e195c235ec1e4c63a8d59af.wav/f4ad2a64-6028-4cc9-9a59-cc1324ce63f6/part.1: OK
./minio-data/music-assets/11111111-1111-1111-1111-111111111111/audio/76/7695f02c53298f9a51eeac81da6835facae286cc6e195c235ec1e4c63a8d59af.wav/fe18b838-f20c-4132-baef-e70b7520af0b/part.1: OK
./minio-data/music-assets/11111111-1111-1111-1111-111111111111/audio/76/7695f02c53298f9a51eeac81da6835facae286cc6e195c235ec1e4c63a8d59af.wav/xl.meta: OK
./minio-data/music-assets/11111111-1111-1111-1111-111111111111/audio/a9/a9d05e32f3c2a73fbc429ef894795f7e47cf53e77967db1bb440a4d994501c06.wav/000a3eb9-260f-40c8-b4ab-789a5dc97768/part.1: OK
./minio-data/music-assets/11111111-1111-1111-1111-111111111111/audio/a9/a9d05e32f3c2a73fbc429ef894795f7e47cf53e77967db1bb440a4d994501c06.wav/0ea6cec3-9027-4eb0-91f8-d27358df7607/part.1: OK
./minio-data/music-assets/11111111-1111-1111-1111-111111111111/audio/a9/a9d05e32f3c2a73fbc429ef894795f7e47cf53e77967db1bb440a4d994501c06.wav/1ddb190e-1bcb-48b6-8228-192907d34ae9/part.1: OK
./minio-data/music-assets/11111111-1111-1111-1111-111111111111/audio/a9/a9d05e32f3c2a73fbc429ef894795f7e47cf53e77967db1bb440a4d994501c06.wav/34fca21a-6ad9-4503-bf13-ff5963e597b9/part.1: OK
./minio-data/music-assets/11111111-1111-1111-1111-111111111111/audio/a9/a9d05e32f3c2a73fbc429ef894795f7e47cf53e77967db1bb440a4d994501c06.wav/38096715-675c-43b8-a13a-61e8a50377c8/part.1: OK
./minio-data/music-assets/11111111-1111-1111-1111-111111111111/audio/a9/a9d05e32f3c2a73fbc429ef894795f7e47cf53e77967db1bb440a4d994501c06.wav/43fac057-9d50-49e7-ab9b-d49a9c1729eb/part.1: OK
./minio-data/music-assets/11111111-1111-1111-1111-111111111111/audio/a9/a9d05e32f3c2a73fbc429ef894795f7e47cf53e77967db1bb440a4d994501c06.wav/476eb3a2-c22f-4e9a-95e7-e3db8d8fa0e7/part.1: OK
./minio-data/music-assets/11111111-1111-1111-1111-111111111111/audio/a9/a9d05e32f3c2a73fbc429ef894795f7e47cf53e77967db1bb440a4d994501c06.wav/5dd86850-9072-4144-9cde-88ecf651a804/part.1: OK
./minio-data/music-assets/11111111-1111-1111-1111-111111111111/audio/a9/a9d05e32f3c2a73fbc429ef894795f7e47cf53e77967db1bb440a4d994501c06.wav/5e3aad77-bf9d-468f-8c05-b69f33b7a264/part.1: OK
./minio-data/music-assets/11111111-1111-1111-1111-111111111111/audio/a9/a9d05e32f3c2a73fbc429ef894795f7e47cf53e77967db1bb440a4d994501c06.wav/6cb917a8-e28b-442d-8a33-4b16a10db9f2/part.1: OK
./minio-data/music-assets/11111111-1111-1111-1111-111111111111/audio/a9/a9d05e32f3c2a73fbc429ef894795f7e47cf53e77967db1bb440a4d994501c06.wav/6f0b5e37-0226-450a-8975-254191af6f58/part.1: OK
./minio-data/music-assets/11111111-1111-1111-1111-111111111111/audio/a9/a9d05e32f3c2a73fbc429ef894795f7e47cf53e77967db1bb440a4d994501c06.wav/733fc182-69d5-4d69-86b5-735f32bdb747/part.1: OK
./minio-data/music-assets/11111111-1111-1111-1111-111111111111/audio/a9/a9d05e32f3c2a73fbc429ef894795f7e47cf53e77967db1bb440a4d994501c06.wav/7425482b-ec93-45cc-aa1b-db650d3bf4c5/part.1: OK
./minio-data/music-assets/11111111-1111-1111-1111-111111111111/audio/a9/a9d05e32f3c2a73fbc429ef894795f7e47cf53e77967db1bb440a4d994501c06.wav/7ef824e4-f8a3-4d40-93a1-f0d178871af0/part.1: OK
./minio-data/music-assets/11111111-1111-1111-1111-111111111111/audio/a9/a9d05e32f3c2a73fbc429ef894795f7e47cf53e77967db1bb440a4d994501c06.wav/91be4a98-3d45-4b8c-85e3-35368fe3ed55/part.1: OK
./minio-data/music-assets/11111111-1111-1111-1111-111111111111/audio/a9/a9d05e32f3c2a73fbc429ef894795f7e47cf53e77967db1bb440a4d994501c06.wav/9246af27-8b0c-4d4e-9ccb-ded5124aa3d1/part.1: OK
./minio-data/music-assets/11111111-1111-1111-1111-111111111111/audio/a9/a9d05e32f3c2a73fbc429ef894795f7e47cf53e77967db1bb440a4d994501c06.wav/99769880-5487-4d44-a4d3-69a3b68f28a1/part.1: OK
./minio-data/music-assets/11111111-1111-1111-1111-111111111111/audio/a9/a9d05e32f3c2a73fbc429ef894795f7e47cf53e77967db1bb440a4d994501c06.wav/9ba5fb4c-2a3a-4caf-aedb-069d6ba63e10/part.1: OK
./minio-data/music-assets/11111111-1111-1111-1111-111111111111/audio/a9/a9d05e32f3c2a73fbc429ef894795f7e47cf53e77967db1bb440a4d994501c06.wav/a3e85d0f-b19c-4651-bf0d-abe15a0f48b9/part.1: OK
./minio-data/music-assets/11111111-1111-1111-1111-111111111111/audio/a9/a9d05e32f3c2a73fbc429ef894795f7e47cf53e77967db1bb440a4d994501c06.wav/b5ca3474-a9cc-4b96-90d3-bf103cecb52c/part.1: OK
./minio-data/music-assets/11111111-1111-1111-1111-111111111111/audio/a9/a9d05e32f3c2a73fbc429ef894795f7e47cf53e77967db1bb440a4d994501c06.wav/b885d01c-63b5-4bf7-8d06-ff5f50f2219b/part.1: OK
./minio-data/music-assets/11111111-1111-1111-1111-111111111111/audio/a9/a9d05e32f3c2a73fbc429ef894795f7e47cf53e77967db1bb440a4d994501c06.wav/bf555fbb-b1fb-4015-a83c-cb6b5b43bd06/part.1: OK
./minio-data/music-assets/11111111-1111-1111-1111-111111111111/audio/a9/a9d05e32f3c2a73fbc429ef894795f7e47cf53e77967db1bb440a4d994501c06.wav/c39a5af6-d48a-4a9f-b54c-cf4d98d29516/part.1: OK
./minio-data/music-assets/11111111-1111-1111-1111-111111111111/audio/a9/a9d05e32f3c2a73fbc429ef894795f7e47cf53e77967db1bb440a4d994501c06.wav/c6f3c9f7-ac72-4972-a0ec-6a74af82734b/part.1: OK
./minio-data/music-assets/11111111-1111-1111-1111-111111111111/audio/a9/a9d05e32f3c2a73fbc429ef894795f7e47cf53e77967db1bb440a4d994501c06.wav/d96fe5e1-05a8-4d9b-98df-f3a59588d3fc/part.1: OK
./minio-data/music-assets/11111111-1111-1111-1111-111111111111/audio/a9/a9d05e32f3c2a73fbc429ef894795f7e47cf53e77967db1bb440a4d994501c06.wav/de6bf2d2-8a6a-4f3d-a880-88645ed22cd3/part.1: OK
./minio-data/music-assets/11111111-1111-1111-1111-111111111111/audio/a9/a9d05e32f3c2a73fbc429ef894795f7e47cf53e77967db1bb440a4d994501c06.wav/e8622d42-b917-40df-82aa-791f6c2191b7/part.1: OK
./minio-data/music-assets/11111111-1111-1111-1111-111111111111/audio/a9/a9d05e32f3c2a73fbc429ef894795f7e47cf53e77967db1bb440a4d994501c06.wav/eb8671b7-46ab-4fa4-b5a8-bb85e62be0ef/part.1: OK
./minio-data/music-assets/11111111-1111-1111-1111-111111111111/audio/a9/a9d05e32f3c2a73fbc429ef894795f7e47cf53e77967db1bb440a4d994501c06.wav/ed2a4c10-3c62-4ade-ac7e-f5e68503300b/part.1: OK
./minio-data/music-assets/11111111-1111-1111-1111-111111111111/audio/a9/a9d05e32f3c2a73fbc429ef894795f7e47cf53e77967db1bb440a4d994501c06.wav/xl.meta: OK
./minio-data/music-assets/11111111-1111-1111-1111-111111111111/audio/d0/d0261574c91bda736971d0004295ed0749b937e1efb25ceb3f8be1e3f36785b9.wav/012c7a3c-60ce-4a25-a956-4470827e750c/part.1: OK
./minio-data/music-assets/11111111-1111-1111-1111-111111111111/audio/d0/d0261574c91bda736971d0004295ed0749b937e1efb25ceb3f8be1e3f36785b9.wav/0c64770e-f676-4b55-a243-142ac306d6d2/part.1: OK
./minio-data/music-assets/11111111-1111-1111-1111-111111111111/audio/d0/d0261574c91bda736971d0004295ed0749b937e1efb25ceb3f8be1e3f36785b9.wav/1a3c900b-f709-43ce-b7bc-2d6fdb916c59/part.1: OK
./minio-data/music-assets/11111111-1111-1111-1111-111111111111/audio/d0/d0261574c91bda736971d0004295ed0749b937e1efb25ceb3f8be1e3f36785b9.wav/31275095-01b1-434c-886c-7785f9c89689/part.1: OK
./minio-data/music-assets/11111111-1111-1111-1111-111111111111/audio/d0/d0261574c91bda736971d0004295ed0749b937e1efb25ceb3f8be1e3f36785b9.wav/3e71dcb9-8f7e-41da-8d2c-5ada9a0d2ec1/part.1: OK
./minio-data/music-assets/11111111-1111-1111-1111-111111111111/audio/d0/d0261574c91bda736971d0004295ed0749b937e1efb25ceb3f8be1e3f36785b9.wav/54882b3a-eb90-446c-bac2-9309bdafe6eb/part.1: OK
./minio-data/music-assets/11111111-1111-1111-1111-111111111111/audio/d0/d0261574c91bda736971d0004295ed0749b937e1efb25ceb3f8be1e3f36785b9.wav/55a0ae32-fc7f-4eff-a5c9-2ceb73545fe4/part.1: OK
./minio-data/music-assets/11111111-1111-1111-1111-111111111111/audio/d0/d0261574c91bda736971d0004295ed0749b937e1efb25ceb3f8be1e3f36785b9.wav/5cb890f7-566b-467c-ae60-66b0aac5c228/part.1: OK
./minio-data/music-assets/11111111-1111-1111-1111-111111111111/audio/d0/d0261574c91bda736971d0004295ed0749b937e1efb25ceb3f8be1e3f36785b9.wav/72349325-b50f-4c35-971b-4922d0327fa1/part.1: OK
./minio-data/music-assets/11111111-1111-1111-1111-111111111111/audio/d0/d0261574c91bda736971d0004295ed0749b937e1efb25ceb3f8be1e3f36785b9.wav/7675972a-f6fd-4629-81a0-41e61c2e85fe/part.1: OK
./minio-data/music-assets/11111111-1111-1111-1111-111111111111/audio/d0/d0261574c91bda736971d0004295ed0749b937e1efb25ceb3f8be1e3f36785b9.wav/76d373c0-ef5d-455b-8b0d-fa9e9a7a8f91/part.1: OK
./minio-data/music-assets/11111111-1111-1111-1111-111111111111/audio/d0/d0261574c91bda736971d0004295ed0749b937e1efb25ceb3f8be1e3f36785b9.wav/7a3746ce-d518-45f3-ad9e-083590f9090f/part.1: OK
./minio-data/music-assets/11111111-1111-1111-1111-111111111111/audio/d0/d0261574c91bda736971d0004295ed0749b937e1efb25ceb3f8be1e3f36785b9.wav/873d06d4-297f-4cc4-8a85-0e9bdbee6491/part.1: OK
./minio-data/music-assets/11111111-1111-1111-1111-111111111111/audio/d0/d0261574c91bda736971d0004295ed0749b937e1efb25ceb3f8be1e3f36785b9.wav/8e9b2488-7649-4695-99e2-52e7f2280625/part.1: OK
./minio-data/music-assets/11111111-1111-1111-1111-111111111111/audio/d0/d0261574c91bda736971d0004295ed0749b937e1efb25ceb3f8be1e3f36785b9.wav/922a06b0-f60a-4a7a-915c-d80d0d44d5a7/part.1: OK
./minio-data/music-assets/11111111-1111-1111-1111-111111111111/audio/d0/d0261574c91bda736971d0004295ed0749b937e1efb25ceb3f8be1e3f36785b9.wav/97810474-22a8-4ae6-b06a-38117ddac5da/part.1: OK
./minio-data/music-assets/11111111-1111-1111-1111-111111111111/audio/d0/d0261574c91bda736971d0004295ed0749b937e1efb25ceb3f8be1e3f36785b9.wav/9c10f0b3-0477-451b-8a2f-f2a547b3e6d8/part.1: OK
./minio-data/music-assets/11111111-1111-1111-1111-111111111111/audio/d0/d0261574c91bda736971d0004295ed0749b937e1efb25ceb3f8be1e3f36785b9.wav/c1620763-6503-4c58-bbb0-25c42f133b36/part.1: OK
./minio-data/music-assets/11111111-1111-1111-1111-111111111111/audio/d0/d0261574c91bda736971d0004295ed0749b937e1efb25ceb3f8be1e3f36785b9.wav/c7a5af99-ead1-4788-9884-2612952ff4ec/part.1: OK
./minio-data/music-assets/11111111-1111-1111-1111-111111111111/audio/d0/d0261574c91bda736971d0004295ed0749b937e1efb25ceb3f8be1e3f36785b9.wav/ccda71d5-931b-4c4a-aaf0-e80dbc32b963/part.1: OK
./minio-data/music-assets/11111111-1111-1111-1111-111111111111/audio/d0/d0261574c91bda736971d0004295ed0749b937e1efb25ceb3f8be1e3f36785b9.wav/cd8f012b-0f41-496e-b95a-5080589437f6/part.1: OK
./minio-data/music-assets/11111111-1111-1111-1111-111111111111/audio/d0/d0261574c91bda736971d0004295ed0749b937e1efb25ceb3f8be1e3f36785b9.wav/d63e7785-0e86-4ddd-8c97-792c589b6cbe/part.1: OK
./minio-data/music-assets/11111111-1111-1111-1111-111111111111/audio/d0/d0261574c91bda736971d0004295ed0749b937e1efb25ceb3f8be1e3f36785b9.wav/d67b300f-a740-4495-b637-6b76f26571f3/part.1: OK
./minio-data/music-assets/11111111-1111-1111-1111-111111111111/audio/d0/d0261574c91bda736971d0004295ed0749b937e1efb25ceb3f8be1e3f36785b9.wav/d890144d-77ab-4d38-9d55-fb26fcb4e7df/part.1: OK
./minio-data/music-assets/11111111-1111-1111-1111-111111111111/audio/d0/d0261574c91bda736971d0004295ed0749b937e1efb25ceb3f8be1e3f36785b9.wav/d94b8a31-a554-4331-b102-18a8dbaa18c9/part.1: OK
./minio-data/music-assets/11111111-1111-1111-1111-111111111111/audio/d0/d0261574c91bda736971d0004295ed0749b937e1efb25ceb3f8be1e3f36785b9.wav/ef68f14f-9afc-415f-a18f-32b43a1e9a31/part.1: OK
./minio-data/music-assets/11111111-1111-1111-1111-111111111111/audio/d0/d0261574c91bda736971d0004295ed0749b937e1efb25ceb3f8be1e3f36785b9.wav/xl.meta: OK
./minio-data/music-assets/11111111-1111-1111-1111-111111111111/audio/d5/d5a17f151901c6d1afb534f10332a967daebb43777d7031e47bdeff6ebfb9b2e.wav/016d1c82-32f6-4ec6-8fc2-bbbfae4e28eb/part.1: OK
./minio-data/music-assets/11111111-1111-1111-1111-111111111111/audio/d5/d5a17f151901c6d1afb534f10332a967daebb43777d7031e47bdeff6ebfb9b2e.wav/1debaa0f-033a-418d-aa5e-d3d7a426b27f/part.1: OK
./minio-data/music-assets/11111111-1111-1111-1111-111111111111/audio/d5/d5a17f151901c6d1afb534f10332a967daebb43777d7031e47bdeff6ebfb9b2e.wav/40c031ed-aeda-43eb-867a-c648baa7e701/part.1: OK
./minio-data/music-assets/11111111-1111-1111-1111-111111111111/audio/d5/d5a17f151901c6d1afb534f10332a967daebb43777d7031e47bdeff6ebfb9b2e.wav/44a12053-980d-4320-a4bd-2a261228e6e1/part.1: OK
./minio-data/music-assets/11111111-1111-1111-1111-111111111111/audio/d5/d5a17f151901c6d1afb534f10332a967daebb43777d7031e47bdeff6ebfb9b2e.wav/5cfbdcdc-d14d-4cd6-ae59-cf33949984de/part.1: OK
./minio-data/music-assets/11111111-1111-1111-1111-111111111111/audio/d5/d5a17f151901c6d1afb534f10332a967daebb43777d7031e47bdeff6ebfb9b2e.wav/66c2726a-e1a0-47a9-be22-06f0275906af/part.1: OK
./minio-data/music-assets/11111111-1111-1111-1111-111111111111/audio/d5/d5a17f151901c6d1afb534f10332a967daebb43777d7031e47bdeff6ebfb9b2e.wav/71d4bb5e-4c05-44d4-9f2d-75550f00a25f/part.1: OK
./minio-data/music-assets/11111111-1111-1111-1111-111111111111/audio/d5/d5a17f151901c6d1afb534f10332a967daebb43777d7031e47bdeff6ebfb9b2e.wav/78146beb-6a31-4ab2-9241-1c947485f5c2/part.1: OK
./minio-data/music-assets/11111111-1111-1111-1111-111111111111/audio/d5/d5a17f151901c6d1afb534f10332a967daebb43777d7031e47bdeff6ebfb9b2e.wav/822f3f27-f12f-4b58-a6d6-716dc7b6e91a/part.1: OK
./minio-data/music-assets/11111111-1111-1111-1111-111111111111/audio/d5/d5a17f151901c6d1afb534f10332a967daebb43777d7031e47bdeff6ebfb9b2e.wav/983602e6-7924-46cf-b87a-cb1373a96e89/part.1: OK
./minio-data/music-assets/11111111-1111-1111-1111-111111111111/audio/d5/d5a17f151901c6d1afb534f10332a967daebb43777d7031e47bdeff6ebfb9b2e.wav/a2d76b01-300c-426c-b21d-36a2fbce1a58/part.1: OK
./minio-data/music-assets/11111111-1111-1111-1111-111111111111/audio/d5/d5a17f151901c6d1afb534f10332a967daebb43777d7031e47bdeff6ebfb9b2e.wav/a95befec-7f24-45ae-85ca-4a56314a9cae/part.1: OK
./minio-data/music-assets/11111111-1111-1111-1111-111111111111/audio/d5/d5a17f151901c6d1afb534f10332a967daebb43777d7031e47bdeff6ebfb9b2e.wav/aab5d69f-a986-4a5c-8066-9f1ca1221de0/part.1: OK
./minio-data/music-assets/11111111-1111-1111-1111-111111111111/audio/d5/d5a17f151901c6d1afb534f10332a967daebb43777d7031e47bdeff6ebfb9b2e.wav/accb9558-abe2-4d5c-b3eb-9c7cfeec4c97/part.1: OK
./minio-data/music-assets/11111111-1111-1111-1111-111111111111/audio/d5/d5a17f151901c6d1afb534f10332a967daebb43777d7031e47bdeff6ebfb9b2e.wav/b4b36d17-36bd-44e2-9d13-80a549e3a1ae/part.1: OK
./minio-data/music-assets/11111111-1111-1111-1111-111111111111/audio/d5/d5a17f151901c6d1afb534f10332a967daebb43777d7031e47bdeff6ebfb9b2e.wav/bdbc8b3e-43be-4730-83aa-4ff6fdf17220/part.1: OK
./minio-data/music-assets/11111111-1111-1111-1111-111111111111/audio/d5/d5a17f151901c6d1afb534f10332a967daebb43777d7031e47bdeff6ebfb9b2e.wav/bf9f70f9-17cd-4556-b2c5-0773e253d9d7/part.1: OK
./minio-data/music-assets/11111111-1111-1111-1111-111111111111/audio/d5/d5a17f151901c6d1afb534f10332a967daebb43777d7031e47bdeff6ebfb9b2e.wav/c18146e2-035d-47c4-a439-c5aff1df0bae/part.1: OK
./minio-data/music-assets/11111111-1111-1111-1111-111111111111/audio/d5/d5a17f151901c6d1afb534f10332a967daebb43777d7031e47bdeff6ebfb9b2e.wav/c27059f7-c307-421e-b32c-a6db73d420e6/part.1: OK
./minio-data/music-assets/11111111-1111-1111-1111-111111111111/audio/d5/d5a17f151901c6d1afb534f10332a967daebb43777d7031e47bdeff6ebfb9b2e.wav/ce3210a3-dc72-454a-ae5b-c46905e0fccf/part.1: OK
./minio-data/music-assets/11111111-1111-1111-1111-111111111111/audio/d5/d5a17f151901c6d1afb534f10332a967daebb43777d7031e47bdeff6ebfb9b2e.wav/e930e671-9b2b-415f-86f9-7d95aaab41b1/part.1: OK
./minio-data/music-assets/11111111-1111-1111-1111-111111111111/audio/d5/d5a17f151901c6d1afb534f10332a967daebb43777d7031e47bdeff6ebfb9b2e.wav/ed929638-b215-4c82-9552-025999501ebc/part.1: OK
./minio-data/music-assets/11111111-1111-1111-1111-111111111111/audio/d5/d5a17f151901c6d1afb534f10332a967daebb43777d7031e47bdeff6ebfb9b2e.wav/ee925aee-e440-4ee0-90a5-c52d9a5a473d/part.1: OK
./minio-data/music-assets/11111111-1111-1111-1111-111111111111/audio/d5/d5a17f151901c6d1afb534f10332a967daebb43777d7031e47bdeff6ebfb9b2e.wav/f330d6e3-89af-4981-924f-30a7d2e15ca8/part.1: OK
./minio-data/music-assets/11111111-1111-1111-1111-111111111111/audio/d5/d5a17f151901c6d1afb534f10332a967daebb43777d7031e47bdeff6ebfb9b2e.wav/f344dc5d-d61e-4236-98b5-48d89bf76c80/part.1: OK
./minio-data/music-assets/11111111-1111-1111-1111-111111111111/audio/d5/d5a17f151901c6d1afb534f10332a967daebb43777d7031e47bdeff6ebfb9b2e.wav/xl.meta: OK
./minio-data/music-assets/11111111-1111-1111-1111-111111111111/audio/e3/e32d46b7830e2dbc78340442bc211faaf99594058e5b49653e922e02173d3003.wav/0c51a286-4a91-44fe-94f1-35a4785db73b/part.1: OK
./minio-data/music-assets/11111111-1111-1111-1111-111111111111/audio/e3/e32d46b7830e2dbc78340442bc211faaf99594058e5b49653e922e02173d3003.wav/0cbe7e54-7576-4b94-afb9-68201fd0fa4b/part.1: OK
./minio-data/music-assets/11111111-1111-1111-1111-111111111111/audio/e3/e32d46b7830e2dbc78340442bc211faaf99594058e5b49653e922e02173d3003.wav/15393b19-8b05-465a-8727-183deb364f85/part.1: OK
./minio-data/music-assets/11111111-1111-1111-1111-111111111111/audio/e3/e32d46b7830e2dbc78340442bc211faaf99594058e5b49653e922e02173d3003.wav/16e21f35-c383-48fe-bd6a-0eb6687c1671/part.1: OK
./minio-data/music-assets/11111111-1111-1111-1111-111111111111/audio/e3/e32d46b7830e2dbc78340442bc211faaf99594058e5b49653e922e02173d3003.wav/24010260-26d1-488b-95d1-0f0873cd2d50/part.1: OK
./minio-data/music-assets/11111111-1111-1111-1111-111111111111/audio/e3/e32d46b7830e2dbc78340442bc211faaf99594058e5b49653e922e02173d3003.wav/2b7fbbcf-7ae4-4617-9568-247c65c3bad4/part.1: OK
./minio-data/music-assets/11111111-1111-1111-1111-111111111111/audio/e3/e32d46b7830e2dbc78340442bc211faaf99594058e5b49653e922e02173d3003.wav/352c88cf-3c4f-4b08-84fc-27d5822c2c1f/part.1: OK
./minio-data/music-assets/11111111-1111-1111-1111-111111111111/audio/e3/e32d46b7830e2dbc78340442bc211faaf99594058e5b49653e922e02173d3003.wav/35efa68d-02bd-4fd5-8c9b-49ad8055de9d/part.1: OK
./minio-data/music-assets/11111111-1111-1111-1111-111111111111/audio/e3/e32d46b7830e2dbc78340442bc211faaf99594058e5b49653e922e02173d3003.wav/3a65286f-c675-4e26-8296-6a98b87e0f07/part.1: OK
./minio-data/music-assets/11111111-1111-1111-1111-111111111111/audio/e3/e32d46b7830e2dbc78340442bc211faaf99594058e5b49653e922e02173d3003.wav/4c72cb15-9514-40a7-bcb9-e2c03a890556/part.1: OK
./minio-data/music-assets/11111111-1111-1111-1111-111111111111/audio/e3/e32d46b7830e2dbc78340442bc211faaf99594058e5b49653e922e02173d3003.wav/53cb4aa4-1d56-4a92-b41e-854cfab4fc24/part.1: OK
./minio-data/music-assets/11111111-1111-1111-1111-111111111111/audio/e3/e32d46b7830e2dbc78340442bc211faaf99594058e5b49653e922e02173d3003.wav/55c53f5f-3a3f-49f1-b873-dfacb4151fb3/part.1: OK
./minio-data/music-assets/11111111-1111-1111-1111-111111111111/audio/e3/e32d46b7830e2dbc78340442bc211faaf99594058e5b49653e922e02173d3003.wav/5bc0286f-0b14-4c4f-8db4-c164708a6079/part.1: OK
./minio-data/music-assets/11111111-1111-1111-1111-111111111111/audio/e3/e32d46b7830e2dbc78340442bc211faaf99594058e5b49653e922e02173d3003.wav/5f25662e-4f62-4e50-95f2-28f85b71e8b1/part.1: OK
./minio-data/music-assets/11111111-1111-1111-1111-111111111111/audio/e3/e32d46b7830e2dbc78340442bc211faaf99594058e5b49653e922e02173d3003.wav/7d3bd181-0844-4e9e-a8d3-bfae72ced91e/part.1: OK
./minio-data/music-assets/11111111-1111-1111-1111-111111111111/audio/e3/e32d46b7830e2dbc78340442bc211faaf99594058e5b49653e922e02173d3003.wav/8b057dd9-201b-4137-9e91-ea8cb60dbcd2/part.1: OK
./minio-data/music-assets/11111111-1111-1111-1111-111111111111/audio/e3/e32d46b7830e2dbc78340442bc211faaf99594058e5b49653e922e02173d3003.wav/91dba3bb-5e98-4df4-8916-8333fa8d8e8b/part.1: OK
./minio-data/music-assets/11111111-1111-1111-1111-111111111111/audio/e3/e32d46b7830e2dbc78340442bc211faaf99594058e5b49653e922e02173d3003.wav/9b9c2301-d96a-42c5-aab3-b3779dbbf808/part.1: OK
./minio-data/music-assets/11111111-1111-1111-1111-111111111111/audio/e3/e32d46b7830e2dbc78340442bc211faaf99594058e5b49653e922e02173d3003.wav/9f0ca753-3273-456e-905f-55821a826c27/part.1: OK
./minio-data/music-assets/11111111-1111-1111-1111-111111111111/audio/e3/e32d46b7830e2dbc78340442bc211faaf99594058e5b49653e922e02173d3003.wav/c2ae93a6-606b-4cb3-9a33-f2eddd02aea6/part.1: OK
./minio-data/music-assets/11111111-1111-1111-1111-111111111111/audio/e3/e32d46b7830e2dbc78340442bc211faaf99594058e5b49653e922e02173d3003.wav/c2b200fa-7ad9-42d8-8be0-37c6223d8521/part.1: OK
./minio-data/music-assets/11111111-1111-1111-1111-111111111111/audio/e3/e32d46b7830e2dbc78340442bc211faaf99594058e5b49653e922e02173d3003.wav/d4a98706-7928-4b4c-98a4-b83c9c05868f/part.1: OK
./minio-data/music-assets/11111111-1111-1111-1111-111111111111/audio/e3/e32d46b7830e2dbc78340442bc211faaf99594058e5b49653e922e02173d3003.wav/d5c706e8-e175-451b-9fba-25b1c0dd6094/part.1: OK
./minio-data/music-assets/11111111-1111-1111-1111-111111111111/audio/e3/e32d46b7830e2dbc78340442bc211faaf99594058e5b49653e922e02173d3003.wav/dca72ebe-0e90-42b8-85ee-03e31e53acd0/part.1: OK
./minio-data/music-assets/11111111-1111-1111-1111-111111111111/audio/e3/e32d46b7830e2dbc78340442bc211faaf99594058e5b49653e922e02173d3003.wav/eb48bf35-bf9f-4510-a94a-a32993432531/part.1: OK
./minio-data/music-assets/11111111-1111-1111-1111-111111111111/audio/e3/e32d46b7830e2dbc78340442bc211faaf99594058e5b49653e922e02173d3003.wav/xl.meta: OK
./minio-data/music-assets/11111111-1111-1111-1111-111111111111/audio/e5/e539515e118a880fb56011ce6a4179f56c4b78161d351796c986037863187fb0.wav/02c94f50-52cd-46d4-bd43-92cb94f2f0eb/part.1: OK
./minio-data/music-assets/11111111-1111-1111-1111-111111111111/audio/e5/e539515e118a880fb56011ce6a4179f56c4b78161d351796c986037863187fb0.wav/07635663-e616-4765-8e13-a9a8e2509a8a/part.1: OK
./minio-data/music-assets/11111111-1111-1111-1111-111111111111/audio/e5/e539515e118a880fb56011ce6a4179f56c4b78161d351796c986037863187fb0.wav/104e351f-a395-4089-8874-100a2bf67b2a/part.1: OK
./minio-data/music-assets/11111111-1111-1111-1111-111111111111/audio/e5/e539515e118a880fb56011ce6a4179f56c4b78161d351796c986037863187fb0.wav/16aa069e-e30b-45c1-ab86-db009773bcff/part.1: OK
./minio-data/music-assets/11111111-1111-1111-1111-111111111111/audio/e5/e539515e118a880fb56011ce6a4179f56c4b78161d351796c986037863187fb0.wav/1b0abe61-5e98-462e-8752-2c7c023072ec/part.1: OK
./minio-data/music-assets/11111111-1111-1111-1111-111111111111/audio/e5/e539515e118a880fb56011ce6a4179f56c4b78161d351796c986037863187fb0.wav/20521d1e-8078-4ffe-88c4-80e2df593302/part.1: OK
./minio-data/music-assets/11111111-1111-1111-1111-111111111111/audio/e5/e539515e118a880fb56011ce6a4179f56c4b78161d351796c986037863187fb0.wav/33704516-175f-4aa6-afb1-5df7a15001d6/part.1: OK
./minio-data/music-assets/11111111-1111-1111-1111-111111111111/audio/e5/e539515e118a880fb56011ce6a4179f56c4b78161d351796c986037863187fb0.wav/343c0d90-b3d8-4c8d-baba-181481d67801/part.1: OK
./minio-data/music-assets/11111111-1111-1111-1111-111111111111/audio/e5/e539515e118a880fb56011ce6a4179f56c4b78161d351796c986037863187fb0.wav/512f7ce1-c52b-4c3b-ac9f-ed45d1965b2d/part.1: OK
./minio-data/music-assets/11111111-1111-1111-1111-111111111111/audio/e5/e539515e118a880fb56011ce6a4179f56c4b78161d351796c986037863187fb0.wav/51d22369-c827-4c06-8ffd-fdca123aff28/part.1: OK
./minio-data/music-assets/11111111-1111-1111-1111-111111111111/audio/e5/e539515e118a880fb56011ce6a4179f56c4b78161d351796c986037863187fb0.wav/578a6faf-e162-465b-bc65-0c1fb7a63abd/part.1: OK
./minio-data/music-assets/11111111-1111-1111-1111-111111111111/audio/e5/e539515e118a880fb56011ce6a4179f56c4b78161d351796c986037863187fb0.wav/73590c51-bb11-4d73-8100-9179ccb79eb6/part.1: OK
./minio-data/music-assets/11111111-1111-1111-1111-111111111111/audio/e5/e539515e118a880fb56011ce6a4179f56c4b78161d351796c986037863187fb0.wav/89e4a78d-de10-4634-b731-1e3c1d5f2b3f/part.1: OK
./minio-data/music-assets/11111111-1111-1111-1111-111111111111/audio/e5/e539515e118a880fb56011ce6a4179f56c4b78161d351796c986037863187fb0.wav/8a6bd0ec-77ca-44af-8296-c8b671f6f152/part.1: OK
./minio-data/music-assets/11111111-1111-1111-1111-111111111111/audio/e5/e539515e118a880fb56011ce6a4179f56c4b78161d351796c986037863187fb0.wav/8fa9809b-4ef2-45ec-b1c2-395c0de8438c/part.1: OK
./minio-data/music-assets/11111111-1111-1111-1111-111111111111/audio/e5/e539515e118a880fb56011ce6a4179f56c4b78161d351796c986037863187fb0.wav/999f4ff7-2b5b-44da-80a4-b1a3221706e8/part.1: OK
./minio-data/music-assets/11111111-1111-1111-1111-111111111111/audio/e5/e539515e118a880fb56011ce6a4179f56c4b78161d351796c986037863187fb0.wav/a90748a8-79fd-4cb8-b63f-9f7515424a9e/part.1: OK
./minio-data/music-assets/11111111-1111-1111-1111-111111111111/audio/e5/e539515e118a880fb56011ce6a4179f56c4b78161d351796c986037863187fb0.wav/ada90b95-0849-4f9d-a197-c11929a2e0e9/part.1: OK
./minio-data/music-assets/11111111-1111-1111-1111-111111111111/audio/e5/e539515e118a880fb56011ce6a4179f56c4b78161d351796c986037863187fb0.wav/b9286cce-b073-47bb-9203-4be2668a14fe/part.1: OK
./minio-data/music-assets/11111111-1111-1111-1111-111111111111/audio/e5/e539515e118a880fb56011ce6a4179f56c4b78161d351796c986037863187fb0.wav/c280a655-4cff-4d09-9863-14783009949e/part.1: OK
./minio-data/music-assets/11111111-1111-1111-1111-111111111111/audio/e5/e539515e118a880fb56011ce6a4179f56c4b78161d351796c986037863187fb0.wav/f25c22c8-5fcc-42cb-b886-d4ea30f7e6a0/part.1: OK
./minio-data/music-assets/11111111-1111-1111-1111-111111111111/audio/e5/e539515e118a880fb56011ce6a4179f56c4b78161d351796c986037863187fb0.wav/fbc015c3-621f-4dee-85b0-fee08a8d8fba/part.1: OK
./minio-data/music-assets/11111111-1111-1111-1111-111111111111/audio/e5/e539515e118a880fb56011ce6a4179f56c4b78161d351796c986037863187fb0.wav/fc540574-6efb-45f7-8299-61ed8976a7e0/part.1: OK
./minio-data/music-assets/11111111-1111-1111-1111-111111111111/audio/e5/e539515e118a880fb56011ce6a4179f56c4b78161d351796c986037863187fb0.wav/xl.meta: OK
./minio-data/music-assets/11111111-1111-1111-1111-111111111111/audio/f5/f546952dd94e51136dc7b114ee61d84fa48e71929242033c3c97979a3495dae5.wav/04b21622-c63d-40e5-8e31-ea0c025c5fd1/part.1: OK
./minio-data/music-assets/11111111-1111-1111-1111-111111111111/audio/f5/f546952dd94e51136dc7b114ee61d84fa48e71929242033c3c97979a3495dae5.wav/0ea9c58c-915f-4bbd-a215-0fe777aa9801/part.1: OK
./minio-data/music-assets/11111111-1111-1111-1111-111111111111/audio/f5/f546952dd94e51136dc7b114ee61d84fa48e71929242033c3c97979a3495dae5.wav/123a9dd2-14f0-416d-941e-20c2c7f8378c/part.1: OK
./minio-data/music-assets/11111111-1111-1111-1111-111111111111/audio/f5/f546952dd94e51136dc7b114ee61d84fa48e71929242033c3c97979a3495dae5.wav/15943547-a2eb-4ef6-99aa-60099b60bf19/part.1: OK
./minio-data/music-assets/11111111-1111-1111-1111-111111111111/audio/f5/f546952dd94e51136dc7b114ee61d84fa48e71929242033c3c97979a3495dae5.wav/175212bd-dc75-419d-8d6e-466d6ff20433/part.1: OK
./minio-data/music-assets/11111111-1111-1111-1111-111111111111/audio/f5/f546952dd94e51136dc7b114ee61d84fa48e71929242033c3c97979a3495dae5.wav/275ed2e5-d668-403f-a8e0-44b33ace08e4/part.1: OK
./minio-data/music-assets/11111111-1111-1111-1111-111111111111/audio/f5/f546952dd94e51136dc7b114ee61d84fa48e71929242033c3c97979a3495dae5.wav/299a0c7a-e080-4d68-9995-39e2db937d58/part.1: OK
./minio-data/music-assets/11111111-1111-1111-1111-111111111111/audio/f5/f546952dd94e51136dc7b114ee61d84fa48e71929242033c3c97979a3495dae5.wav/36d244be-7ff2-4fdb-93ad-86f22c0b2cf4/part.1: OK
./minio-data/music-assets/11111111-1111-1111-1111-111111111111/audio/f5/f546952dd94e51136dc7b114ee61d84fa48e71929242033c3c97979a3495dae5.wav/4c9ed38d-4182-4581-b855-94b1d454e5ff/part.1: OK
./minio-data/music-assets/11111111-1111-1111-1111-111111111111/audio/f5/f546952dd94e51136dc7b114ee61d84fa48e71929242033c3c97979a3495dae5.wav/55dc9b49-759d-4d17-a662-53f830142be9/part.1: OK
./minio-data/music-assets/11111111-1111-1111-1111-111111111111/audio/f5/f546952dd94e51136dc7b114ee61d84fa48e71929242033c3c97979a3495dae5.wav/613562cf-9003-41bc-951b-9303a1c689e5/part.1: OK
./minio-data/music-assets/11111111-1111-1111-1111-111111111111/audio/f5/f546952dd94e51136dc7b114ee61d84fa48e71929242033c3c97979a3495dae5.wav/628ea90d-c505-4a04-bfc9-bb1290154907/part.1: OK
./minio-data/music-assets/11111111-1111-1111-1111-111111111111/audio/f5/f546952dd94e51136dc7b114ee61d84fa48e71929242033c3c97979a3495dae5.wav/68a24d41-037d-4d6f-943e-c651ede57936/part.1: OK
./minio-data/music-assets/11111111-1111-1111-1111-111111111111/audio/f5/f546952dd94e51136dc7b114ee61d84fa48e71929242033c3c97979a3495dae5.wav/72d0e264-50c8-422f-9d33-a853b4b73008/part.1: OK
./minio-data/music-assets/11111111-1111-1111-1111-111111111111/audio/f5/f546952dd94e51136dc7b114ee61d84fa48e71929242033c3c97979a3495dae5.wav/7ac28a9e-cd79-4052-8945-f38d386699ed/part.1: OK
./minio-data/music-assets/11111111-1111-1111-1111-111111111111/audio/f5/f546952dd94e51136dc7b114ee61d84fa48e71929242033c3c97979a3495dae5.wav/7bb47dbf-b1fb-4ce3-87aa-47a803e7aaea/part.1: OK
./minio-data/music-assets/11111111-1111-1111-1111-111111111111/audio/f5/f546952dd94e51136dc7b114ee61d84fa48e71929242033c3c97979a3495dae5.wav/7e743583-ad85-47fc-84c4-b54af5aa1623/part.1: OK
./minio-data/music-assets/11111111-1111-1111-1111-111111111111/audio/f5/f546952dd94e51136dc7b114ee61d84fa48e71929242033c3c97979a3495dae5.wav/96f38af4-f0f0-4105-b0b5-b49fb307ba57/part.1: OK
./minio-data/music-assets/11111111-1111-1111-1111-111111111111/audio/f5/f546952dd94e51136dc7b114ee61d84fa48e71929242033c3c97979a3495dae5.wav/a6fa0afb-9653-445e-b2e7-25b68ba28676/part.1: OK
./minio-data/music-assets/11111111-1111-1111-1111-111111111111/audio/f5/f546952dd94e51136dc7b114ee61d84fa48e71929242033c3c97979a3495dae5.wav/a8188ace-8fba-4176-9fe5-8b289b2a539b/part.1: OK
./minio-data/music-assets/11111111-1111-1111-1111-111111111111/audio/f5/f546952dd94e51136dc7b114ee61d84fa48e71929242033c3c97979a3495dae5.wav/a9933878-9e3c-4dc7-ae05-f0fe3113ee6f/part.1: OK
./minio-data/music-assets/11111111-1111-1111-1111-111111111111/audio/f5/f546952dd94e51136dc7b114ee61d84fa48e71929242033c3c97979a3495dae5.wav/ac925065-989a-425f-928d-f85048d900b3/part.1: OK
./minio-data/music-assets/11111111-1111-1111-1111-111111111111/audio/f5/f546952dd94e51136dc7b114ee61d84fa48e71929242033c3c97979a3495dae5.wav/b5e5824f-93f1-416f-bb0d-952b7975d323/part.1: OK
./minio-data/music-assets/11111111-1111-1111-1111-111111111111/audio/f5/f546952dd94e51136dc7b114ee61d84fa48e71929242033c3c97979a3495dae5.wav/ba07499f-3254-4474-b10c-7baac3bae208/part.1: OK
./minio-data/music-assets/11111111-1111-1111-1111-111111111111/audio/f5/f546952dd94e51136dc7b114ee61d84fa48e71929242033c3c97979a3495dae5.wav/bce15be4-67a5-40ac-b772-b2c287a901a4/part.1: OK
./minio-data/music-assets/11111111-1111-1111-1111-111111111111/audio/f5/f546952dd94e51136dc7b114ee61d84fa48e71929242033c3c97979a3495dae5.wav/e60dee54-0991-4b9c-b501-2dec5dfc9101/part.1: OK
./minio-data/music-assets/11111111-1111-1111-1111-111111111111/audio/f5/f546952dd94e51136dc7b114ee61d84fa48e71929242033c3c97979a3495dae5.wav/fc4ab524-a21a-46d6-b270-891140acc001/part.1: OK
./minio-data/music-assets/11111111-1111-1111-1111-111111111111/audio/f5/f546952dd94e51136dc7b114ee61d84fa48e71929242033c3c97979a3495dae5.wav/xl.meta: OK
./minio-data/music-assets/11111111-1111-1111-1111-111111111111/audio/fb/fb9cd9d68e60bd37ebffb96efa051d151230a8fe257061b5f2f47f22af3e5447.wav/098c7f2e-0b27-4f0b-8431-1fbd8bc4e846/part.1: OK
./minio-data/music-assets/11111111-1111-1111-1111-111111111111/audio/fb/fb9cd9d68e60bd37ebffb96efa051d151230a8fe257061b5f2f47f22af3e5447.wav/16fba550-afc2-4c48-a13f-48269ffb0204/part.1: OK
./minio-data/music-assets/11111111-1111-1111-1111-111111111111/audio/fb/fb9cd9d68e60bd37ebffb96efa051d151230a8fe257061b5f2f47f22af3e5447.wav/390a4896-9dcb-4b52-b070-790714da4782/part.1: OK
./minio-data/music-assets/11111111-1111-1111-1111-111111111111/audio/fb/fb9cd9d68e60bd37ebffb96efa051d151230a8fe257061b5f2f47f22af3e5447.wav/3c4e2f5d-856b-41ca-b2bf-10d36faa06c0/part.1: OK
./minio-data/music-assets/11111111-1111-1111-1111-111111111111/audio/fb/fb9cd9d68e60bd37ebffb96efa051d151230a8fe257061b5f2f47f22af3e5447.wav/3e28ac4c-41ae-47a2-9b4c-37ce45d171fc/part.1: OK
./minio-data/music-assets/11111111-1111-1111-1111-111111111111/audio/fb/fb9cd9d68e60bd37ebffb96efa051d151230a8fe257061b5f2f47f22af3e5447.wav/44be7aa3-215d-4c8b-ad54-c6fad51f9312/part.1: OK
./minio-data/music-assets/11111111-1111-1111-1111-111111111111/audio/fb/fb9cd9d68e60bd37ebffb96efa051d151230a8fe257061b5f2f47f22af3e5447.wav/4f8c2107-d051-4a83-800a-906718577b13/part.1: OK
./minio-data/music-assets/11111111-1111-1111-1111-111111111111/audio/fb/fb9cd9d68e60bd37ebffb96efa051d151230a8fe257061b5f2f47f22af3e5447.wav/4fc8b0a4-4ce7-4eb8-9c5e-df7aacf5efb3/part.1: OK
./minio-data/music-assets/11111111-1111-1111-1111-111111111111/audio/fb/fb9cd9d68e60bd37ebffb96efa051d151230a8fe257061b5f2f47f22af3e5447.wav/519cf44e-abfe-474c-81f0-2603043f1e9a/part.1: OK
./minio-data/music-assets/11111111-1111-1111-1111-111111111111/audio/fb/fb9cd9d68e60bd37ebffb96efa051d151230a8fe257061b5f2f47f22af3e5447.wav/585c406c-f1d1-4f0a-b406-fc314994d1a1/part.1: OK
./minio-data/music-assets/11111111-1111-1111-1111-111111111111/audio/fb/fb9cd9d68e60bd37ebffb96efa051d151230a8fe257061b5f2f47f22af3e5447.wav/99c126fe-7f9b-4afd-9517-8aef71152934/part.1: OK
./minio-data/music-assets/11111111-1111-1111-1111-111111111111/audio/fb/fb9cd9d68e60bd37ebffb96efa051d151230a8fe257061b5f2f47f22af3e5447.wav/a631acad-1c41-4df0-82c3-95f7b3791bdc/part.1: OK
./minio-data/music-assets/11111111-1111-1111-1111-111111111111/audio/fb/fb9cd9d68e60bd37ebffb96efa051d151230a8fe257061b5f2f47f22af3e5447.wav/b5954215-0173-4dd5-96b8-62c49cc5c2c2/part.1: OK
./minio-data/music-assets/11111111-1111-1111-1111-111111111111/audio/fb/fb9cd9d68e60bd37ebffb96efa051d151230a8fe257061b5f2f47f22af3e5447.wav/ba8e6f5d-c441-4a42-a83d-bf496ef8babd/part.1: OK
./minio-data/music-assets/11111111-1111-1111-1111-111111111111/audio/fb/fb9cd9d68e60bd37ebffb96efa051d151230a8fe257061b5f2f47f22af3e5447.wav/bb6dbbe2-3409-4232-babc-f3b428c25a0f/part.1: OK
./minio-data/music-assets/11111111-1111-1111-1111-111111111111/audio/fb/fb9cd9d68e60bd37ebffb96efa051d151230a8fe257061b5f2f47f22af3e5447.wav/c3271a39-1e0f-4e18-a4b8-814538679e76/part.1: OK
./minio-data/music-assets/11111111-1111-1111-1111-111111111111/audio/fb/fb9cd9d68e60bd37ebffb96efa051d151230a8fe257061b5f2f47f22af3e5447.wav/cc78aaba-f7c8-43a5-a2e4-68ce0052aab2/part.1: OK
./minio-data/music-assets/11111111-1111-1111-1111-111111111111/audio/fb/fb9cd9d68e60bd37ebffb96efa051d151230a8fe257061b5f2f47f22af3e5447.wav/d922b33a-dd68-41bd-9845-08e92eb310e6/part.1: OK
./minio-data/music-assets/11111111-1111-1111-1111-111111111111/audio/fb/fb9cd9d68e60bd37ebffb96efa051d151230a8fe257061b5f2f47f22af3e5447.wav/dfb54b95-1327-412e-85c7-78b99dd80058/part.1: OK
./minio-data/music-assets/11111111-1111-1111-1111-111111111111/audio/fb/fb9cd9d68e60bd37ebffb96efa051d151230a8fe257061b5f2f47f22af3e5447.wav/ee1dd358-1bc5-4660-8d85-017d03b440c8/part.1: OK
./minio-data/music-assets/11111111-1111-1111-1111-111111111111/audio/fb/fb9cd9d68e60bd37ebffb96efa051d151230a8fe257061b5f2f47f22af3e5447.wav/ee7294f5-ab1e-40df-9f81-0b35014bf840/part.1: OK
./minio-data/music-assets/11111111-1111-1111-1111-111111111111/audio/fb/fb9cd9d68e60bd37ebffb96efa051d151230a8fe257061b5f2f47f22af3e5447.wav/ef69653f-fafa-4113-8b6e-633c5a728b43/part.1: OK
./minio-data/music-assets/11111111-1111-1111-1111-111111111111/audio/fb/fb9cd9d68e60bd37ebffb96efa051d151230a8fe257061b5f2f47f22af3e5447.wav/f3188c6f-8130-4044-bf9d-77898e33d634/part.1: OK
./minio-data/music-assets/11111111-1111-1111-1111-111111111111/audio/fb/fb9cd9d68e60bd37ebffb96efa051d151230a8fe257061b5f2f47f22af3e5447.wav/xl.meta: OK
./postgres.dump: OK
Backup verification passed
Stopping application writers
 Container ai-music-platform-v13-minio-1 Running 
 Container ai-music-platform-v13-postgres-1 Running 
Restoring PostgreSQL
Restoring local MinIO data
 Container ai-music-platform-v13-minio-1 Stopping 
 Container ai-music-platform-v13-minio-1 Stopped 
 ai-music-platform-v13-minio-1 Copying backups/acceptance/minio-data/. to ai-music-platform-v13-minio-1:/data
 ai-music-platform-v13-minio-1 Copied backups/acceptance/minio-data/. to ai-music-platform-v13-minio-1:/data
 Container ai-music-platform-v13-minio-1 Starting 
 Container ai-music-platform-v13-minio-1 Started 
Starting platform
 Container ai-music-platform-v13-payment-emulator-1 Running 
 Container ai-music-platform-v13-minio-1 Running 
 Container ai-music-platform-v13-provider-emulator-1 Running 
 Container ai-music-platform-v13-redis-1 Running 
 Container ai-music-platform-v13-postgres-1 Running 
 Container ai-music-platform-v13-gateway-1 Running 
 Container ai-music-platform-v13-postgres-1 Waiting 
 Container ai-music-platform-v13-postgres-1 Healthy 
 Container ai-music-platform-v13-migrate-1 Starting 
 Container ai-music-platform-v13-migrate-1 Started 
 Container ai-music-platform-v13-minio-1 Waiting 
 Container ai-music-platform-v13-redis-1 Waiting 
 Container ai-music-platform-v13-minio-1 Waiting 
 Container ai-music-platform-v13-provider-emulator-1 Waiting 
 Container ai-music-platform-v13-provider-emulator-1 Waiting 
 Container ai-music-platform-v13-migrate-1 Waiting 
 Container ai-music-platform-v13-payment-emulator-1 Waiting 
 Container ai-music-platform-v13-migrate-1 Waiting 
 Container ai-music-platform-v13-redis-1 Waiting 
 Container ai-music-platform-v13-migrate-1 Exited 
 Container ai-music-platform-v13-redis-1 Healthy 
 Container ai-music-platform-v13-provider-emulator-1 Healthy 
 Container ai-music-platform-v13-provider-emulator-1 Healthy 
 Container ai-music-platform-v13-migrate-1 Exited 
 Container ai-music-platform-v13-redis-1 Healthy 
 Container ai-music-platform-v13-payment-emulator-1 Healthy 
 Container ai-music-platform-v13-minio-1 Healthy 
 Container ai-music-platform-v13-minio-1 Healthy 
 Container ai-music-platform-v13-api-1 Starting 
 Container ai-music-platform-v13-worker-1 Starting 
 Container ai-music-platform-v13-api-1 Started 
 Container ai-music-platform-v13-worker-1 Started 
 Container ai-music-platform-v13-worker-1 Waiting 
 Container ai-music-platform-v13-api-1 Waiting 
 Container ai-music-platform-v13-api-1 Waiting 
 Container ai-music-platform-v13-api-1 Waiting 
 Container ai-music-platform-v13-worker-1 Healthy 
 Container ai-music-platform-v13-api-1 Healthy 
 Container ai-music-platform-v13-admin-1 Starting 
 Container ai-music-platform-v13-api-1 Healthy 
 Container ai-music-platform-v13-web-1 Starting 
 Container ai-music-platform-v13-api-1 Healthy 
 Container ai-music-platform-v13-prometheus-1 Starting 
 Container ai-music-platform-v13-prometheus-1 Started 
 Container ai-music-platform-v13-web-1 Started 
 Container ai-music-platform-v13-admin-1 Started 
 Container ai-music-platform-v13-api-1 Waiting 
 Container ai-music-platform-v13-web-1 Waiting 
 Container ai-music-platform-v13-admin-1 Waiting 
 Container ai-music-platform-v13-api-1 Healthy 
 Container ai-music-platform-v13-admin-1 Healthy 
 Container ai-music-platform-v13-web-1 Healthy 
Restore complete. Run: docker compose --profile test run --rm acceptance
经由网关（127.0.0.1:18080）的 /health 是 200（等了 0 秒）：恢复重建的容器地址没有把网关留在旧地址上

STEP 8 RESULT: PASS

================================================================================
STEP 9: restore-fidelity-compare
TIMESTAMP: 2026-09-28T11:21:03Z
================================================================================

---- restore-fidelity-compare 输出（完整日志：release-evidence/acceptance-20260928T111210Z/step-9-restore-fidelity-compare.log） ----
restore fidelity passed: 2 workspaces, 2 assets byte-identical, ledgers unchanged

STEP 9 RESULT: PASS

================================================================================
STEP 10: acceptance-rerun
TIMESTAMP: 2026-09-28T11:21:03Z
================================================================================

---- acceptance-rerun 输出（完整日志：release-evidence/acceptance-20260928T111210Z/step-10-acceptance-rerun.log） ----
 Container ai-music-platform-v13-provider-emulator-1 Running 
 Container ai-music-platform-v13-admin-1 Running 
 Container ai-music-platform-v13-worker-1 Running 
 Container ai-music-platform-v13-redis-1 Running 
 Container ai-music-platform-v13-payment-emulator-1 Running 
 Container ai-music-platform-v13-web-1 Running 
 Container ai-music-platform-v13-api-1 Running 
 Container ai-music-platform-v13-postgres-1 Running 
 Container ai-music-platform-v13-minio-1 Running 
 Container ai-music-platform-v13-postgres-1 Waiting 
 Container ai-music-platform-v13-postgres-1 Healthy 
 Container ai-music-platform-v13-migrate-1 Starting 
 Container ai-music-platform-v13-migrate-1 Started 
 Container ai-music-platform-v13-redis-1 Waiting 
 Container ai-music-platform-v13-minio-1 Waiting 
 Container ai-music-platform-v13-provider-emulator-1 Waiting 
 Container ai-music-platform-v13-provider-emulator-1 Waiting 
 Container ai-music-platform-v13-migrate-1 Waiting 
 Container ai-music-platform-v13-redis-1 Waiting 
 Container ai-music-platform-v13-minio-1 Waiting 
 Container ai-music-platform-v13-payment-emulator-1 Waiting 
 Container ai-music-platform-v13-migrate-1 Waiting 
 Container ai-music-platform-v13-migrate-1 Exited 
 Container ai-music-platform-v13-redis-1 Healthy 
 Container ai-music-platform-v13-migrate-1 Exited 
 Container ai-music-platform-v13-provider-emulator-1 Healthy 
 Container ai-music-platform-v13-minio-1 Healthy 
 Container ai-music-platform-v13-redis-1 Healthy 
 Container ai-music-platform-v13-payment-emulator-1 Healthy 
 Container ai-music-platform-v13-provider-emulator-1 Healthy 
 Container ai-music-platform-v13-minio-1 Healthy 
 Container ai-music-platform-v13-api-1 Waiting 
 Container ai-music-platform-v13-api-1 Waiting 
 Container ai-music-platform-v13-api-1 Healthy 
 Container ai-music-platform-v13-api-1 Healthy 
 Container ai-music-platform-v13-web-1 Waiting 
 Container ai-music-platform-v13-admin-1 Waiting 
 Container ai-music-platform-v13-api-1 Waiting 
 Container ai-music-platform-v13-worker-1 Waiting 
 Container ai-music-platform-v13-api-1 Healthy 
 Container ai-music-platform-v13-worker-1 Healthy 
 Container ai-music-platform-v13-web-1 Healthy 
 Container ai-music-platform-v13-admin-1 Healthy 
 Container ai-music-platform-v13-acceptance-run-5f47b1de7297 Creating 
 Container ai-music-platform-v13-acceptance-run-5f47b1de7297 Created 
...........
11 passed in 22.94s

STEP 10 RESULT: PASS

================================================================================
STEP 11: erasure-drill
TIMESTAMP: 2026-09-28T11:21:29Z
================================================================================

---- erasure-drill 输出（完整日志：release-evidence/acceptance-20260928T111210Z/step-11-erasure-drill.log） ----
  OK   fixture lands in the tenant it was added to
  OK   fixture can create a project
  OK   fixture can record a product event
  OK   export answers 200
  OK   export names the requesting account
  OK   export carries the marker project
  OK   export is limited to the caller's own workspaces
  OK   export lists the caller's sessions
  OK   export lists the caller's stored preferences
  OK   export lists the caller's product events
  OK   export coverage covers every user key the schema has
  OK   every store the export claims exists in the schema
  OK   a probe can arm a second factor through the real endpoints
  OK   and arming does not lock out the session that proved the code
  OK   every column users has is exported, or declared excluded with a reason
  OK   and an exclusion is only creditable if it says why
  OK   and an exclusion names a column that actually exists, or it excuses nothing
  OK   the nullable census is non-empty, or the erasure guard below would be blind
  OK   every nullable users column has a type the drill can seed, or it cannot be judged
  OK   the probe holds a value in every nullable users column before erasure
  OK   erasure is refused while the password has not been re-presented
  OK   the refusal names the credential it is asking for
  OK   and the challenge left the account intact
  OK   an armed account is also refused until the second factor comes with it
  OK   a wrong password is refused as a failure rather than as a challenge
  OK   which also left the account intact
  OK   three refusals are on the record against the account itself
  OK   erasure refuses a confirmation that is not the account email
  OK   the refused attempt changed nothing
  OK   erasure succeeds with the matching confirmation
  OK   erasure revoked the live session
  OK   erasure removed the membership
  OK   erasure removed the stored preferences
  OK   the erased account's token no longer reads anything
  OK   the erased account cannot sign in again
  OK   identity columns are anonymised
  OK   erasure clears every nullable users column but the declared retention list
  OK   the eraser says it destroyed an armed second factor
  OK   and the classifier does report a nullable column the eraser left behind
  OK   and it separates a retained column from an inherited one
  OK   memberships are gone from the database
  OK   preferences are gone from the database
  OK   the session is revoked without its immutable expiry moving
  OK   provenance rows survive under the pseudonymous actor id
  OK   the erasure itself is auditable
  OK   re-running erasure is a no-op
  OK   the surviving provenance is append-only, not merely unreferenced
  OK   erasing the only owner of a workspace is refused
  OK   the guard left that account untouched
  OK   the guard revoked nothing
  OK   a platform administrator cannot self-erase
  OK   the demo owner still works after those refusals
  OK   the demo owner kept its membership
  teardown: sole-owner probe deleted; erased probe kept as designed residue (accounts still present: 1, provenance projects still present: 1)

erasure drill: 53/53 checks passed

STEP 11 RESULT: PASS

================================================================================
STEP 12: mfa-drill
TIMESTAMP: 2026-09-28T11:22:32Z
================================================================================

---- mfa-drill 输出（完整日志：release-evidence/acceptance-20260928T111210Z/step-12-mfa-drill.log） ----
  OK   an unarmed account still logs in with a password alone
  OK   a second session can be open at the same time
  OK   that second session works before arming
  OK   and each login minted its own session row
  OK   enrolment returns a seed and an otpauth URI
  OK   the URI states the period and digits the server will verify with
  OK   the enrolment QR decodes to exactly the provisioning URI
  OK   and the symbol carries this account's own seed and address
  OK   the seed is pending rather than armed
  OK   a wrong code does not arm the factor
  OK   and the account is still unarmed after it
  OK   a well-formed code for some other seed is refused too
  OK   re-enrolment while pending is allowed and hands out a different seed
  OK   and the abandoned seed stops being able to confirm
  OK   proof of knowledge arms it, and the recovery codes are shown once
  OK   the database kept one hash per code and no plaintext
  OK   the session that proved the code keeps working and records the factor
  OK   a session opened before arming is refused until it presents the factor
  OK   login now stops at a second factor
  OK   its body is nothing but the challenge
  OK   no cookie is set for an unproven login
  OK   a pending token is refused where an access token is expected
  OK   a wrong code at the challenge is refused
  OK   and mints no session
  OK   the right code opens a session
  OK   the challenge body has the same shape as a password-only login
  OK   the new session records both factors
  OK   the same code cannot be spent twice on the same pending token
  OK   and not on a different pending token either, because the guard is per account
  OK   the replay guard is a stored step rather than process memory
  OK   a recovery code opens a session when the phone does not
  OK   using one burns exactly one
  OK   the recovery path is recorded as a distinct method
  OK   and the spent code no longer opens anything
  OK   a second probe can start its own enrolment
  OK   an enrolment left pending past the window cannot be confirmed
  OK   and that probe is still unarmed, so an abandoned enrolment locks nobody out
  OK   dropping the factor asks for the password before anything else
  OK   and the account stays armed when it is refused
  OK   a wrong password refuses the drop even while the code is currently valid
  OK   the refusal left the second factor armed
  OK   an armed second factor cannot be replaced behind its own back
  OK   the very same code drops the factor once the password is right
  OK   seed, recovery set, armed marker and replay step are all gone
  OK   password-only login works again
  OK   the disarmed sessions are not retroactively refused
  OK   re-enrolment arms a fresh seed with a fresh recovery set
  OK   the previous recovery set stops working the moment it is replaced
  OK   and its hashes are gone from the stored set, not merely unused
  OK   repeated wrong codes are throttled
  OK   the throttle does not fire on the first attempt
  OK   and the window is monotone: nothing succeeds after it has filled
  OK   the counter is a bounded window in the shared store, not a permanent lock
  OK   while throttled, even a correct code is refused
  OK   when the window passes the account is usable again, not locked out
  OK   12 successful logins in a row cannot fill the window
  OK   and they leave the counter empty, because only a failed credential is counted
  OK   repeated wrong passwords are throttled
  OK   the window opens after exactly 10 failed credentials, not before
  OK   and it is monotone: nothing succeeds once it is full
  OK   while throttled, even the right password is refused
  OK   the counter is a bounded window in the shared store, not a permanent lock
  OK   the refusal says how long to wait, and says the window's own number
  OK   a refusal spends none of the window it reports
  OK   the window kept counting down through 49 refused requests in 2.0s instead of restarting
  OK   when the window passes the account signs in, so this is throttling and not a lockout
  OK   the api names exactly one peer whose forwarding it believes, and that peer is the gateway
  OK   all 2 directives that set the client chain write it rather than appending
  OK   the recorded address is a keyed digest, not a bare hash of an address
  OK   a login through the gateway records the address the gateway itself saw (172.28.95.7), not the forged header and not the proxy
  OK   the same forged header arriving on the published port is ignored too, because that peer is not on the list
  OK   and no stored row is the unsalted digest of any of those addresses
  OK   the two probe logins minted exactly two more sessions and nothing else
  OK   a source may get 20 different accounts wrong in a window, which is the point
  OK   one account past the 20 the window allows is refused from the same source, with the wait stated
  OK   a refusal adds nothing to the window it reports, and the window keeps running down
  OK   clearing the window is enough: nothing was written about the account itself
  OK   five mistypes by one account are one account: the source window does not notice them
  OK   no account left behind can be unlocked by a second factor
  teardown: probe accounts deleted (0 still present); accounts on this stack still holding second-factor material: 0; auth.mfa.* audit rows retained by design: 22

mfa drill: 79/79 checks passed

STEP 12 RESULT: PASS

================================================================================
STEP 13: member-drill
TIMESTAMP: 2026-09-28T11:26:48Z
================================================================================

---- member-drill 输出（完整日志：release-evidence/acceptance-20260928T111210Z/step-13-member-drill.log） ----
  OK   music_app cannot write workspace_members directly, which is why 017 is the carrier
  OK   and it cannot promote itself either
  OK   the application role cannot write an offer either, so an invitation cannot come from code
  OK   and it cannot delete one, so a settled offer cannot be made to have never existed
  OK   while reading that table is exactly the privilege it was given
  OK   an owner can offer an address a role, and the offer comes back as a claimable invitation
  OK   while it attaches nobody: the person it names has not agreed to anything yet
  OK   the membership appears when the addressed account spends the token it was given
  OK   and the spent offer leaves that account's own inbox with the membership
  OK   an address that is already a member is not offered a second time, and no token is handed out for an offer that was never written
  OK   re-inviting an address retires the earlier offer instead of stacking a second one
  OK   a role the CHECK constraint does not allow is refused
  OK   and the refused offer wrote neither a membership nor an invitation
  OK   ownership is not on offer, because an invitation that could write it would be a second door onto the one decision transfer exists to make
  OK   the membership view hands the panel a role vocabulary
  OK   the panel's list is the CHECK constraint's own array, in order
  OK   and 017's validator agrees with that constraint, name for name
  OK   the offer panel gets the same vocabulary with the owner seat taken out of it
  OK   every name in that vocabulary is a role the invitation path actually takes, and only ownership is withheld from it
  OK   the constraint reader is not blind to an array it has not seen
  OK   and the validator reader keeps names while dropping the prose
  OK   a creator cannot invite
  OK   the refusal left nothing behind
  OK   and the address-based write is out of the application role's reach, not just out of its routes
  OK   which is why no membership appeared
  OK   being the owner of one workspace buys nothing in another
  OK   a session that is not the address an offer names cannot spend the token in its hands
  OK   and the account it does name can spend that very same token
  OK   one offer, one membership: the second claim is refused and spent nothing
  OK   each account's inbox is the offers addressed to it, in the workspace it was offered
  OK   an owner can take an offer back before anybody accepts it
  OK   and the account it was written for cannot accept it afterwards
  OK   turning an offer down is bound to the same address as taking it up
  OK   the address an offer names can turn it down, and it stops being anyone's pending offer
  OK   an offer past its own deadline cannot be accepted, even by the account it was written for
  OK   and the expired offer is out of that address's inbox although the row is in the table
  OK   while the inviter's list says which of its rows that one is
  OK   a rename settles the offers still waiting on the address that moved
  OK   the export declares the invitation columns it reads
  OK   and the acceptee's own response carries the offer they spent
  OK   while the inviter's response carries the offers it wrote, accepted or not
  OK   a role change is refused until the password is re-presented
  OK   and by a password that does not match the account
  OK   the credential is spent before the workspace rules are consulted
  OK   an owner can change a role
  OK   the only owner cannot demote themselves
  OK   and that refusal changed nothing
  OK   the only owner cannot remove themselves either
  OK   the workspace still has exactly its one owner
  OK   transferring ownership asks for the password too
  OK   ownership moves to an existing member
  OK   and never for a moment was the workspace without one
  OK   the account that gave up ownership cannot take it back by itself
  OK   the new owner is still the new owner
  OK   ownership cannot move to someone who is not a member
  OK   an admin who is not an owner cannot remove the owner
  OK   the owner is still there
  OK   repeated wrong passwords are throttled
  OK   the throttle does not fire on the first attempt
  OK   while it is full even the right password is refused
  OK   and none of it wrote a role
  OK   erasure is refused while the account is the only owner of a workspace
  OK   the workspace that blocks an erasure can still gain a member, the only way left
  OK   the same account can move ownership of the workspace that blocks it
  OK   and the erasure the message promised now actually goes through
  OK   with the membership it no longer owns gone from its own record
  OK   and the other account really did become the owner
  OK   the member list is what the table says
  OK   each row carries a role and an identity
  OK   a non-member cannot read another workspace's roster
  OK   the seed account this section reads with is the platform's administrator
  OK   and it holds no membership in the tenant it is about to read
  OK   a platform admin gets the workspace directory
  OK   which includes workspaces it is not a member of
  OK   and says who owns each one and how large it is
  OK   the member count it prints is the table's own count
  OK   a platform admin reads another tenant's roster without joining it
  OK   the platform roster, the tenant's own list, and the table agree
  OK   the roster is the workspace named in the path, not the one carried in the header
  OK   and the roles match name for name, not just the crowd
  OK   each platform row carries the account state alongside the membership
  OK   a workspace owner who is not a platform admin gets neither view
  OK   the function refuses the same call when the endpoint is bypassed
  OK   music_app may execute it for a real admin, so the refusal above is the guard and not a missing GRANT
  OK   an unknown workspace id answers 404 rather than an empty roster
  OK   a malformed workspace id is the caller's problem to fix, not a 500
  OK   the directory read is recorded as an audit event
  OK   and so is which roster was read
  OK   row level security is on for part of the schema, so the next two readings mean something
  OK   and the three identity tables are not part of it
  OK   what keeps them apart is a privilege that was never granted
  OK   an invitation cannot be used to ask whether an address has an account on the platform
  OK   and the two answers differ only in what identifies the offer, not in what it means
  OK   while neither of them attached anybody
  OK   no invitation token this drill was handed appears anywhere in the audit trail
  OK   and the trail really did record every kind of invitation action this drill performed, so the silence above is evidence rather than an empty table
  OK   the inviter's list hands back no stored digest, so reading it spends nothing
  OK   and no plaintext token comes back out of the list the offer was created for
  teardown: probes and their offers deleted (accounts left: 0, workspaces left: 0, offers left: 0); the erased probe remains by design (status=erased)

member drill: 98/98 checks passed

STEP 13 RESULT: PASS

================================================================================
STEP 14: media-scan-drill
TIMESTAMP: 2026-09-28T11:27:03Z
================================================================================

---- media-scan-drill 输出（完整日志：release-evidence/acceptance-20260928T111210Z/step-14-media-scan-drill.log） ----
media scan drill: 14/14 checks passed

STEP 14 RESULT: PASS

================================================================================
STEP 15: report-drill
TIMESTAMP: 2026-09-28T11:27:04Z
================================================================================

---- report-drill 输出（完整日志：release-evidence/acceptance-20260928T111210Z/step-15-report-drill.log） ----
  OK   a non-owner role name is derived from the constraint, not hardcoded
  fixtures: workspace 631a3153 asset b950dcf6 outsider 19c81eab
  OK   filing against a real asset is accepted
  OK   filing against an unknown id is accepted too, not refused
  OK   and a malformed id is accepted as well (a notice is not validated against a catalogue)
  OK   all three responses carry exactly the same keys
  OK   and the same status word, so none of them answers 'does this exist'
  OK   the three bodies differ only in the fields that must be unique to a filing
  OK   the stored address is normalised, so a filing cannot be duplicated by capitalisation
  OK   the resolvable filing opened exactly one case
  OK   the unresolvable ones opened none
  OK   the case a tenant can list carries no reporter address
  OK   and the case does carry what the notice is about
  OK   a submission without both statements is refused
  OK   and it wrote nothing
  OK   an unknown subject type is refused with the allowed list
  OK   an unusable contact address is refused (a notice nobody can answer is not a notice)
  OK   a subject_id that is blank once trimmed is refused as a body problem, not a fault
  OK   and it wrote nothing
  OK   a work_identification that is blank once trimmed is refused as a body problem, not a fault
  OK   and it wrote nothing
  OK   a location that is blank once trimmed is refused as a body problem, not a fault
  OK   and it wrote nothing
  OK   a reporter_name that is blank once trimmed is refused as a body problem, not a fault
  OK   and it wrote nothing
  OK   the receipt returns the filing
  OK   while a case is merely open, the reporter is told 'received' and nothing more
  OK   a receipt that is not one gets 404, not a listing
  OK   staff can restrict the case the notice opened
  OK   the reporter is then told the outcome and the restrictions behind it
  OK   the platform queue lists every filing, including the ones that named nothing
  OK   and it is the queue that carries the address, with the case link beside it
  OK   a workspace administrator who is not a platform administrator sees nothing
  OK   a queued notice can be attached to a case by staff
  OK   and only once: a second link is refused with the database's own reason
  OK   a link with no case named is refused before anything is asked of the database
  OK   not even the owning superuser role can rewrite the contact
  OK   not even the owning superuser role can rewrite the claim
  OK   not even the owning superuser role can re-date the filing
  OK   not even the owning superuser role can delete it
  OK   the application role cannot read the table at all (only the functions, and they filter)
  OK   and cannot write it either
  OK   the deployed container states the intake window it will be judged against
  OK   the window is measured under the key the service itself names
  OK   repeated filings from one address are throttled
  OK   the window opens after no more than 6 accepted filings from one address
  OK   a refusal spends none of the window it reports
  OK   the refusal says how long, and the window is counting down rather than being re-armed
  teardown: 9 drill reports removed with the immutability trigger disarmed for that one connection (0 left); 7 cases this run opened removed (7 named); residue before: 9. Audit rows for these filings stay: audit_events is append-only by 001's trigger, which this drill does not outvote.
  OK   teardown left no fixture workspace behind
  OK   teardown left no report behind
  OK   teardown left no case opened by this run behind

report drill: 50/50 checks passed

STEP 15 RESULT: PASS

================================================================================
STEP 16: commercial-flow
TIMESTAMP: 2026-09-28T11:27:10Z
================================================================================

---- commercial-flow 输出（完整日志：release-evidence/acceptance-20260928T111210Z/step-16-commercial-flow.log） ----
time="2026-09-28T19:27:10+08:00" level=warning msg="Docker Compose requires buildx plugin to be installed"
 Image ai-music-platform-v13-acceptance Building 
 Image ai-music-platform-v13-acceptance Building 
Sending build context to Docker daemon  11.87kB
Step 1/7 : FROM python:3.12-slim
 ---> f77ac9e44ae9
Step 2/7 : WORKDIR /tests
 ---> Using cache
 ---> 155c824b6db4
Step 3/7 : COPY requirements.txt .
 ---> Using cache
 ---> e2aec4fdf0d7
Step 4/7 : RUN set -e; for attempt in 1 2 3 4 5; do       pip install --no-cache-dir --timeout 60 --retries 10 -r requirements.txt && exit 0;       echo "pip attempt $attempt failed, retrying"; sleep 15;     done; echo "pip install failed after 5 attempts"; exit 1
 ---> Using cache
 ---> 57597560f482
Step 5/7 : COPY test_acceptance.py test_commercial.py test_provider_contract.py test_payment_contract.py test_tenant_isolation.py ./
 ---> Using cache
 ---> f3e4a1e53177
Step 6/7 : CMD ["pytest","-q","-s","test_acceptance.py"]
 ---> Using cache
 ---> 2dc918c8b8af
Step 7/7 : LABEL com.docker.compose.image.builder=classic
 ---> Using cache
 ---> fce0644d4f0e
Successfully built fce0644d4f0e
Successfully tagged ai-music-platform-v13-acceptance:latest
 Image ai-music-platform-v13-acceptance Built 
 Image ai-music-platform-v13-acceptance Built 
time="2026-09-28T19:27:10+08:00" level=warning msg="Docker Compose requires buildx plugin to be installed"
 Image ai-music-platform-v13-acceptance-commercial Building 
 Image ai-music-platform-v13-acceptance-commercial Building 
Sending build context to Docker daemon  11.87kB
Step 1/7 : FROM python:3.12-slim
 ---> f77ac9e44ae9
Step 2/7 : WORKDIR /tests
 ---> Using cache
 ---> 155c824b6db4
Step 3/7 : COPY requirements.txt .
 ---> Using cache
 ---> e2aec4fdf0d7
Step 4/7 : RUN set -e; for attempt in 1 2 3 4 5; do       pip install --no-cache-dir --timeout 60 --retries 10 -r requirements.txt && exit 0;       echo "pip attempt $attempt failed, retrying"; sleep 15;     done; echo "pip install failed after 5 attempts"; exit 1
 ---> Using cache
 ---> 57597560f482
Step 5/7 : COPY test_acceptance.py test_commercial.py test_provider_contract.py test_payment_contract.py test_tenant_isolation.py ./
 ---> Using cache
 ---> f3e4a1e53177
Step 6/7 : CMD ["pytest","-q","-s","test_acceptance.py"]
 ---> Using cache
 ---> 2dc918c8b8af
Step 7/7 : LABEL com.docker.compose.image.builder=classic
 ---> Using cache
 ---> fce0644d4f0e
Successfully built fce0644d4f0e
Successfully tagged ai-music-platform-v13-acceptance-commercial:latest
 Image ai-music-platform-v13-acceptance-commercial Built 
 Image ai-music-platform-v13-acceptance-commercial Built 
time="2026-09-28T19:27:10+08:00" level=warning msg="Docker Compose requires buildx plugin to be installed"
 Image ai-music-platform-v13-admin Building 
 Image ai-music-platform-v13-admin Building 
Sending build context to Docker daemon  12.28kB
Step 1/4 : FROM nginx:1.27-alpine
 ---> 65645c7bb6a0
Step 2/4 : COPY nginx.conf /etc/nginx/conf.d/default.conf
 ---> Using cache
 ---> a51092a47db5
Step 3/4 : COPY index.html admin.js styles.css /usr/share/nginx/html/
 ---> Using cache
 ---> 321f35a7f279
Step 4/4 : LABEL com.docker.compose.image.builder=classic
 ---> Using cache
 ---> e4d3c5bdbe68
Successfully built e4d3c5bdbe68
Successfully tagged ai-music-platform-v13-admin:latest
 Image ai-music-platform-v13-admin Built 
 Image ai-music-platform-v13-admin Built 
time="2026-09-28T19:27:10+08:00" level=warning msg="Docker Compose requires buildx plugin to be installed"
 Image ai-music-platform-v13-api Building 
 Image ai-music-platform-v13-api Building 
Sending build context to Docker daemon  248.1kB
Step 1/10 : FROM python:3.12-slim
 ---> f77ac9e44ae9
Step 2/10 : WORKDIR /app
 ---> Using cache
 ---> eb2f9d419b1e
Step 3/10 : ENV PYTHONDONTWRITEBYTECODE=1 PYTHONUNBUFFERED=1     API_WORKERS=1 API_LIMIT_CONCURRENCY=512 API_KEEPALIVE_SECONDS=5
 ---> Using cache
 ---> decda01376a3
Step 4/10 : COPY requirements.txt .
 ---> Using cache
 ---> 8956a9ee5cca
Step 5/10 : RUN set -e; for attempt in 1 2 3 4 5; do       pip install --no-cache-dir --timeout 60 --retries 10 -r requirements.txt && exit 0;       echo "pip attempt $attempt failed, retrying"; sleep 15;     done; echo "pip install failed after 5 attempts"; exit 1
 ---> Using cache
 ---> cebf83ee268a
Step 6/10 : COPY app ./app
 ---> Using cache
 ---> f8c6cbefa23e
Step 7/10 : RUN mkdir -p /data/media
 ---> Using cache
 ---> 4525a2b976c3
Step 8/10 : EXPOSE 8000
 ---> Using cache
 ---> f2fe8ab87b98
Step 9/10 : CMD ["sh","-c","exec uvicorn app.main:app --host 0.0.0.0 --port 8000 --workers ${API_WORKERS} --limit-concurrency ${API_LIMIT_CONCURRENCY} --timeout-keep-alive ${API_KEEPALIVE_SECONDS} --forwarded-allow-ips \"${FORWARDED_ALLOW_IPS:?FORWARDED_ALLOW_IPS must name the proxy peer; see .env.example}\""]
 ---> Using cache
 ---> 7ec8c433a117
Step 10/10 : LABEL com.docker.compose.image.builder=classic
 ---> Using cache
 ---> 758b2d54e81d
Successfully built 758b2d54e81d
Successfully tagged ai-music-platform-v13-api:latest
 Image ai-music-platform-v13-api Built 
 Image ai-music-platform-v13-api Built 
time="2026-09-28T19:27:11+08:00" level=warning msg="Docker Compose requires buildx plugin to be installed"
 Image ai-music-platform-v13-gateway Building 
 Image ai-music-platform-v13-gateway Building 
Sending build context to Docker daemon  1.634kB
Step 1/3 : FROM nginx:1.27-alpine
 ---> 65645c7bb6a0
Step 2/3 : COPY nginx.conf /etc/nginx/conf.d/default.conf
 ---> Using cache
 ---> 24f0a22572f9
Step 3/3 : LABEL com.docker.compose.image.builder=classic
 ---> Using cache
 ---> b3cde5cded5c
Successfully built b3cde5cded5c
Successfully tagged ai-music-platform-v13-gateway:latest
 Image ai-music-platform-v13-gateway Built 
 Image ai-music-platform-v13-gateway Built 
time="2026-09-28T19:27:11+08:00" level=warning msg="Docker Compose requires buildx plugin to be installed"
 Image ai-music-platform-v13-migrate Building 
 Image ai-music-platform-v13-migrate Building 
Sending build context to Docker daemon  2.374kB
Step 1/7 : FROM python:3.12-slim
 ---> f77ac9e44ae9
Step 2/7 : WORKDIR /app
 ---> Using cache
 ---> eb2f9d419b1e
Step 3/7 : COPY requirements.txt .
 ---> Using cache
 ---> bea11ec82a02
Step 4/7 : RUN set -e; for attempt in 1 2 3 4 5; do       pip install --no-cache-dir --timeout 60 --retries 10 -r requirements.txt && exit 0;       echo "pip attempt $attempt failed, retrying"; sleep 15;     done; echo "pip install failed after 5 attempts"; exit 1
 ---> Using cache
 ---> 9680da491711
Step 5/7 : COPY migrate.py .
 ---> Using cache
 ---> b7079e31f251
Step 6/7 : CMD ["python","migrate.py"]
 ---> Using cache
 ---> e00c4dea3824
Step 7/7 : LABEL com.docker.compose.image.builder=classic
 ---> Using cache
 ---> ed7a487a3359
Successfully built ed7a487a3359
Successfully tagged ai-music-platform-v13-migrate:latest
 Image ai-music-platform-v13-migrate Built 
 Image ai-music-platform-v13-migrate Built 
time="2026-09-28T19:27:11+08:00" level=warning msg="Docker Compose requires buildx plugin to be installed"
 Image ai-music-platform-v13-payment-emulator Building 
 Image ai-music-platform-v13-payment-emulator Building 
Sending build context to Docker daemon   2.98kB
Step 1/7 : FROM python:3.13-slim
 ---> 8d9d0b8bcf65
Step 2/7 : WORKDIR /app
 ---> Using cache
 ---> b9670344b704
Step 3/7 : COPY requirements.txt .
 ---> Using cache
 ---> 2bb05343fa45
Step 4/7 : RUN set -e; for attempt in 1 2 3 4 5; do       pip install --no-cache-dir --timeout 60 --retries 10 -r requirements.txt && exit 0;       echo "pip attempt $attempt failed, retrying"; sleep 15;     done; echo "pip install failed after 5 attempts"; exit 1
 ---> Using cache
 ---> f81b46bef668
Step 5/7 : COPY main.py .
 ---> Using cache
 ---> 7406b67e79a7
Step 6/7 : CMD ["uvicorn","main:app","--host","0.0.0.0","--port","8020"]
 ---> Using cache
 ---> ddeb1a211ddb
Step 7/7 : LABEL com.docker.compose.image.builder=classic
 ---> Using cache
 ---> 544aa9acb011
Successfully built 544aa9acb011
Successfully tagged ai-music-platform-v13-payment-emulator:latest
 Image ai-music-platform-v13-payment-emulator Built 
 Image ai-music-platform-v13-payment-emulator Built 
time="2026-09-28T19:27:11+08:00" level=warning msg="Docker Compose requires buildx plugin to be installed"
 Image ai-music-platform-v13-provider-emulator Building 
 Image ai-music-platform-v13-provider-emulator Building 
Sending build context to Docker daemon  4.891kB
Step 1/10 : FROM python:3.12-slim
 ---> f77ac9e44ae9
Step 2/10 : WORKDIR /app
 ---> Using cache
 ---> eb2f9d419b1e
Step 3/10 : ENV PYTHONDONTWRITEBYTECODE=1 PYTHONUNBUFFERED=1
 ---> Using cache
 ---> bde17badb3d3
Step 4/10 : COPY requirements.txt .
 ---> Using cache
 ---> c8530034b372
Step 5/10 : RUN set -e; for attempt in 1 2 3 4 5; do       pip install --no-cache-dir --timeout 60 --retries 10 -r requirements.txt && exit 0;       echo "pip attempt $attempt failed, retrying"; sleep 15;     done; echo "pip install failed after 5 attempts"; exit 1
 ---> Using cache
 ---> 8aab07781b9f
Step 6/10 : COPY main.py .
 ---> Using cache
 ---> b06e29ca9bc2
Step 7/10 : RUN mkdir -p /data/provider-media
 ---> Using cache
 ---> ce7bfcc63e47
Step 8/10 : EXPOSE 8010
 ---> Using cache
 ---> 8e8c21c17c02
Step 9/10 : CMD ["uvicorn","main:app","--host","0.0.0.0","--port","8010"]
 ---> Using cache
 ---> 3b5ec78a96bd
Step 10/10 : LABEL com.docker.compose.image.builder=classic
 ---> Using cache
 ---> 32833ab96058
Successfully built 32833ab96058
Successfully tagged ai-music-platform-v13-provider-emulator:latest
 Image ai-music-platform-v13-provider-emulator Built 
 Image ai-music-platform-v13-provider-emulator Built 
time="2026-09-28T19:27:11+08:00" level=warning msg="Docker Compose requires buildx plugin to be installed"
 Image ai-music-platform-v13-web Building 
 Image ai-music-platform-v13-web Building 
Sending build context to Docker daemon  48.02kB
Step 1/4 : FROM nginx:1.27-alpine
 ---> 65645c7bb6a0
Step 2/4 : COPY nginx.conf /etc/nginx/conf.d/default.conf
 ---> Using cache
 ---> a51092a47db5
Step 3/4 : COPY index.html app.js styles.css /usr/share/nginx/html/
 ---> Using cache
 ---> 9bace16577d4
Step 4/4 : LABEL com.docker.compose.image.builder=classic
 ---> Using cache
 ---> e46d657e2d2f
Successfully built e46d657e2d2f
Successfully tagged ai-music-platform-v13-web:latest
 Image ai-music-platform-v13-web Built 
 Image ai-music-platform-v13-web Built 
time="2026-09-28T19:27:11+08:00" level=warning msg="Docker Compose requires buildx plugin to be installed"
 Image ai-music-platform-v13-worker Building 
 Image ai-music-platform-v13-worker Building 
Sending build context to Docker daemon  21.26kB
Step 1/9 : FROM python:3.12-slim
 ---> f77ac9e44ae9
Step 2/9 : WORKDIR /app
 ---> Using cache
 ---> eb2f9d419b1e
Step 3/9 : ENV PYTHONDONTWRITEBYTECODE=1 PYTHONUNBUFFERED=1
 ---> Using cache
 ---> bde17badb3d3
Step 4/9 : RUN sed -i 's|http://deb.debian.org|https://deb.debian.org|g' /etc/apt/sources.list /etc/apt/sources.list.d/* 2>/dev/null;     apt-get -o Acquire::Retries=8 -o Acquire::http::Timeout=180 -o Acquire::Languages=none update     && apt-get -o Acquire::Retries=8 -o Acquire::Languages=none install -y --no-install-recommends ffmpeg ca-certificates     && rm -rf /var/lib/apt/lists/*
 ---> Using cache
 ---> 6235e52fda13
Step 5/9 : COPY requirements.txt .
 ---> Using cache
 ---> ac044ac673ad
Step 6/9 : RUN set -e; for attempt in 1 2 3 4 5; do       pip install --no-cache-dir --timeout 60 --retries 10 -r requirements.txt && exit 0;       echo "pip attempt $attempt failed, retrying"; sleep 15;     done; echo "pip install failed after 5 attempts"; exit 1
 ---> Using cache
 ---> ebec691ebe39
Step 7/9 : COPY . .
 ---> Using cache
 ---> c866eb7ee681
Step 8/9 : CMD ["python","worker.py"]
 ---> Using cache
 ---> dd02b179640a
Step 9/9 : LABEL com.docker.compose.image.builder=classic
 ---> Using cache
 ---> 7d5d861ab127
Successfully built 7d5d861ab127
Successfully tagged ai-music-platform-v13-worker:latest
 Image ai-music-platform-v13-worker Built 
 Image ai-music-platform-v13-worker Built 
time="2026-09-28T19:27:11+08:00" level=warning msg="Docker Compose requires buildx plugin to be installed"
 Image ai-music-platform-v13-worker-b Building 
 Image ai-music-platform-v13-worker-b Building 
Sending build context to Docker daemon  21.26kB
Step 1/9 : FROM python:3.12-slim
 ---> f77ac9e44ae9
Step 2/9 : WORKDIR /app
 ---> Using cache
 ---> eb2f9d419b1e
Step 3/9 : ENV PYTHONDONTWRITEBYTECODE=1 PYTHONUNBUFFERED=1
 ---> Using cache
 ---> bde17badb3d3
Step 4/9 : RUN sed -i 's|http://deb.debian.org|https://deb.debian.org|g' /etc/apt/sources.list /etc/apt/sources.list.d/* 2>/dev/null;     apt-get -o Acquire::Retries=8 -o Acquire::http::Timeout=180 -o Acquire::Languages=none update     && apt-get -o Acquire::Retries=8 -o Acquire::Languages=none install -y --no-install-recommends ffmpeg ca-certificates     && rm -rf /var/lib/apt/lists/*
 ---> Using cache
 ---> 6235e52fda13
Step 5/9 : COPY requirements.txt .
 ---> Using cache
 ---> ac044ac673ad
Step 6/9 : RUN set -e; for attempt in 1 2 3 4 5; do       pip install --no-cache-dir --timeout 60 --retries 10 -r requirements.txt && exit 0;       echo "pip attempt $attempt failed, retrying"; sleep 15;     done; echo "pip install failed after 5 attempts"; exit 1
 ---> Using cache
 ---> ebec691ebe39
Step 7/9 : COPY . .
 ---> Using cache
 ---> c866eb7ee681
Step 8/9 : CMD ["python","worker.py"]
 ---> Using cache
 ---> dd02b179640a
Step 9/9 : LABEL com.docker.compose.image.builder=classic
 ---> Using cache
 ---> 7d5d861ab127
Successfully built 7d5d861ab127
Successfully tagged ai-music-platform-v13-worker-b:latest
 Image ai-music-platform-v13-worker-b Built 
 Image ai-music-platform-v13-worker-b Built 
 Container ai-music-platform-v13-prometheus-1 Running 
 Container ai-music-platform-v13-postgres-1 Running 
 Container ai-music-platform-v13-admin-1 Running 
 Container ai-music-platform-v13-payment-emulator-1 Running 
 Container ai-music-platform-v13-web-1 Running 
 Container ai-music-platform-v13-provider-emulator-1 Running 
 Container ai-music-platform-v13-redis-1 Running 
 Container ai-music-platform-v13-gateway-1 Running 
 Container ai-music-platform-v13-minio-1 Running 
 Container ai-music-platform-v13-api-1 Recreate 
 Container ai-music-platform-v13-worker-1 Recreate 
 Container ai-music-platform-v13-worker-1 Recreated 
 Container ai-music-platform-v13-api-1 Recreated 
 Container ai-music-platform-v13-postgres-1 Waiting 
 Container ai-music-platform-v13-postgres-1 Healthy 
 Container ai-music-platform-v13-migrate-1 Starting 
 Container ai-music-platform-v13-migrate-1 Started 
 Container ai-music-platform-v13-provider-emulator-1 Waiting 
 Container ai-music-platform-v13-payment-emulator-1 Waiting 
 Container ai-music-platform-v13-migrate-1 Waiting 
 Container ai-music-platform-v13-redis-1 Waiting 
 Container ai-music-platform-v13-minio-1 Waiting 
 Container ai-music-platform-v13-migrate-1 Waiting 
 Container ai-music-platform-v13-redis-1 Waiting 
 Container ai-music-platform-v13-minio-1 Waiting 
 Container ai-music-platform-v13-provider-emulator-1 Waiting 
 Container ai-music-platform-v13-minio-1 Healthy 
 Container ai-music-platform-v13-minio-1 Healthy 
 Container ai-music-platform-v13-migrate-1 Exited 
 Container ai-music-platform-v13-provider-emulator-1 Healthy 
 Container ai-music-platform-v13-provider-emulator-1 Healthy 
 Container ai-music-platform-v13-redis-1 Healthy 
 Container ai-music-platform-v13-redis-1 Healthy 
 Container ai-music-platform-v13-worker-1 Starting 
 Container ai-music-platform-v13-migrate-1 Exited 
 Container ai-music-platform-v13-payment-emulator-1 Healthy 
 Container ai-music-platform-v13-api-1 Starting 
 Container ai-music-platform-v13-worker-1 Started 
 Container ai-music-platform-v13-api-1 Started 
 Container ai-music-platform-v13-worker-1 Waiting 
 Container ai-music-platform-v13-api-1 Waiting 
 Container ai-music-platform-v13-api-1 Waiting 
 Container ai-music-platform-v13-api-1 Waiting 
 Container ai-music-platform-v13-api-1 Healthy 
 Container ai-music-platform-v13-worker-1 Healthy 
 Container ai-music-platform-v13-api-1 Healthy 
 Container ai-music-platform-v13-api-1 Healthy 
 Container ai-music-platform-v13-web-1 Waiting 
 Container ai-music-platform-v13-admin-1 Waiting 
 Container ai-music-platform-v13-api-1 Waiting 
 Container ai-music-platform-v13-api-1 Healthy 
 Container ai-music-platform-v13-web-1 Healthy 
 Container ai-music-platform-v13-admin-1 Healthy 
 Container ai-music-platform-v13-postgres-1 Running 
 Container ai-music-platform-v13-api-1 Running 
 Container ai-music-platform-v13-minio-1 Running 
 Container ai-music-platform-v13-payment-emulator-1 Running 
 Container ai-music-platform-v13-worker-1 Running 
 Container ai-music-platform-v13-provider-emulator-1 Running 
 Container ai-music-platform-v13-redis-1 Running 
 Container ai-music-platform-v13-postgres-1 Waiting 
 Container ai-music-platform-v13-postgres-1 Healthy 
 Container ai-music-platform-v13-migrate-1 Starting 
 Container ai-music-platform-v13-migrate-1 Started 
 Container ai-music-platform-v13-provider-emulator-1 Waiting 
 Container ai-music-platform-v13-migrate-1 Waiting 
 Container ai-music-platform-v13-redis-1 Waiting 
 Container ai-music-platform-v13-minio-1 Waiting 
 Container ai-music-platform-v13-payment-emulator-1 Waiting 
 Container ai-music-platform-v13-migrate-1 Waiting 
 Container ai-music-platform-v13-redis-1 Waiting 
 Container ai-music-platform-v13-minio-1 Waiting 
 Container ai-music-platform-v13-provider-emulator-1 Waiting 
 Container ai-music-platform-v13-migrate-1 Exited 
 Container ai-music-platform-v13-payment-emulator-1 Healthy 
 Container ai-music-platform-v13-minio-1 Healthy 
 Container ai-music-platform-v13-migrate-1 Exited 
 Container ai-music-platform-v13-minio-1 Healthy 
 Container ai-music-platform-v13-redis-1 Healthy 
 Container ai-music-platform-v13-provider-emulator-1 Healthy 
 Container ai-music-platform-v13-provider-emulator-1 Healthy 
 Container ai-music-platform-v13-redis-1 Healthy 
 Container ai-music-platform-v13-api-1 Waiting 
 Container ai-music-platform-v13-worker-1 Waiting 
 Container ai-music-platform-v13-worker-1 Healthy 
 Container ai-music-platform-v13-api-1 Healthy 
 Container ai-music-platform-v13-acceptance-commercial-run-13d7a6f18f9c Creating 
 Container ai-music-platform-v13-acceptance-commercial-run-13d7a6f18f9c Created 
...........
=============================== warnings summary ===============================
../usr/local/lib/python3.12/site-packages/_pytest/cacheprovider.py:475
  /usr/local/lib/python3.12/site-packages/_pytest/cacheprovider.py:475: PytestCacheWarning: could not create cache path /tests/.pytest_cache/v/cache/nodeids: [Errno 30] Read-only file system: '/tests/pytest-cache-files-mthypzxh'
    config.cache.set("cache/nodeids", sorted(self.cached_nodeids))

-- Docs: https://docs.pytest.org/en/stable/how-to/capture-warnings.html
11 passed, 1 warning in 15.22s

STEP 16 RESULT: PASS

================================================================================
STEP 17: reservation-race
TIMESTAMP: 2026-09-28T11:27:36Z
================================================================================

---- reservation-race 输出（完整日志：release-evidence/acceptance-20260928T111210Z/step-17-reservation-race.log） ----
reservation race passed: 39dc025e-4ea9-40cb-9995-7eca77e7c4c0 has exactly one active licence ({'id': '00bf7973-9f23-47b9-8457-58c9b1758664', 'workspace_id': 'cccccccc-cccc-cccc-cccc-cccccccccccc', 'order_number': 'RZN-20260928-00BF79739F', 'order_type': 'license', 'status': 'fulfilled', 'currency': 'USD', 'subtotal': 3000, 'tax': 0, 'total': 3000, 'customer_user_id': 'dddddddd-dddd-dddd-dddd-dddddddddddd', 'subject_type': 'asset_offer', 'subject_id': '5d8767c6-9eb4-404a-8249-cbada2f44291', 'metadata': {'offer_id': '5d8767c6-9eb4-404a-8249-cbada2f44291', 'exclusive': True, 'territory': 'worldwide', 'duration_days': 90, 'licensee_name': 'Buyer Two', 'rights_version': 2, 'terms_snapshot': {'exclusive': False, 'content_id': 'blocked', 'disclaimer': 'Rights are limited by the bound Rights Manifest.', 'sublicense': 'blocked', 'attribution': 'optional', 'capabilities': ['commercial_use', 'download'], 'modification': 'allowed'}, 'asset_snapshot_id': '39dc025e-4ea9-40cb-9995-7eca77e7c4c0', 'rights_manifest_id': 'c809716d-1112-47b4-9c5c-9244d9291912', 'license_template_id': '12121212-1212-1212-1212-121212121212', 'seller_workspace_id': '11111111-1111-1111-1111-111111111111'}, 'created_at': '2026-09-28 11:27:41.750645+00:00', 'updated_at': '2026-09-28 11:27:42.596655+00:00', 'items': [{'id': '70e715d8-1e92-4475-99c4-225bd3f3bada', 'workspace_id': 'cccccccc-cccc-cccc-cccc-cccccccccccc', 'order_id': '00bf7973-9f23-47b9-8457-58c9b1758664', 'catalog_id': None, 'description': 'License: Exclusive race offer', 'quantity': 1, 'unit_amount': 3000, 'total': 3000, 'metadata': {'asset_snapshot_id': '39dc025e-4ea9-40cb-9995-7eca77e7c4c0'}}]}); the stale payment 202 left order 673cbedb-19f0-4e37-bd1f-9f2960bd2769 at 'payment_pending' with no licence

STEP 17 RESULT: PASS

================================================================================
STEP 18: market-reconciliation
TIMESTAMP: 2026-09-28T11:27:48Z
================================================================================

---- market-reconciliation 输出（完整日志：release-evidence/acceptance-20260928T111210Z/step-18-market-reconciliation.log） ----
market reconciliation: 15/15 checks passed

STEP 18 RESULT: PASS

================================================================================
STEP 19: hold-drill
TIMESTAMP: 2026-09-28T11:28:05Z
================================================================================

---- hold-drill 输出（完整日志：release-evidence/acceptance-20260928T111210Z/step-19-hold-drill.log） ----
legal hold drill 0928T112805Z against http://127.0.0.1:8000/api
  OK   the seller can pay for the three generations this drill needs (10/job)
  OK   a reviewed, unheld asset can be listed (the arm that must NOT fire)
  OK   and it appears in the public discovery view before anything is held
  OK   the hold is on the stored row, not only in the response
  OK   a held case removes the offer from the public view
  OK   the reservation function refuses with the case clause's own words
  OK   clearing the flag alone does not restore the listing -- the predicate is flag OR status
  OK   dismissed and unheld, the offer is visible again (must NOT fire)
  OK   and the same purchase route now gets past the hold predicate
  OK   the review door writes legal_hold into a NEW manifest version
  OK   the same door blocks commercial_use in the same statement, so the flag never travels alone
  OK   an offer cannot be created against a held manifest, and the door answers 409 with the capability clause's words
  OK   because the review door cannot leave a capability allowed while it sets the flag -- so assert_offer_rights's own legal_hold disjunct has no producer either (commerce.py:48)
  OK   commerce.py:48 is not dead code -- with capabilities left allowed and the status restricted, that line is the one that answers
  OK   unheld again, the same door lists it (must NOT fire)
  OK   a hold arriving AFTER the offer is answered as staleness, not as the hold clause -- ordering
  OK   the pinned manifest cannot be rewritten in place to reach that clause (trigger refuses UPDATE)
  OK   so no offer in the database is pinned to a held manifest: the flag clause has no producer
  OK   ...which makes 002's manifest-hold line defence in depth rather than a live path (recorded)
  OK   the order fulfils, so there is a real licence and delivery to test against
  OK   an active licence exists before the hold lands (the premise for the next four checks)
  OK   DOWNLOAD/EXPORT IS NOT BLOCKED: the delivered package still comes out after the hold
  OK   AN ISSUED LICENCE IS NOT REVOKED by a later hold
  OK   THE SELLER'S OWN EXPORT IS NOT BLOCKED either (rights.py reads capability status only)
  OK   and the hold does not reach the money: the settlement rows are the same count, and not zero
  OK   a submission is accepted against a held asset -- the refusal belongs to the award, not here
  OK   the award refuses the held asset with the case wording
  OK   released, the very same call returns the award row (must NOT fire)
  OK   the catalog's whole list of readers is exactly the three market objects
  OK   the live award body is 009's qualified rewrite, which a file-only reader would miss
  OK   no erasure path consults the flag
  OK   rights evidence refuses DELETE even to a superuser role (the guard that works)
  OK   an issued licence refuses DELETE as well
  OK   evidence content refuses UPDATE and names the column that moved
  OK   the reviewer's own write still lands (the shape services/api/app/routers/assets.py:217 sends)
  OK   a licence's territory refuses UPDATE
  OK   the hash that identifies the grant refuses UPDATE too
  OK   the refund/suspension write the platform performs still lands (market.py:372's shape)
  OK   both freeze triggers carry the column list this file reads
  OK   MEDIA ASSETS HAS NO DELETE TRIGGER AT ALL, so a held asset's bytes are deletable
  OK   the probe row is in media_assets before anything is attempted
  OK   this session's triggers ARE armed -- the same table refuses an unsupported scan_status write, so a delete that lands below is a missing guard rather than a disabled one
  OK   ...measured, not inferred: a DELETE of a media asset lands with those triggers armed
  OK   teardown removed every cases row this run made
  OK   teardown removed every offers row this run made
  OK   teardown removed every briefs row this run made
  OK   teardown removed every submissions row this run made
  OK   the financial trail is left in place on purpose and is still whole (see teardown docstring)

legal hold drill: 48/48 checks passed

STEP 19 RESULT: PASS

================================================================================
STEP 20: provider-regression-100
TIMESTAMP: 2026-09-28T11:28:29Z
================================================================================

---- provider-regression-100 输出（完整日志：release-evidence/acceptance-20260928T111210Z/step-20-provider-regression-100.log） ----
provider regression: 100/100 completed, error rate 0.0%, p50 4.095s, p95 6.43s, settled 1000 credits across 100 finished jobs
  provider: synthetic_licensed (approval approved_commercial)  -- this batch measures the adapter in front of whatever endpoint the stack points at; a non-emulator name here is still not a signed provider contract

STEP 20 RESULT: PASS

================================================================================
STEP 21: generic-rest-roundtrip
TIMESTAMP: 2026-09-28T11:29:28Z
================================================================================

---- generic-rest-roundtrip 输出（完整日志：release-evidence/acceptance-20260928T111210Z/step-21-generic-rest-roundtrip.log） ----
time="2026-09-28T19:29:28+08:00" level=warning msg="Docker Compose requires buildx plugin to be installed"
 Image ai-music-platform-v13-acceptance Building 
 Image ai-music-platform-v13-acceptance Building 
Sending build context to Docker daemon  11.87kB
Step 1/7 : FROM python:3.12-slim
 ---> f77ac9e44ae9
Step 2/7 : WORKDIR /tests
 ---> Using cache
 ---> 155c824b6db4
Step 3/7 : COPY requirements.txt .
 ---> Using cache
 ---> e2aec4fdf0d7
Step 4/7 : RUN set -e; for attempt in 1 2 3 4 5; do       pip install --no-cache-dir --timeout 60 --retries 10 -r requirements.txt && exit 0;       echo "pip attempt $attempt failed, retrying"; sleep 15;     done; echo "pip install failed after 5 attempts"; exit 1
 ---> Using cache
 ---> 57597560f482
Step 5/7 : COPY test_acceptance.py test_commercial.py test_provider_contract.py test_payment_contract.py test_tenant_isolation.py ./
 ---> Using cache
 ---> f3e4a1e53177
Step 6/7 : CMD ["pytest","-q","-s","test_acceptance.py"]
 ---> Using cache
 ---> 2dc918c8b8af
Step 7/7 : LABEL com.docker.compose.image.builder=classic
 ---> Using cache
 ---> fce0644d4f0e
Successfully built fce0644d4f0e
Successfully tagged ai-music-platform-v13-acceptance:latest
 Image ai-music-platform-v13-acceptance Built 
 Image ai-music-platform-v13-acceptance Built 
time="2026-09-28T19:29:28+08:00" level=warning msg="Docker Compose requires buildx plugin to be installed"
 Image ai-music-platform-v13-admin Building 
 Image ai-music-platform-v13-admin Building 
Sending build context to Docker daemon  12.28kB
Step 1/4 : FROM nginx:1.27-alpine
 ---> 65645c7bb6a0
Step 2/4 : COPY nginx.conf /etc/nginx/conf.d/default.conf
 ---> Using cache
 ---> a51092a47db5
Step 3/4 : COPY index.html admin.js styles.css /usr/share/nginx/html/
 ---> Using cache
 ---> 321f35a7f279
Step 4/4 : LABEL com.docker.compose.image.builder=classic
 ---> Using cache
 ---> e4d3c5bdbe68
Successfully built e4d3c5bdbe68
Successfully tagged ai-music-platform-v13-admin:latest
 Image ai-music-platform-v13-admin Built 
 Image ai-music-platform-v13-admin Built 
time="2026-09-28T19:29:28+08:00" level=warning msg="Docker Compose requires buildx plugin to be installed"
 Image ai-music-platform-v13-api Building 
 Image ai-music-platform-v13-api Building 
Sending build context to Docker daemon  248.1kB
Step 1/10 : FROM python:3.12-slim
 ---> f77ac9e44ae9
Step 2/10 : WORKDIR /app
 ---> Using cache
 ---> eb2f9d419b1e
Step 3/10 : ENV PYTHONDONTWRITEBYTECODE=1 PYTHONUNBUFFERED=1     API_WORKERS=1 API_LIMIT_CONCURRENCY=512 API_KEEPALIVE_SECONDS=5
 ---> Using cache
 ---> decda01376a3
Step 4/10 : COPY requirements.txt .
 ---> Using cache
 ---> 8956a9ee5cca
Step 5/10 : RUN set -e; for attempt in 1 2 3 4 5; do       pip install --no-cache-dir --timeout 60 --retries 10 -r requirements.txt && exit 0;       echo "pip attempt $attempt failed, retrying"; sleep 15;     done; echo "pip install failed after 5 attempts"; exit 1
 ---> Using cache
 ---> cebf83ee268a
Step 6/10 : COPY app ./app
 ---> Using cache
 ---> f8c6cbefa23e
Step 7/10 : RUN mkdir -p /data/media
 ---> Using cache
 ---> 4525a2b976c3
Step 8/10 : EXPOSE 8000
 ---> Using cache
 ---> f2fe8ab87b98
Step 9/10 : CMD ["sh","-c","exec uvicorn app.main:app --host 0.0.0.0 --port 8000 --workers ${API_WORKERS} --limit-concurrency ${API_LIMIT_CONCURRENCY} --timeout-keep-alive ${API_KEEPALIVE_SECONDS} --forwarded-allow-ips \"${FORWARDED_ALLOW_IPS:?FORWARDED_ALLOW_IPS must name the proxy peer; see .env.example}\""]
 ---> Using cache
 ---> 7ec8c433a117
Step 10/10 : LABEL com.docker.compose.image.builder=classic
 ---> Using cache
 ---> 758b2d54e81d
Successfully built 758b2d54e81d
Successfully tagged ai-music-platform-v13-api:latest
 Image ai-music-platform-v13-api Built 
 Image ai-music-platform-v13-api Built 
time="2026-09-28T19:29:28+08:00" level=warning msg="Docker Compose requires buildx plugin to be installed"
 Image ai-music-platform-v13-gateway Building 
 Image ai-music-platform-v13-gateway Building 
Sending build context to Docker daemon  1.634kB
Step 1/3 : FROM nginx:1.27-alpine
 ---> 65645c7bb6a0
Step 2/3 : COPY nginx.conf /etc/nginx/conf.d/default.conf
 ---> Using cache
 ---> 24f0a22572f9
Step 3/3 : LABEL com.docker.compose.image.builder=classic
 ---> Using cache
 ---> b3cde5cded5c
Successfully built b3cde5cded5c
Successfully tagged ai-music-platform-v13-gateway:latest
 Image ai-music-platform-v13-gateway Built 
 Image ai-music-platform-v13-gateway Built 
time="2026-09-28T19:29:29+08:00" level=warning msg="Docker Compose requires buildx plugin to be installed"
 Image ai-music-platform-v13-migrate Building 
 Image ai-music-platform-v13-migrate Building 
Sending build context to Docker daemon  2.374kB
Step 1/7 : FROM python:3.12-slim
 ---> f77ac9e44ae9
Step 2/7 : WORKDIR /app
 ---> Using cache
 ---> eb2f9d419b1e
Step 3/7 : COPY requirements.txt .
 ---> Using cache
 ---> bea11ec82a02
Step 4/7 : RUN set -e; for attempt in 1 2 3 4 5; do       pip install --no-cache-dir --timeout 60 --retries 10 -r requirements.txt && exit 0;       echo "pip attempt $attempt failed, retrying"; sleep 15;     done; echo "pip install failed after 5 attempts"; exit 1
 ---> Using cache
 ---> 9680da491711
Step 5/7 : COPY migrate.py .
 ---> Using cache
 ---> b7079e31f251
Step 6/7 : CMD ["python","migrate.py"]
 ---> Using cache
 ---> e00c4dea3824
Step 7/7 : LABEL com.docker.compose.image.builder=classic
 ---> Using cache
 ---> ed7a487a3359
Successfully built ed7a487a3359
Successfully tagged ai-music-platform-v13-migrate:latest
 Image ai-music-platform-v13-migrate Built 
 Image ai-music-platform-v13-migrate Built 
time="2026-09-28T19:29:29+08:00" level=warning msg="Docker Compose requires buildx plugin to be installed"
 Image ai-music-platform-v13-payment-emulator Building 
 Image ai-music-platform-v13-payment-emulator Building 
Sending build context to Docker daemon   2.98kB
Step 1/7 : FROM python:3.13-slim
 ---> 8d9d0b8bcf65
Step 2/7 : WORKDIR /app
 ---> Using cache
 ---> b9670344b704
Step 3/7 : COPY requirements.txt .
 ---> Using cache
 ---> 2bb05343fa45
Step 4/7 : RUN set -e; for attempt in 1 2 3 4 5; do       pip install --no-cache-dir --timeout 60 --retries 10 -r requirements.txt && exit 0;       echo "pip attempt $attempt failed, retrying"; sleep 15;     done; echo "pip install failed after 5 attempts"; exit 1
 ---> Using cache
 ---> f81b46bef668
Step 5/7 : COPY main.py .
 ---> Using cache
 ---> 7406b67e79a7
Step 6/7 : CMD ["uvicorn","main:app","--host","0.0.0.0","--port","8020"]
 ---> Using cache
 ---> ddeb1a211ddb
Step 7/7 : LABEL com.docker.compose.image.builder=classic
 ---> Using cache
 ---> 544aa9acb011
Successfully built 544aa9acb011
Successfully tagged ai-music-platform-v13-payment-emulator:latest
 Image ai-music-platform-v13-payment-emulator Built 
 Image ai-music-platform-v13-payment-emulator Built 
time="2026-09-28T19:29:29+08:00" level=warning msg="Docker Compose requires buildx plugin to be installed"
 Image ai-music-platform-v13-provider-emulator Building 
 Image ai-music-platform-v13-provider-emulator Building 
Sending build context to Docker daemon  4.891kB
Step 1/10 : FROM python:3.12-slim
 ---> f77ac9e44ae9
Step 2/10 : WORKDIR /app
 ---> Using cache
 ---> eb2f9d419b1e
Step 3/10 : ENV PYTHONDONTWRITEBYTECODE=1 PYTHONUNBUFFERED=1
 ---> Using cache
 ---> bde17badb3d3
Step 4/10 : COPY requirements.txt .
 ---> Using cache
 ---> c8530034b372
Step 5/10 : RUN set -e; for attempt in 1 2 3 4 5; do       pip install --no-cache-dir --timeout 60 --retries 10 -r requirements.txt && exit 0;       echo "pip attempt $attempt failed, retrying"; sleep 15;     done; echo "pip install failed after 5 attempts"; exit 1
 ---> Using cache
 ---> 8aab07781b9f
Step 6/10 : COPY main.py .
 ---> Using cache
 ---> b06e29ca9bc2
Step 7/10 : RUN mkdir -p /data/provider-media
 ---> Using cache
 ---> ce7bfcc63e47
Step 8/10 : EXPOSE 8010
 ---> Using cache
 ---> 8e8c21c17c02
Step 9/10 : CMD ["uvicorn","main:app","--host","0.0.0.0","--port","8010"]
 ---> Using cache
 ---> 3b5ec78a96bd
Step 10/10 : LABEL com.docker.compose.image.builder=classic
 ---> Using cache
 ---> 32833ab96058
Successfully built 32833ab96058
Successfully tagged ai-music-platform-v13-provider-emulator:latest
 Image ai-music-platform-v13-provider-emulator Built 
 Image ai-music-platform-v13-provider-emulator Built 
time="2026-09-28T19:29:29+08:00" level=warning msg="Docker Compose requires buildx plugin to be installed"
 Image ai-music-platform-v13-web Building 
 Image ai-music-platform-v13-web Building 
Sending build context to Docker daemon  48.02kB
Step 1/4 : FROM nginx:1.27-alpine
 ---> 65645c7bb6a0
Step 2/4 : COPY nginx.conf /etc/nginx/conf.d/default.conf
 ---> Using cache
 ---> a51092a47db5
Step 3/4 : COPY index.html app.js styles.css /usr/share/nginx/html/
 ---> Using cache
 ---> 9bace16577d4
Step 4/4 : LABEL com.docker.compose.image.builder=classic
 ---> Using cache
 ---> e46d657e2d2f
Successfully built e46d657e2d2f
Successfully tagged ai-music-platform-v13-web:latest
 Image ai-music-platform-v13-web Built 
 Image ai-music-platform-v13-web Built 
time="2026-09-28T19:29:29+08:00" level=warning msg="Docker Compose requires buildx plugin to be installed"
 Image ai-music-platform-v13-worker Building 
 Image ai-music-platform-v13-worker Building 
Sending build context to Docker daemon  21.26kB
Step 1/9 : FROM python:3.12-slim
 ---> f77ac9e44ae9
Step 2/9 : WORKDIR /app
 ---> Using cache
 ---> eb2f9d419b1e
Step 3/9 : ENV PYTHONDONTWRITEBYTECODE=1 PYTHONUNBUFFERED=1
 ---> Using cache
 ---> bde17badb3d3
Step 4/9 : RUN sed -i 's|http://deb.debian.org|https://deb.debian.org|g' /etc/apt/sources.list /etc/apt/sources.list.d/* 2>/dev/null;     apt-get -o Acquire::Retries=8 -o Acquire::http::Timeout=180 -o Acquire::Languages=none update     && apt-get -o Acquire::Retries=8 -o Acquire::Languages=none install -y --no-install-recommends ffmpeg ca-certificates     && rm -rf /var/lib/apt/lists/*
 ---> Using cache
 ---> 6235e52fda13
Step 5/9 : COPY requirements.txt .
 ---> Using cache
 ---> ac044ac673ad
Step 6/9 : RUN set -e; for attempt in 1 2 3 4 5; do       pip install --no-cache-dir --timeout 60 --retries 10 -r requirements.txt && exit 0;       echo "pip attempt $attempt failed, retrying"; sleep 15;     done; echo "pip install failed after 5 attempts"; exit 1
 ---> Using cache
 ---> ebec691ebe39
Step 7/9 : COPY . .
 ---> Using cache
 ---> c866eb7ee681
Step 8/9 : CMD ["python","worker.py"]
 ---> Using cache
 ---> dd02b179640a
Step 9/9 : LABEL com.docker.compose.image.builder=classic
 ---> Using cache
 ---> 7d5d861ab127
Successfully built 7d5d861ab127
Successfully tagged ai-music-platform-v13-worker:latest
 Image ai-music-platform-v13-worker Built 
 Image ai-music-platform-v13-worker Built 
time="2026-09-28T19:29:29+08:00" level=warning msg="Docker Compose requires buildx plugin to be installed"
 Image ai-music-platform-v13-worker-b Building 
 Image ai-music-platform-v13-worker-b Building 
Sending build context to Docker daemon  21.26kB
Step 1/9 : FROM python:3.12-slim
 ---> f77ac9e44ae9
Step 2/9 : WORKDIR /app
 ---> Using cache
 ---> eb2f9d419b1e
Step 3/9 : ENV PYTHONDONTWRITEBYTECODE=1 PYTHONUNBUFFERED=1
 ---> Using cache
 ---> bde17badb3d3
Step 4/9 : RUN sed -i 's|http://deb.debian.org|https://deb.debian.org|g' /etc/apt/sources.list /etc/apt/sources.list.d/* 2>/dev/null;     apt-get -o Acquire::Retries=8 -o Acquire::http::Timeout=180 -o Acquire::Languages=none update     && apt-get -o Acquire::Retries=8 -o Acquire::Languages=none install -y --no-install-recommends ffmpeg ca-certificates     && rm -rf /var/lib/apt/lists/*
 ---> Using cache
 ---> 6235e52fda13
Step 5/9 : COPY requirements.txt .
 ---> Using cache
 ---> ac044ac673ad
Step 6/9 : RUN set -e; for attempt in 1 2 3 4 5; do       pip install --no-cache-dir --timeout 60 --retries 10 -r requirements.txt && exit 0;       echo "pip attempt $attempt failed, retrying"; sleep 15;     done; echo "pip install failed after 5 attempts"; exit 1
 ---> Using cache
 ---> ebec691ebe39
Step 7/9 : COPY . .
 ---> Using cache
 ---> c866eb7ee681
Step 8/9 : CMD ["python","worker.py"]
 ---> Using cache
 ---> dd02b179640a
Step 9/9 : LABEL com.docker.compose.image.builder=classic
 ---> Using cache
 ---> 7d5d861ab127
Successfully built 7d5d861ab127
Successfully tagged ai-music-platform-v13-worker-b:latest
 Image ai-music-platform-v13-worker-b Built 
 Image ai-music-platform-v13-worker-b Built 
 Container ai-music-platform-v13-admin-1 Running 
 Container ai-music-platform-v13-redis-1 Running 
 Container ai-music-platform-v13-postgres-1 Running 
 Container ai-music-platform-v13-prometheus-1 Running 
 Container ai-music-platform-v13-web-1 Running 
 Container ai-music-platform-v13-payment-emulator-1 Running 
 Container ai-music-platform-v13-provider-emulator-1 Running 
 Container ai-music-platform-v13-gateway-1 Running 
 Container ai-music-platform-v13-minio-1 Running 
 Container ai-music-platform-v13-api-1 Recreate 
 Container ai-music-platform-v13-worker-1 Recreate 
 Container ai-music-platform-v13-api-1 Recreated 
 Container ai-music-platform-v13-worker-1 Recreated 
 Container ai-music-platform-v13-postgres-1 Waiting 
 Container ai-music-platform-v13-postgres-1 Healthy 
 Container ai-music-platform-v13-migrate-1 Starting 
 Container ai-music-platform-v13-migrate-1 Started 
 Container ai-music-platform-v13-payment-emulator-1 Waiting 
 Container ai-music-platform-v13-redis-1 Waiting 
 Container ai-music-platform-v13-migrate-1 Waiting 
 Container ai-music-platform-v13-redis-1 Waiting 
 Container ai-music-platform-v13-minio-1 Waiting 
 Container ai-music-platform-v13-provider-emulator-1 Waiting 
 Container ai-music-platform-v13-minio-1 Waiting 
 Container ai-music-platform-v13-provider-emulator-1 Waiting 
 Container ai-music-platform-v13-migrate-1 Waiting 
 Container ai-music-platform-v13-migrate-1 Exited 
 Container ai-music-platform-v13-minio-1 Healthy 
 Container ai-music-platform-v13-migrate-1 Exited 
 Container ai-music-platform-v13-provider-emulator-1 Healthy 
 Container ai-music-platform-v13-redis-1 Healthy 
 Container ai-music-platform-v13-redis-1 Healthy 
 Container ai-music-platform-v13-payment-emulator-1 Healthy 
 Container ai-music-platform-v13-provider-emulator-1 Healthy 
 Container ai-music-platform-v13-worker-1 Starting 
 Container ai-music-platform-v13-minio-1 Healthy 
 Container ai-music-platform-v13-api-1 Starting 
 Container ai-music-platform-v13-api-1 Started 
 Container ai-music-platform-v13-api-1 Waiting 
 Container ai-music-platform-v13-api-1 Waiting 
 Container ai-music-platform-v13-worker-1 Started 
 Container ai-music-platform-v13-worker-1 Waiting 
 Container ai-music-platform-v13-api-1 Waiting 
 Container ai-music-platform-v13-api-1 Healthy 
 Container ai-music-platform-v13-api-1 Healthy 
 Container ai-music-platform-v13-web-1 Waiting 
 Container ai-music-platform-v13-admin-1 Waiting 
 Container ai-music-platform-v13-api-1 Waiting 
 Container ai-music-platform-v13-worker-1 Healthy 
 Container ai-music-platform-v13-api-1 Healthy 
 Container ai-music-platform-v13-api-1 Healthy 
 Container ai-music-platform-v13-admin-1 Healthy 
 Container ai-music-platform-v13-web-1 Healthy 
provider regression: 25/25 completed, error rate 0.0%, p50 4.08s, p95 5.22s, settled 250 credits across 25 finished jobs
  provider: generic_rest (approval development_only)  -- this batch measures the adapter in front of whatever endpoint the stack points at; a non-emulator name here is still not a signed provider contract

STEP 21 RESULT: PASS

================================================================================
STEP 22: browser-a11y
TIMESTAMP: 2026-09-28T11:30:16Z
================================================================================

---- browser-a11y 输出（完整日志：release-evidence/acceptance-20260928T111210Z/step-22-browser-a11y.log） ----
self-check passed: axe-core 4.13.0 flags image-alt (impact=critical) and the gate rejects it, rejects moderate, and still tolerates minor-only; the clip probe named 1 of 3 overflowing boxes and exempted 1 scroll container(s) plus 1 form field(s)
origin check: studio at http://127.0.0.1:4173 is byte-identical to services/web/index.html, as the browser resolves it
origin check: control-plane at http://127.0.0.1:4174 is byte-identical to services/admin/index.html, as the browser resolves it
scanned 118 views with axe-core 4.13.0
privacy walk: 2 exports downloaded and parsed, 2 probe accounts erased (a11y-erasure-desktop-0928T113231Z@example.local, a11y-erasure-mobile-0928T113502Z@example.local)
team walk: 2 roster walks with offer/accept/re-role/revoke/remove exercised (a11y-team-desktop-0928t113048z@example.local, a11y-team-mobile-0928t113312z@example.local)
boot-window click: 2 single nav click(s) issued while /api/bootstrap was still held, each required to switch the view
roster walk: 2 platform-admin directory walks, each followed by a non-administrator refusal and an injected panel failure (admin-trust-stale, admin-workspaces, admin-workspaces-refusal, admin-workspaces-roster)
  console/page errors: 24 line(s) out of 52 event(s)
    - desktop-as-deployed-admin: Failed to load resource: the server responded with a status of 401 (Unauthorized)
    - desktop-as-deployed-studio: Failed to load resource: the server responded with a status of 401 (Unauthorized)
    - desktop-axe-admin: Failed to load resource: the server responded with a status of 401 (Unauthorized)
    - desktop-axe-invitee: Failed to load resource: the server responded with a status of 401 (Unauthorized)
    - desktop-axe-invitee: Failed to load resource: the server responded with a status of 403 (Forbidden)
    - desktop-axe-studio: Failed to load resource: the server responded with a status of 401 (Unauthorized)
    - desktop-axe-studio: Failed to load resource: the server responded with a status of 403 (Forbidden)
    - desktop-boot-click: Failed to load resource: the server responded with a status of 401 (Unauthorized)
  refusals seen by the pages: 34 line(s) out of 52 event(s)
    - desktop-as-deployed-admin: GET /api/auth/me -> 401
    - desktop-as-deployed-studio: GET /api/auth/me -> 401
    - desktop-axe-admin: GET /api/auth/me -> 401
    - desktop-axe-invitee: GET /api/analytics/overview -> 403
    - desktop-axe-invitee: GET /api/auth/me -> 401
    - desktop-axe-invitee: GET /api/ledger -> 403
    - desktop-axe-invitee: GET /api/workspace/invitations -> 403
    - desktop-axe-studio: GET /api/auth/me -> 401
    - desktop-axe-studio: GET /api/workspace/invitations -> 403
    - desktop-axe-studio: POST /api/account/erasure -> 403
    - desktop-axe-studio: POST /api/auth/login -> 401
    - desktop-boot-click: GET /api/auth/me -> 401
    - desktop-refusal-admin: GET /api/admin/v12/payouts -> 403
    - desktop-refusal-admin: GET /api/admin/v12/workspaces -> 403
    - desktop-refusal-admin: GET /api/auth/me -> 401
    - desktop-stale-admin: GET /api/admin/v12/moderation -> 500
    - desktop-stale-admin: GET /api/auth/me -> 401
    - mobile-as-deployed-admin: GET /api/auth/me -> 401
    - mobile-as-deployed-studio: GET /api/auth/me -> 401
    - mobile-axe-admin: GET /api/auth/me -> 401
    - mobile-axe-invitee: GET /api/analytics/overview -> 403
    - mobile-axe-invitee: GET /api/auth/me -> 401
    - mobile-axe-invitee: GET /api/ledger -> 403
    - mobile-axe-invitee: GET /api/workspace/invitations -> 403
    - mobile-axe-studio: GET /api/auth/me -> 401
    - mobile-axe-studio: GET /api/workspace/invitations -> 403
    - mobile-axe-studio: POST /api/account/erasure -> 403
    - mobile-axe-studio: POST /api/auth/login -> 401
    - mobile-boot-click: GET /api/auth/me -> 401
    - mobile-refusal-admin: GET /api/admin/v12/payouts -> 403
    - mobile-refusal-admin: GET /api/admin/v12/workspaces -> 403
    - mobile-refusal-admin: GET /api/auth/me -> 401
    - mobile-stale-admin: GET /api/admin/v12/moderation -> 500
    - mobile-stale-admin: GET /api/auth/me -> 401
report: release-evidence/browser-a11y-20260928T113020Z/report.json
browser a11y + walkthrough passed
# generated by scripts/server_refusal_census.py
# evidence source: browser-a11y-20260928T113020Z (commit d98e650)
# window = the caller's own clock around its browser run (--since/--until)
window: 2026-09-28T11:30:20Z -> 2026-09-28T11:36:56Z
command: docker compose logs api --timestamps --since=2026-09-28T11:30:20Z --until=2026-09-28T11:36:56Z
log_lines_read: 523
request_lines_parsed: 523
server_4xx_events: 50
gate_4xx_events: 52
STATUS METHOD PATH COUNT
  403 GET    /api/admin/v12/payouts 2
  403 GET    /api/admin/v12/workspaces 3
  403 GET    /api/analytics/overview 2
  401 GET    /api/auth/me 28
  403 GET    /api/ledger 2
  403 GET    /api/workspace/invitations 9
  403 POST   /api/account/erasure 2
  401 POST   /api/auth/login 2
artifact would go to: /Volumes/Extra/CodeProj/web3_music/release-evidence/browser-a11y-20260928T113020Z/server-refusals.txt
wrote /Volumes/Extra/CodeProj/web3_music/release-evidence/browser-a11y-20260928T113020Z/server-refusals.txt

STEP 22 RESULT: PASS

================================================================================
STEP 23: capacity-gate-500 (skipped)
TIMESTAMP: 2026-09-28T11:36:56Z
================================================================================
提示：容量 Gate 默认跳过；如需执行请设置 CAPACITY=1（耗时较长且依赖 Provider）。

================================================================================
收集验收证据
================================================================================
已归档 compose 日志: release-evidence/acceptance-20260928T111210Z/compose-logs.txt
已归档商业覆层日志: release-evidence/acceptance-20260928T111210Z/commercial-compose-logs.txt
证据目录: release-evidence/acceptance-20260928T111210Z

================================================================================
最终结论：全部验收步骤通过 ✅
证据目录: release-evidence/acceptance-20260928T111210Z
================================================================================
