disk_free_kb=8820428 min_free_kb=4194304 probe_image=postgres:16-alpine

================================================================================
STEP 1: static-verify
TIMESTAMP: 2026-09-29T09:56:33Z
================================================================================

---- static-verify 输出（完整日志：release-evidence/acceptance-20260929T095633Z/step-1-static-verify.log） ----
tracked=263 listed=263 missing=0 stale=0 mismatched=0
authority matrix agrees with the code: 100 routes, 54 writes
Compose, Kubernetes YAML, JSON, JSON Schema and OpenAPI contracts valid
architecture contracts valid
  OK   the rendered line round-trips (metrics lease-contention credits=160.0 jobs=8 workers=2)
  OK   a value with a comma or space survives quoting                                         
  OK   keys are sorted, so the same readings render byte-identically                          
  OK   bool renders as 1/0 rather than Python's True/False                                    
  OK   an empty reading set is refused, not written as a bare prefix                          
  OK   a step name that would break the table is refused                                      
  OK   a producer line is not read as a summary line                                          
  OK   absent is not zero: no line parses to nothing rather than to 0                         
metrics self-test: 8 arms, failures: none
  OK   the honest pair reports nothing                                                                                                                            
  OK   a refusal the gate missed is named                                                                                                                         
  OK   one event short on the gate side is named                                                                                                                  
  OK   an injected route that reached the api is named                                                                                                            
  OK   lines that do not parse are refused, not read as zero                                                                                                      
  OK   an empty window is the same refusal                                                                                                                        
  OK   both docker line shapes parse (read 3 of 4 lines, 2 refusals)                                                                                              
  OK   the 200 is counted too, because the request axis needs every line ({('GET', '/api/auth/me'): 1, ('POST', '/api/account/erasure'): 1, ('GET', '/api/x'): 1})
  OK   the surplus names the timestamp the gate missed                                                                                                            
  OK   an even pair produces no surplus timestamps                                                                                                                
  OK   sub-second stamps survive the parser, so same-second events stay countable                                                                                 
  OK   a shortfall the gate cannot explain stays red                                                                                                              
  OK   a shortfall with no reading on the gate's side stays red too                                                                                               
  OK   a shortfall the gate named a page still waiting on THAT endpoint for is excused                                                                            
  OK   a named page waiting on some OTHER endpoint does not excuse the shortfall, and neither does an entry written in the old string shape                       
  OK   the outstanding keys are read as data, not as a string blob                                                                                                
  OK   the shortfall list is what the note prints, as data                                                                                                        
  OK   the two 4xx lines compare the same class, with the injected 500 on its own line                                                                            
  OK   a real 500 in the window cannot inflate the figure the faces quote as 4xx                                                                                  
  OK   a fully accounted endpoint raises nothing on the request axis                                                                                              
  OK   one request line the gate never issued is named, with both counts                                                                                          
  OK   the health check's lines are not the gate's to account for                                                                                                 
  OK   the endpoint the gate fulfills itself is exempt on this axis too                                                                                           
  OK   an endpoint the gate issued nothing for is still named, not skipped                                                                                        
  OK   the axis is written when the report carried it and left out when it did not                                                                                
self-test: 25 arms, failures: none
  OK   a clean port answering this contract, on a port this project publishes, passes   
  OK   two claimants on one port are named and refused                                  
  OK   no listener at all is refused too                                                
  OK   a listener reading that could not be taken is refused, not passed                
  OK   a foreign service is caught by its own endpoint set                              
  OK   extra endpoints on the serving side do not fire this gate                        
  OK   a body that is not an OpenAPI document is refused as no reading                  
  OK   the real contract is read from the tracked file, not typed in                    
  OK   a port this project does not publish is refused even when it answers our contract
  OK   the project's own published port satisfies the third axis, and no reading refuses
self-test: 10 arms, failures: none
metric refusal_census_selftest_arms=25
........................................................................ [ 14%]
........................................................................ [ 29%]
........................................................................ [ 43%]
........................................................................ [ 58%]
........................................................................ [ 73%]
........................................................................ [ 87%]
...........................................................              [100%]
=============================== warnings summary ===============================
../../../../Users/panhao/.venvs/w3m-e2e/lib/python3.12/site-packages/starlette/testclient.py:51
  /Users/panhao/.venvs/w3m-e2e/lib/python3.12/site-packages/starlette/testclient.py:51: DeprecationWarning: The anyio.abc.BlockingPortal alias is deprecated, use anyio.from_thread.BlockingPortal instead.
    _PortalFactoryType = Callable[[], AbstractContextManager[anyio.abc.BlockingPortal]]

-- Docs: https://docs.pytest.org/en/stable/how-to/capture-warnings.html
491 passed, 1 warning in 37.15s
metric unit_passed=491

STEP 1 RESULT: PASS

================================================================================
STEP 2: compose-up
TIMESTAMP: 2026-09-29T09:57:15Z
================================================================================

---- compose-up 输出（完整日志：release-evidence/acceptance-20260929T095633Z/step-2-compose-up.log） ----
 Container ai-music-platform-v13-prometheus-1 Stopping 
 Container ai-music-platform-v13-gateway-1 Stopping 
 Container ai-music-platform-v13-gateway-1 Stopped 
 Container ai-music-platform-v13-gateway-1 Removing 
 Container ai-music-platform-v13-prometheus-1 Stopped 
 Container ai-music-platform-v13-prometheus-1 Removing 
 Container ai-music-platform-v13-gateway-1 Removed 
 Container ai-music-platform-v13-web-1 Stopping 
 Container ai-music-platform-v13-admin-1 Stopping 
 Container ai-music-platform-v13-web-1 Stopped 
 Container ai-music-platform-v13-web-1 Removing 
 Container ai-music-platform-v13-admin-1 Stopped 
 Container ai-music-platform-v13-admin-1 Removing 
 Container ai-music-platform-v13-prometheus-1 Removed 
 Container ai-music-platform-v13-worker-1 Stopping 
 Container ai-music-platform-v13-worker-1 Stopped 
 Container ai-music-platform-v13-worker-1 Removing 
 Container ai-music-platform-v13-web-1 Removed 
 Container ai-music-platform-v13-admin-1 Removed 
 Container ai-music-platform-v13-api-1 Stopping 
 Container ai-music-platform-v13-worker-1 Removed 
 Container ai-music-platform-v13-api-1 Stopped 
 Container ai-music-platform-v13-api-1 Removing 
 Container ai-music-platform-v13-api-1 Removed 
 Container ai-music-platform-v13-provider-emulator-1 Stopping 
 Container ai-music-platform-v13-migrate-1 Stopping 
 Container ai-music-platform-v13-minio-1 Stopping 
 Container ai-music-platform-v13-payment-emulator-1 Stopping 
 Container ai-music-platform-v13-redis-1 Stopping 
 Container ai-music-platform-v13-migrate-1 Stopped 
 Container ai-music-platform-v13-migrate-1 Removing 
 Container ai-music-platform-v13-provider-emulator-1 Stopped 
 Container ai-music-platform-v13-provider-emulator-1 Removing 
 Container ai-music-platform-v13-minio-1 Stopped 
 Container ai-music-platform-v13-minio-1 Removing 
 Container ai-music-platform-v13-payment-emulator-1 Stopped 
 Container ai-music-platform-v13-payment-emulator-1 Removing 
 Container ai-music-platform-v13-redis-1 Stopped 
 Container ai-music-platform-v13-redis-1 Removing 
 Container ai-music-platform-v13-migrate-1 Removed 
 Container ai-music-platform-v13-postgres-1 Stopping 
 Container ai-music-platform-v13-postgres-1 Stopped 
 Container ai-music-platform-v13-postgres-1 Removing 
 Container ai-music-platform-v13-provider-emulator-1 Removed 
 Container ai-music-platform-v13-redis-1 Removed 
 Container ai-music-platform-v13-payment-emulator-1 Removed 
 Container ai-music-platform-v13-minio-1 Removed 
 Container ai-music-platform-v13-postgres-1 Removed 
 Network ai-music-platform-v13_default Removing 
 Volume ai-music-platform-v13_minio_data Removing 
 Volume ai-music-platform-v13_redis_data Removing 
 Volume ai-music-platform-v13_pg_data Removing 
 Volume ai-music-platform-v13_payment_state Removing 
 Volume ai-music-platform-v13_provider_state Removing 
 Volume ai-music-platform-v13_provider_media Removing 
 Volume ai-music-platform-v13_prometheus_data Removing 
 Volume ai-music-platform-v13_redis_data Removed 
 Network ai-music-platform-v13_default Removed 
 Volume ai-music-platform-v13_minio_data Removed 
 Volume ai-music-platform-v13_payment_state Removed 
 Volume ai-music-platform-v13_pg_data Removed 
 Volume ai-music-platform-v13_prometheus_data Removed 
 Volume ai-music-platform-v13_provider_media Removed 
 Volume ai-music-platform-v13_provider_state Removed 
time="2026-09-29T17:57:16+08:00" level=warning msg="Docker Compose requires buildx plugin to be installed"
 Image ai-music-platform-v13-acceptance Building 
 Image ai-music-platform-v13-acceptance Building 
Sending build context to Docker daemon  11.87kB
Step 1/7 : FROM python:3.12-slim
 ---> f77ac9e44ae9
Step 2/7 : WORKDIR /tests
 ---> Using cache
 ---> 155c824b6db4
Step 3/7 : COPY requirements.txt .
 ---> Using cache
 ---> e2aec4fdf0d7
Step 4/7 : RUN set -e; for attempt in 1 2 3 4 5; do       pip install --no-cache-dir --timeout 60 --retries 10 -r requirements.txt && exit 0;       echo "pip attempt $attempt failed, retrying"; sleep 15;     done; echo "pip install failed after 5 attempts"; exit 1
 ---> Using cache
 ---> 57597560f482
Step 5/7 : COPY test_acceptance.py test_commercial.py test_provider_contract.py test_payment_contract.py test_tenant_isolation.py ./
 ---> Using cache
 ---> f3e4a1e53177
Step 6/7 : CMD ["pytest","-q","-s","test_acceptance.py"]
 ---> Using cache
 ---> 2dc918c8b8af
Step 7/7 : LABEL com.docker.compose.image.builder=classic
 ---> Using cache
 ---> fce0644d4f0e
Successfully built fce0644d4f0e
Successfully tagged ai-music-platform-v13-acceptance:latest
 Image ai-music-platform-v13-acceptance Built 
 Image ai-music-platform-v13-acceptance Built 
time="2026-09-29T17:57:16+08:00" level=warning msg="Docker Compose requires buildx plugin to be installed"
 Image ai-music-platform-v13-admin Building 
 Image ai-music-platform-v13-admin Building 
Sending build context to Docker daemon  12.28kB
Step 1/4 : FROM nginx:1.27-alpine
 ---> 65645c7bb6a0
Step 2/4 : COPY nginx.conf /etc/nginx/conf.d/default.conf
 ---> Using cache
 ---> a51092a47db5
Step 3/4 : COPY index.html admin.js styles.css /usr/share/nginx/html/
 ---> Using cache
 ---> 321f35a7f279
Step 4/4 : LABEL com.docker.compose.image.builder=classic
 ---> Using cache
 ---> e4d3c5bdbe68
Successfully built e4d3c5bdbe68
Successfully tagged ai-music-platform-v13-admin:latest
 Image ai-music-platform-v13-admin Built 
 Image ai-music-platform-v13-admin Built 
time="2026-09-29T17:57:16+08:00" level=warning msg="Docker Compose requires buildx plugin to be installed"
 Image ai-music-platform-v13-api Building 
 Image ai-music-platform-v13-api Building 
Sending build context to Docker daemon  248.1kB
Step 1/10 : FROM python:3.12-slim
 ---> f77ac9e44ae9
Step 2/10 : WORKDIR /app
 ---> Using cache
 ---> eb2f9d419b1e
Step 3/10 : ENV PYTHONDONTWRITEBYTECODE=1 PYTHONUNBUFFERED=1     API_WORKERS=1 API_LIMIT_CONCURRENCY=512 API_KEEPALIVE_SECONDS=5
 ---> Using cache
 ---> decda01376a3
Step 4/10 : COPY requirements.txt .
 ---> Using cache
 ---> 8956a9ee5cca
Step 5/10 : RUN set -e; for attempt in 1 2 3 4 5; do       pip install --no-cache-dir --timeout 60 --retries 10 -r requirements.txt && exit 0;       echo "pip attempt $attempt failed, retrying"; sleep 15;     done; echo "pip install failed after 5 attempts"; exit 1
 ---> Using cache
 ---> cebf83ee268a
Step 6/10 : COPY app ./app
 ---> Using cache
 ---> f8c6cbefa23e
Step 7/10 : RUN mkdir -p /data/media
 ---> Using cache
 ---> 4525a2b976c3
Step 8/10 : EXPOSE 8000
 ---> Using cache
 ---> f2fe8ab87b98
Step 9/10 : CMD ["sh","-c","exec uvicorn app.main:app --host 0.0.0.0 --port 8000 --workers ${API_WORKERS} --limit-concurrency ${API_LIMIT_CONCURRENCY} --timeout-keep-alive ${API_KEEPALIVE_SECONDS} --forwarded-allow-ips \"${FORWARDED_ALLOW_IPS:?FORWARDED_ALLOW_IPS must name the proxy peer; see .env.example}\""]
 ---> Using cache
 ---> 7ec8c433a117
Step 10/10 : LABEL com.docker.compose.image.builder=classic
 ---> Using cache
 ---> 758b2d54e81d
Successfully built 758b2d54e81d
Successfully tagged ai-music-platform-v13-api:latest
 Image ai-music-platform-v13-api Built 
 Image ai-music-platform-v13-api Built 
time="2026-09-29T17:57:17+08:00" level=warning msg="Docker Compose requires buildx plugin to be installed"
 Image ai-music-platform-v13-gateway Building 
 Image ai-music-platform-v13-gateway Building 
Sending build context to Docker daemon  1.634kB
Step 1/3 : FROM nginx:1.27-alpine
 ---> 65645c7bb6a0
Step 2/3 : COPY nginx.conf /etc/nginx/conf.d/default.conf
 ---> Using cache
 ---> 24f0a22572f9
Step 3/3 : LABEL com.docker.compose.image.builder=classic
 ---> Using cache
 ---> b3cde5cded5c
Successfully built b3cde5cded5c
Successfully tagged ai-music-platform-v13-gateway:latest
 Image ai-music-platform-v13-gateway Built 
 Image ai-music-platform-v13-gateway Built 
time="2026-09-29T17:57:17+08:00" level=warning msg="Docker Compose requires buildx plugin to be installed"
 Image ai-music-platform-v13-migrate Building 
 Image ai-music-platform-v13-migrate Building 
Sending build context to Docker daemon  2.376kB
Step 1/7 : FROM python:3.12-slim
 ---> f77ac9e44ae9
Step 2/7 : WORKDIR /app
 ---> Using cache
 ---> eb2f9d419b1e
Step 3/7 : COPY requirements.txt .
 ---> Using cache
 ---> bea11ec82a02
Step 4/7 : RUN set -e; for attempt in 1 2 3 4 5; do       pip install --no-cache-dir --timeout 60 --retries 10 -r requirements.txt && exit 0;       echo "pip attempt $attempt failed, retrying"; sleep 15;     done; echo "pip install failed after 5 attempts"; exit 1
 ---> Using cache
 ---> 9680da491711
Step 5/7 : COPY migrate.py .
 ---> Using cache
 ---> b7079e31f251
Step 6/7 : CMD ["python","migrate.py"]
 ---> Using cache
 ---> e00c4dea3824
Step 7/7 : LABEL com.docker.compose.image.builder=classic
 ---> Using cache
 ---> ed7a487a3359
Successfully built ed7a487a3359
Successfully tagged ai-music-platform-v13-migrate:latest
 Image ai-music-platform-v13-migrate Built 
 Image ai-music-platform-v13-migrate Built 
time="2026-09-29T17:57:18+08:00" level=warning msg="Docker Compose requires buildx plugin to be installed"
 Image ai-music-platform-v13-payment-emulator Building 
 Image ai-music-platform-v13-payment-emulator Building 
Sending build context to Docker daemon   2.98kB
Step 1/7 : FROM python:3.13-slim
 ---> 8d9d0b8bcf65
Step 2/7 : WORKDIR /app
 ---> Using cache
 ---> b9670344b704
Step 3/7 : COPY requirements.txt .
 ---> Using cache
 ---> 2bb05343fa45
Step 4/7 : RUN set -e; for attempt in 1 2 3 4 5; do       pip install --no-cache-dir --timeout 60 --retries 10 -r requirements.txt && exit 0;       echo "pip attempt $attempt failed, retrying"; sleep 15;     done; echo "pip install failed after 5 attempts"; exit 1
 ---> Using cache
 ---> f81b46bef668
Step 5/7 : COPY main.py .
 ---> Using cache
 ---> 7406b67e79a7
Step 6/7 : CMD ["uvicorn","main:app","--host","0.0.0.0","--port","8020"]
 ---> Using cache
 ---> ddeb1a211ddb
Step 7/7 : LABEL com.docker.compose.image.builder=classic
 ---> Using cache
 ---> 544aa9acb011
Successfully built 544aa9acb011
Successfully tagged ai-music-platform-v13-payment-emulator:latest
 Image ai-music-platform-v13-payment-emulator Built 
 Image ai-music-platform-v13-payment-emulator Built 
time="2026-09-29T17:57:18+08:00" level=warning msg="Docker Compose requires buildx plugin to be installed"
 Image ai-music-platform-v13-provider-emulator Building 
 Image ai-music-platform-v13-provider-emulator Building 
Sending build context to Docker daemon  4.891kB
Step 1/10 : FROM python:3.12-slim
 ---> f77ac9e44ae9
Step 2/10 : WORKDIR /app
 ---> Using cache
 ---> eb2f9d419b1e
Step 3/10 : ENV PYTHONDONTWRITEBYTECODE=1 PYTHONUNBUFFERED=1
 ---> Using cache
 ---> bde17badb3d3
Step 4/10 : COPY requirements.txt .
 ---> Using cache
 ---> c8530034b372
Step 5/10 : RUN set -e; for attempt in 1 2 3 4 5; do       pip install --no-cache-dir --timeout 60 --retries 10 -r requirements.txt && exit 0;       echo "pip attempt $attempt failed, retrying"; sleep 15;     done; echo "pip install failed after 5 attempts"; exit 1
 ---> Using cache
 ---> 8aab07781b9f
Step 6/10 : COPY main.py .
 ---> Using cache
 ---> b06e29ca9bc2
Step 7/10 : RUN mkdir -p /data/provider-media
 ---> Using cache
 ---> ce7bfcc63e47
Step 8/10 : EXPOSE 8010
 ---> Using cache
 ---> 8e8c21c17c02
Step 9/10 : CMD ["uvicorn","main:app","--host","0.0.0.0","--port","8010"]
 ---> Using cache
 ---> 3b5ec78a96bd
Step 10/10 : LABEL com.docker.compose.image.builder=classic
 ---> Using cache
 ---> 32833ab96058
Successfully built 32833ab96058
Successfully tagged ai-music-platform-v13-provider-emulator:latest
 Image ai-music-platform-v13-provider-emulator Built 
 Image ai-music-platform-v13-provider-emulator Built 
time="2026-09-29T17:57:18+08:00" level=warning msg="Docker Compose requires buildx plugin to be installed"
 Image ai-music-platform-v13-web Building 
 Image ai-music-platform-v13-web Building 
Sending build context to Docker daemon  48.02kB
Step 1/4 : FROM nginx:1.27-alpine
 ---> 65645c7bb6a0
Step 2/4 : COPY nginx.conf /etc/nginx/conf.d/default.conf
 ---> Using cache
 ---> a51092a47db5
Step 3/4 : COPY index.html app.js styles.css /usr/share/nginx/html/
 ---> Using cache
 ---> 9bace16577d4
Step 4/4 : LABEL com.docker.compose.image.builder=classic
 ---> Using cache
 ---> e46d657e2d2f
Successfully built e46d657e2d2f
Successfully tagged ai-music-platform-v13-web:latest
 Image ai-music-platform-v13-web Built 
 Image ai-music-platform-v13-web Built 
time="2026-09-29T17:57:19+08:00" level=warning msg="Docker Compose requires buildx plugin to be installed"
 Image ai-music-platform-v13-worker Building 
 Image ai-music-platform-v13-worker Building 
Sending build context to Docker daemon  21.26kB
Step 1/9 : FROM python:3.12-slim
 ---> f77ac9e44ae9
Step 2/9 : WORKDIR /app
 ---> Using cache
 ---> eb2f9d419b1e
Step 3/9 : ENV PYTHONDONTWRITEBYTECODE=1 PYTHONUNBUFFERED=1
 ---> Using cache
 ---> bde17badb3d3
Step 4/9 : RUN sed -i 's|http://deb.debian.org|https://deb.debian.org|g' /etc/apt/sources.list /etc/apt/sources.list.d/* 2>/dev/null;     apt-get -o Acquire::Retries=8 -o Acquire::http::Timeout=180 -o Acquire::Languages=none update     && apt-get -o Acquire::Retries=8 -o Acquire::Languages=none install -y --no-install-recommends ffmpeg ca-certificates     && rm -rf /var/lib/apt/lists/*
 ---> Using cache
 ---> 6235e52fda13
Step 5/9 : COPY requirements.txt .
 ---> Using cache
 ---> ac044ac673ad
Step 6/9 : RUN set -e; for attempt in 1 2 3 4 5; do       pip install --no-cache-dir --timeout 60 --retries 10 -r requirements.txt && exit 0;       echo "pip attempt $attempt failed, retrying"; sleep 15;     done; echo "pip install failed after 5 attempts"; exit 1
 ---> Using cache
 ---> ebec691ebe39
Step 7/9 : COPY . .
 ---> Using cache
 ---> c866eb7ee681
Step 8/9 : CMD ["python","worker.py"]
 ---> Using cache
 ---> dd02b179640a
Step 9/9 : LABEL com.docker.compose.image.builder=classic
 ---> Using cache
 ---> 7d5d861ab127
Successfully built 7d5d861ab127
Successfully tagged ai-music-platform-v13-worker:latest
 Image ai-music-platform-v13-worker Built 
 Image ai-music-platform-v13-worker Built 
time="2026-09-29T17:57:19+08:00" level=warning msg="Docker Compose requires buildx plugin to be installed"
 Image ai-music-platform-v13-worker-b Building 
 Image ai-music-platform-v13-worker-b Building 
Sending build context to Docker daemon  21.26kB
Step 1/9 : FROM python:3.12-slim
 ---> f77ac9e44ae9
Step 2/9 : WORKDIR /app
 ---> Using cache
 ---> eb2f9d419b1e
Step 3/9 : ENV PYTHONDONTWRITEBYTECODE=1 PYTHONUNBUFFERED=1
 ---> Using cache
 ---> bde17badb3d3
Step 4/9 : RUN sed -i 's|http://deb.debian.org|https://deb.debian.org|g' /etc/apt/sources.list /etc/apt/sources.list.d/* 2>/dev/null;     apt-get -o Acquire::Retries=8 -o Acquire::http::Timeout=180 -o Acquire::Languages=none update     && apt-get -o Acquire::Retries=8 -o Acquire::Languages=none install -y --no-install-recommends ffmpeg ca-certificates     && rm -rf /var/lib/apt/lists/*
 ---> Using cache
 ---> 6235e52fda13
Step 5/9 : COPY requirements.txt .
 ---> Using cache
 ---> ac044ac673ad
Step 6/9 : RUN set -e; for attempt in 1 2 3 4 5; do       pip install --no-cache-dir --timeout 60 --retries 10 -r requirements.txt && exit 0;       echo "pip attempt $attempt failed, retrying"; sleep 15;     done; echo "pip install failed after 5 attempts"; exit 1
 ---> Using cache
 ---> ebec691ebe39
Step 7/9 : COPY . .
 ---> Using cache
 ---> c866eb7ee681
Step 8/9 : CMD ["python","worker.py"]
 ---> Using cache
 ---> dd02b179640a
Step 9/9 : LABEL com.docker.compose.image.builder=classic
 ---> Using cache
 ---> 7d5d861ab127
Successfully built 7d5d861ab127
Successfully tagged ai-music-platform-v13-worker-b:latest
 Image ai-music-platform-v13-worker-b Built 
 Image ai-music-platform-v13-worker-b Built 
 Volume ai-music-platform-v13_pg_data Creating 
 Volume ai-music-platform-v13_prometheus_data Creating 
 Volume ai-music-platform-v13_pg_data Creating 
 Volume ai-music-platform-v13_redis_data Creating 
 Volume ai-music-platform-v13_redis_data Creating 
 Volume ai-music-platform-v13_provider_state Creating 
 Volume ai-music-platform-v13_payment_state Creating 
 Volume ai-music-platform-v13_payment_state Creating 
 Volume ai-music-platform-v13_prometheus_data Creating 
 Volume ai-music-platform-v13_provider_media Creating 
 Volume ai-music-platform-v13_provider_media Creating 
 Volume ai-music-platform-v13_provider_state Creating 
 Volume ai-music-platform-v13_minio_data Creating 
 Volume ai-music-platform-v13_minio_data Creating 
 Network ai-music-platform-v13_default Creating 
 Network ai-music-platform-v13_default Creating 
 Volume ai-music-platform-v13_pg_data Created 
 Volume ai-music-platform-v13_pg_data Created 
 Volume ai-music-platform-v13_redis_data Created 
 Volume ai-music-platform-v13_redis_data Created 
 Volume ai-music-platform-v13_minio_data Created 
 Volume ai-music-platform-v13_minio_data Created 
 Volume ai-music-platform-v13_payment_state Created 
 Volume ai-music-platform-v13_payment_state Created 
 Volume ai-music-platform-v13_provider_media Created 
 Volume ai-music-platform-v13_provider_media Created 
 Volume ai-music-platform-v13_provider_state Created 
 Volume ai-music-platform-v13_provider_state Created 
 Volume ai-music-platform-v13_prometheus_data Created 
 Volume ai-music-platform-v13_prometheus_data Created 
 Network ai-music-platform-v13_default Created 
 Network ai-music-platform-v13_default Created 
 Container ai-music-platform-v13-payment-emulator-1 Creating 
 Container ai-music-platform-v13-minio-1 Creating 
 Container ai-music-platform-v13-redis-1 Creating 
 Container ai-music-platform-v13-postgres-1 Creating 
 Container ai-music-platform-v13-provider-emulator-1 Creating 
 Container ai-music-platform-v13-provider-emulator-1 Created 
 Container ai-music-platform-v13-payment-emulator-1 Created 
 Container ai-music-platform-v13-minio-1 Created 
 Container ai-music-platform-v13-postgres-1 Created 
 Container ai-music-platform-v13-migrate-1 Creating 
 Container ai-music-platform-v13-redis-1 Created 
 Container ai-music-platform-v13-migrate-1 Created 
 Container ai-music-platform-v13-api-1 Creating 
 Container ai-music-platform-v13-worker-1 Creating 
 Container ai-music-platform-v13-api-1 Created 
 Container ai-music-platform-v13-admin-1 Creating 
 Container ai-music-platform-v13-web-1 Creating 
 Container ai-music-platform-v13-worker-1 Created 
 Container ai-music-platform-v13-prometheus-1 Creating 
 Container ai-music-platform-v13-web-1 Created 
 Container ai-music-platform-v13-admin-1 Created 
 Container ai-music-platform-v13-gateway-1 Creating 
 Container ai-music-platform-v13-prometheus-1 Created 
 Container ai-music-platform-v13-gateway-1 Created 
 Container ai-music-platform-v13-postgres-1 Starting 
 Container ai-music-platform-v13-provider-emulator-1 Starting 
 Container ai-music-platform-v13-payment-emulator-1 Starting 
 Container ai-music-platform-v13-redis-1 Starting 
 Container ai-music-platform-v13-minio-1 Starting 
 Container ai-music-platform-v13-postgres-1 Started 
 Container ai-music-platform-v13-postgres-1 Waiting 
 Container ai-music-platform-v13-redis-1 Started 
 Container ai-music-platform-v13-provider-emulator-1 Started 
 Container ai-music-platform-v13-minio-1 Started 
 Container ai-music-platform-v13-payment-emulator-1 Started 
 Container ai-music-platform-v13-postgres-1 Healthy 
 Container ai-music-platform-v13-migrate-1 Starting 
 Container ai-music-platform-v13-migrate-1 Started 
 Container ai-music-platform-v13-minio-1 Waiting 
 Container ai-music-platform-v13-provider-emulator-1 Waiting 
 Container ai-music-platform-v13-migrate-1 Waiting 
 Container ai-music-platform-v13-provider-emulator-1 Waiting 
 Container ai-music-platform-v13-payment-emulator-1 Waiting 
 Container ai-music-platform-v13-redis-1 Waiting 
 Container ai-music-platform-v13-migrate-1 Waiting 
 Container ai-music-platform-v13-redis-1 Waiting 
 Container ai-music-platform-v13-minio-1 Waiting 
 Container ai-music-platform-v13-redis-1 Healthy 
 Container ai-music-platform-v13-payment-emulator-1 Healthy 
 Container ai-music-platform-v13-provider-emulator-1 Healthy 
 Container ai-music-platform-v13-redis-1 Healthy 
 Container ai-music-platform-v13-minio-1 Healthy 
 Container ai-music-platform-v13-minio-1 Healthy 
 Container ai-music-platform-v13-provider-emulator-1 Healthy 
 Container ai-music-platform-v13-migrate-1 Exited 
 Container ai-music-platform-v13-migrate-1 Exited 
 Container ai-music-platform-v13-api-1 Starting 
 Container ai-music-platform-v13-worker-1 Starting 
 Container ai-music-platform-v13-api-1 Started 
 Container ai-music-platform-v13-api-1 Waiting 
 Container ai-music-platform-v13-api-1 Waiting 
 Container ai-music-platform-v13-worker-1 Started 
 Container ai-music-platform-v13-worker-1 Waiting 
 Container ai-music-platform-v13-api-1 Waiting 
 Container ai-music-platform-v13-worker-1 Healthy 
 Container ai-music-platform-v13-api-1 Healthy 
 Container ai-music-platform-v13-api-1 Healthy 
 Container ai-music-platform-v13-admin-1 Starting 
 Container ai-music-platform-v13-web-1 Starting 
 Container ai-music-platform-v13-api-1 Healthy 
 Container ai-music-platform-v13-prometheus-1 Starting 
 Container ai-music-platform-v13-web-1 Started 
 Container ai-music-platform-v13-prometheus-1 Started 
 Container ai-music-platform-v13-admin-1 Started 
 Container ai-music-platform-v13-api-1 Waiting 
 Container ai-music-platform-v13-web-1 Waiting 
 Container ai-music-platform-v13-admin-1 Waiting 
 Container ai-music-platform-v13-api-1 Healthy 
 Container ai-music-platform-v13-web-1 Healthy 
 Container ai-music-platform-v13-admin-1 Healthy 
 Container ai-music-platform-v13-gateway-1 Starting 
 Container ai-music-platform-v13-gateway-1 Started 
NAME                                        IMAGE                                      COMMAND                  SERVICE             CREATED          STATUS                                     PORTS
ai-music-platform-v13-admin-1               ai-music-platform-v13-admin                "/docker-entrypoint.…"   admin               18 seconds ago   Up 4 seconds (healthy)                     0.0.0.0:4174->80/tcp, [::]:4174->80/tcp
ai-music-platform-v13-api-1                 ai-music-platform-v13-api                  "sh -c 'exec uvicorn…"   api                 18 seconds ago   Up 9 seconds (healthy)                     0.0.0.0:8000->8000/tcp, [::]:8000->8000/tcp
ai-music-platform-v13-gateway-1             ai-music-platform-v13-gateway              "/docker-entrypoint.…"   gateway             18 seconds ago   Up Less than a second (health: starting)   0.0.0.0:18080->80/tcp, [::]:18080->80/tcp
ai-music-platform-v13-minio-1               minio/minio:RELEASE.2025-04-22T22-12-26Z   "/usr/bin/docker-ent…"   minio               18 seconds ago   Up 17 seconds (healthy)                    0.0.0.0:9000-9001->9000-9001/tcp, [::]:9000-9001->9000-9001/tcp
ai-music-platform-v13-payment-emulator-1    ai-music-platform-v13-payment-emulator     "uvicorn main:app --…"   payment-emulator    18 seconds ago   Up 17 seconds (healthy)                    0.0.0.0:8020->8020/tcp, [::]:8020->8020/tcp
ai-music-platform-v13-postgres-1            postgres:16-alpine                         "docker-entrypoint.s…"   postgres            18 seconds ago   Up 17 seconds (healthy)                    0.0.0.0:54329->5432/tcp, [::]:54329->5432/tcp
ai-music-platform-v13-prometheus-1          prom/prometheus:v3.5.0                     "/bin/prometheus --c…"   prometheus          18 seconds ago   Up 4 seconds                               0.0.0.0:19090->9090/tcp, [::]:19090->9090/tcp
ai-music-platform-v13-provider-emulator-1   ai-music-platform-v13-provider-emulator    "uvicorn main:app --…"   provider-emulator   18 seconds ago   Up 17 seconds (healthy)                    0.0.0.0:8010->8010/tcp, [::]:8010->8010/tcp
ai-music-platform-v13-redis-1               redis:7-alpine                             "docker-entrypoint.s…"   redis               18 seconds ago   Up 17 seconds (healthy)                    0.0.0.0:63799->6379/tcp, [::]:63799->6379/tcp
ai-music-platform-v13-web-1                 ai-music-platform-v13-web                  "/docker-entrypoint.…"   web                 18 seconds ago   Up 4 seconds (healthy)                     0.0.0.0:4173->80/tcp, [::]:4173->80/tcp
ai-music-platform-v13-worker-1              ai-music-platform-v13-worker               "python worker.py"       worker              18 seconds ago   Up 9 seconds (healthy)                     9101/tcp
clock skew vs host: api 0s
clock skew vs host: postgres 0s

STEP 2 RESULT: PASS

================================================================================
STEP 3: acceptance
TIMESTAMP: 2026-09-29T09:57:38Z
================================================================================

---- acceptance 输出（完整日志：release-evidence/acceptance-20260929T095633Z/step-3-acceptance.log） ----
time="2026-09-29T17:57:38+08:00" level=warning msg="Docker Compose requires buildx plugin to be installed"
 Image ai-music-platform-v13-acceptance Building 
 Image ai-music-platform-v13-acceptance Building 
Sending build context to Docker daemon  11.87kB
Step 1/7 : FROM python:3.12-slim
 ---> f77ac9e44ae9
Step 2/7 : WORKDIR /tests
 ---> Using cache
 ---> 155c824b6db4
Step 3/7 : COPY requirements.txt .
 ---> Using cache
 ---> e2aec4fdf0d7
Step 4/7 : RUN set -e; for attempt in 1 2 3 4 5; do       pip install --no-cache-dir --timeout 60 --retries 10 -r requirements.txt && exit 0;       echo "pip attempt $attempt failed, retrying"; sleep 15;     done; echo "pip install failed after 5 attempts"; exit 1
 ---> Using cache
 ---> 57597560f482
Step 5/7 : COPY test_acceptance.py test_commercial.py test_provider_contract.py test_payment_contract.py test_tenant_isolation.py ./
 ---> Using cache
 ---> f3e4a1e53177
Step 6/7 : CMD ["pytest","-q","-s","test_acceptance.py"]
 ---> Using cache
 ---> 2dc918c8b8af
Step 7/7 : LABEL com.docker.compose.image.builder=classic
 ---> Using cache
 ---> fce0644d4f0e
Successfully built fce0644d4f0e
Successfully tagged ai-music-platform-v13-acceptance:latest
 Image ai-music-platform-v13-acceptance Built 
 Image ai-music-platform-v13-acceptance Built 
 Container ai-music-platform-v13-worker-1 Running 
 Container ai-music-platform-v13-api-1 Running 
 Container ai-music-platform-v13-admin-1 Running 
 Container ai-music-platform-v13-web-1 Running 
 Container ai-music-platform-v13-redis-1 Running 
 Container ai-music-platform-v13-postgres-1 Running 
 Container ai-music-platform-v13-payment-emulator-1 Running 
 Container ai-music-platform-v13-provider-emulator-1 Running 
 Container ai-music-platform-v13-minio-1 Running 
 Container ai-music-platform-v13-postgres-1 Waiting 
 Container ai-music-platform-v13-postgres-1 Healthy 
 Container ai-music-platform-v13-migrate-1 Starting 
 Container ai-music-platform-v13-migrate-1 Started 
 Container ai-music-platform-v13-minio-1 Waiting 
 Container ai-music-platform-v13-migrate-1 Waiting 
 Container ai-music-platform-v13-redis-1 Waiting 
 Container ai-music-platform-v13-minio-1 Waiting 
 Container ai-music-platform-v13-provider-emulator-1 Waiting 
 Container ai-music-platform-v13-payment-emulator-1 Waiting 
 Container ai-music-platform-v13-migrate-1 Waiting 
 Container ai-music-platform-v13-provider-emulator-1 Waiting 
 Container ai-music-platform-v13-redis-1 Waiting 
 Container ai-music-platform-v13-redis-1 Healthy 
 Container ai-music-platform-v13-minio-1 Healthy 
 Container ai-music-platform-v13-migrate-1 Exited 
 Container ai-music-platform-v13-provider-emulator-1 Healthy 
 Container ai-music-platform-v13-redis-1 Healthy 
 Container ai-music-platform-v13-payment-emulator-1 Healthy 
 Container ai-music-platform-v13-minio-1 Healthy 
 Container ai-music-platform-v13-migrate-1 Exited 
 Container ai-music-platform-v13-provider-emulator-1 Healthy 
 Container ai-music-platform-v13-api-1 Waiting 
 Container ai-music-platform-v13-api-1 Waiting 
 Container ai-music-platform-v13-api-1 Healthy 
 Container ai-music-platform-v13-api-1 Healthy 
 Container ai-music-platform-v13-admin-1 Waiting 
 Container ai-music-platform-v13-api-1 Waiting 
 Container ai-music-platform-v13-worker-1 Waiting 
 Container ai-music-platform-v13-web-1 Waiting 
 Container ai-music-platform-v13-worker-1 Healthy 
 Container ai-music-platform-v13-web-1 Healthy 
 Container ai-music-platform-v13-api-1 Healthy 
 Container ai-music-platform-v13-admin-1 Healthy 
 Container ai-music-platform-v13-acceptance-run-73769b2db229 Creating 
 Container ai-music-platform-v13-acceptance-run-73769b2db229 Created 
...........
11 passed in 29.79s

STEP 3 RESULT: PASS

================================================================================
STEP 4: contract-test
TIMESTAMP: 2026-09-29T09:58:13Z
================================================================================

---- contract-test 输出（完整日志：release-evidence/acceptance-20260929T095633Z/step-4-contract-test.log） ----
time="2026-09-29T17:58:14+08:00" level=warning msg="Docker Compose requires buildx plugin to be installed"
 Image ai-music-platform-v13-acceptance Building 
 Image ai-music-platform-v13-acceptance Building 
Sending build context to Docker daemon  11.87kB
Step 1/7 : FROM python:3.12-slim
 ---> f77ac9e44ae9
Step 2/7 : WORKDIR /tests
 ---> Using cache
 ---> 155c824b6db4
Step 3/7 : COPY requirements.txt .
 ---> Using cache
 ---> e2aec4fdf0d7
Step 4/7 : RUN set -e; for attempt in 1 2 3 4 5; do       pip install --no-cache-dir --timeout 60 --retries 10 -r requirements.txt && exit 0;       echo "pip attempt $attempt failed, retrying"; sleep 15;     done; echo "pip install failed after 5 attempts"; exit 1
 ---> Using cache
 ---> 57597560f482
Step 5/7 : COPY test_acceptance.py test_commercial.py test_provider_contract.py test_payment_contract.py test_tenant_isolation.py ./
 ---> Using cache
 ---> f3e4a1e53177
Step 6/7 : CMD ["pytest","-q","-s","test_acceptance.py"]
 ---> Using cache
 ---> 2dc918c8b8af
Step 7/7 : LABEL com.docker.compose.image.builder=classic
 ---> Using cache
 ---> fce0644d4f0e
Successfully built fce0644d4f0e
Successfully tagged ai-music-platform-v13-acceptance:latest
 Image ai-music-platform-v13-acceptance Built 
 Image ai-music-platform-v13-acceptance Built 
 Container ai-music-platform-v13-redis-1 Running 
 Container ai-music-platform-v13-web-1 Running 
 Container ai-music-platform-v13-payment-emulator-1 Running 
 Container ai-music-platform-v13-provider-emulator-1 Running 
 Container ai-music-platform-v13-api-1 Running 
 Container ai-music-platform-v13-worker-1 Running 
 Container ai-music-platform-v13-postgres-1 Running 
 Container ai-music-platform-v13-admin-1 Running 
 Container ai-music-platform-v13-minio-1 Running 
 Container ai-music-platform-v13-postgres-1 Waiting 
 Container ai-music-platform-v13-postgres-1 Healthy 
 Container ai-music-platform-v13-migrate-1 Starting 
 Container ai-music-platform-v13-migrate-1 Started 
 Container ai-music-platform-v13-migrate-1 Waiting 
 Container ai-music-platform-v13-redis-1 Waiting 
 Container ai-music-platform-v13-minio-1 Waiting 
 Container ai-music-platform-v13-provider-emulator-1 Waiting 
 Container ai-music-platform-v13-provider-emulator-1 Waiting 
 Container ai-music-platform-v13-payment-emulator-1 Waiting 
 Container ai-music-platform-v13-migrate-1 Waiting 
 Container ai-music-platform-v13-redis-1 Waiting 
 Container ai-music-platform-v13-minio-1 Waiting 
 Container ai-music-platform-v13-provider-emulator-1 Healthy 
 Container ai-music-platform-v13-redis-1 Healthy 
 Container ai-music-platform-v13-redis-1 Healthy 
 Container ai-music-platform-v13-payment-emulator-1 Healthy 
 Container ai-music-platform-v13-provider-emulator-1 Healthy 
 Container ai-music-platform-v13-minio-1 Healthy 
 Container ai-music-platform-v13-minio-1 Healthy 
 Container ai-music-platform-v13-migrate-1 Exited 
 Container ai-music-platform-v13-migrate-1 Exited 
 Container ai-music-platform-v13-api-1 Waiting 
 Container ai-music-platform-v13-api-1 Waiting 
 Container ai-music-platform-v13-api-1 Healthy 
 Container ai-music-platform-v13-api-1 Healthy 
 Container ai-music-platform-v13-api-1 Waiting 
 Container ai-music-platform-v13-worker-1 Waiting 
 Container ai-music-platform-v13-web-1 Waiting 
 Container ai-music-platform-v13-admin-1 Waiting 
 Container ai-music-platform-v13-web-1 Healthy 
 Container ai-music-platform-v13-api-1 Healthy 
 Container ai-music-platform-v13-worker-1 Healthy 
 Container ai-music-platform-v13-admin-1 Healthy 
 Container ai-music-platform-v13-acceptance-run-c3b2ed09196e Creating 
 Container ai-music-platform-v13-acceptance-run-c3b2ed09196e Created 
.....                                                                    [100%]
5 passed in 5.02s

STEP 4 RESULT: PASS

================================================================================
STEP 5: chaos-worker-recovery
TIMESTAMP: 2026-09-29T09:58:25Z
================================================================================

---- chaos-worker-recovery 输出（完整日志：release-evidence/acceptance-20260929T095633Z/step-5-chaos-worker-recovery.log） ----
chaos preflight: exactly one claimant is polling the queue
0a886657-ed51-402d-a64f-e40199714ef7
 Container ai-music-platform-v13-worker-1 Killing 
 Container ai-music-platform-v13-worker-1 Killed 
 Container ai-music-platform-v13-redis-1 Running 
 Container ai-music-platform-v13-postgres-1 Running 
 Container ai-music-platform-v13-minio-1 Running 
 Container ai-music-platform-v13-provider-emulator-1 Running 
 Container ai-music-platform-v13-postgres-1 Waiting 
 Container ai-music-platform-v13-postgres-1 Healthy 
 Container ai-music-platform-v13-migrate-1 Starting 
 Container ai-music-platform-v13-migrate-1 Started 
 Container ai-music-platform-v13-minio-1 Waiting 
 Container ai-music-platform-v13-provider-emulator-1 Waiting 
 Container ai-music-platform-v13-migrate-1 Waiting 
 Container ai-music-platform-v13-redis-1 Waiting 
 Container ai-music-platform-v13-redis-1 Healthy 
 Container ai-music-platform-v13-provider-emulator-1 Healthy 
 Container ai-music-platform-v13-minio-1 Healthy 
 Container ai-music-platform-v13-migrate-1 Exited 
 Container ai-music-platform-v13-worker-1 Starting 
 Container ai-music-platform-v13-worker-1 Started 
worker lease recovery passed

STEP 5 RESULT: PASS

================================================================================
STEP 6: lease-contention
TIMESTAMP: 2026-09-29T09:59:10Z
================================================================================

---- lease-contention 输出（完整日志：release-evidence/acceptance-20260929T095633Z/step-6-lease-contention.log） ----
 Container ai-music-platform-v13-redis-1 Running 
 Container ai-music-platform-v13-provider-emulator-1 Running 
 Container ai-music-platform-v13-worker-1 Running 
 Container ai-music-platform-v13-minio-1 Running 
 Container ai-music-platform-v13-postgres-1 Running 
 Container ai-music-platform-v13-worker-b-1 Creating 
 Container ai-music-platform-v13-worker-b-1 Created 
 Container ai-music-platform-v13-postgres-1 Waiting 
 Container ai-music-platform-v13-postgres-1 Healthy 
 Container ai-music-platform-v13-migrate-1 Starting 
 Container ai-music-platform-v13-migrate-1 Started 
 Container ai-music-platform-v13-minio-1 Waiting 
 Container ai-music-platform-v13-provider-emulator-1 Waiting 
 Container ai-music-platform-v13-migrate-1 Waiting 
 Container ai-music-platform-v13-redis-1 Waiting 
 Container ai-music-platform-v13-minio-1 Waiting 
 Container ai-music-platform-v13-provider-emulator-1 Waiting 
 Container ai-music-platform-v13-migrate-1 Waiting 
 Container ai-music-platform-v13-redis-1 Waiting 
 Container ai-music-platform-v13-redis-1 Healthy 
 Container ai-music-platform-v13-provider-emulator-1 Healthy 
 Container ai-music-platform-v13-migrate-1 Exited 
 Container ai-music-platform-v13-minio-1 Healthy 
 Container ai-music-platform-v13-minio-1 Healthy 
 Container ai-music-platform-v13-migrate-1 Exited 
 Container ai-music-platform-v13-provider-emulator-1 Healthy 
 Container ai-music-platform-v13-redis-1 Healthy 
 Container ai-music-platform-v13-worker-b-1 Starting 
 Container ai-music-platform-v13-worker-b-1 Started 
contention preflight: worker's /app/worker.py == the tree (d541a1e909c9115b)
contention preflight: worker-b's /app/worker.py == the tree (d541a1e909c9115b)
submitted 8 jobs for contention
lease contention passed: 8 jobs, 2 workers, 160.0 credits settled once
metric credits_settled=160.0 jobs=8 workers=2

STEP 6 RESULT: PASS

================================================================================
STEP 7: restore-fidelity-snapshot
TIMESTAMP: 2026-09-29T09:59:53Z
================================================================================

---- restore-fidelity-snapshot 输出（完整日志：release-evidence/acceptance-20260929T095633Z/step-7-restore-fidelity-snapshot.log） ----
restore-fidelity snapshot written: 2 assets across 2 workspaces (buyer=0 assets/5 accounts, seller=2 assets/5 accounts)

STEP 7 RESULT: PASS

================================================================================
STEP 8: backup-restore
TIMESTAMP: 2026-09-29T09:59:55Z
================================================================================

---- backup-restore 输出（完整日志：release-evidence/acceptance-20260929T095633Z/step-8-backup-restore.log） ----
[0/4] Quiescing application writers for a cross-store local snapshot
[1/4] PostgreSQL consistent dump
[2/4] Private object storage snapshot
 ai-music-platform-v13-minio-1 Copying ai-music-platform-v13-minio-1:/data/. to backups/acceptance/minio-data
 ai-music-platform-v13-minio-1 Copied ai-music-platform-v13-minio-1:/data/. to backups/acceptance/minio-data
[3/4] Manifest
[4/4] Resuming application writers
 Container ai-music-platform-v13-minio-1 Running 
 Container ai-music-platform-v13-payment-emulator-1 Running 
 Container ai-music-platform-v13-provider-emulator-1 Running 
 Container ai-music-platform-v13-postgres-1 Running 
 Container ai-music-platform-v13-redis-1 Running 
 Container ai-music-platform-v13-postgres-1 Waiting 
 Container ai-music-platform-v13-postgres-1 Healthy 
 Container ai-music-platform-v13-migrate-1 Starting 
 Container ai-music-platform-v13-migrate-1 Started 
 Container ai-music-platform-v13-payment-emulator-1 Waiting 
 Container ai-music-platform-v13-migrate-1 Waiting 
 Container ai-music-platform-v13-redis-1 Waiting 
 Container ai-music-platform-v13-minio-1 Waiting 
 Container ai-music-platform-v13-minio-1 Waiting 
 Container ai-music-platform-v13-provider-emulator-1 Waiting 
 Container ai-music-platform-v13-provider-emulator-1 Waiting 
 Container ai-music-platform-v13-migrate-1 Waiting 
 Container ai-music-platform-v13-redis-1 Waiting 
 Container ai-music-platform-v13-provider-emulator-1 Healthy 
 Container ai-music-platform-v13-minio-1 Healthy 
 Container ai-music-platform-v13-migrate-1 Exited 
 Container ai-music-platform-v13-payment-emulator-1 Healthy 
 Container ai-music-platform-v13-redis-1 Healthy 
 Container ai-music-platform-v13-migrate-1 Exited 
 Container ai-music-platform-v13-minio-1 Healthy 
 Container ai-music-platform-v13-api-1 Starting 
 Container ai-music-platform-v13-redis-1 Healthy 
 Container ai-music-platform-v13-provider-emulator-1 Healthy 
 Container ai-music-platform-v13-worker-1 Starting 
 Container ai-music-platform-v13-api-1 Started 
 Container ai-music-platform-v13-worker-1 Started 
Backup created: backups/acceptance
./backup-manifest.json: OK
./minio-data/.minio.sys/buckets/.bloomcycle.bin/xl.meta: OK
./minio-data/.minio.sys/buckets/.usage-cache.bin.bkp/xl.meta: OK
./minio-data/.minio.sys/buckets/.usage-cache.bin/xl.meta: OK
./minio-data/.minio.sys/buckets/.usage.json/xl.meta: OK
./minio-data/.minio.sys/buckets/music-assets/.metadata.bin/xl.meta: OK
./minio-data/.minio.sys/buckets/music-assets/.usage-cache.bin.bkp/xl.meta: OK
./minio-data/.minio.sys/buckets/music-assets/.usage-cache.bin/xl.meta: OK
./minio-data/.minio.sys/config/config.json/xl.meta: OK
./minio-data/.minio.sys/config/iam/format.json/xl.meta: OK
./minio-data/.minio.sys/format.json: OK
./minio-data/.minio.sys/pool.bin/xl.meta: OK
./minio-data/.minio.sys/tmp/.trash/00fbe19e-157b-43ef-bb36-23a8b18232d4/xl.meta.bkp: OK
./minio-data/.minio.sys/tmp/.trash/019304c9-58e8-48ef-a158-80e563371ae3/xl.meta.bkp: OK
./minio-data/.minio.sys/tmp/.trash/01b94b6b-7a4e-4812-b96f-0a9619cc0d26/xl.meta.bkp: OK
./minio-data/.minio.sys/tmp/.trash/02309c4c-bb79-4422-a6ff-d250fbb59a89/xl.meta.bkp: OK
./minio-data/.minio.sys/tmp/.trash/042a6cc8-104c-489d-a144-492eef733237/part.1: OK
./minio-data/.minio.sys/tmp/.trash/042a6cc8-104c-489d-a144-492eef733237/xl.meta.bkp: OK
./minio-data/.minio.sys/tmp/.trash/042b5327-f2c2-41e5-8ad2-8e2cac22fc0b/xl.meta.bkp: OK
./minio-data/.minio.sys/tmp/.trash/057ff693-1b15-43c1-bd19-e0735a308ff3/xl.meta.bkp: OK
./minio-data/.minio.sys/tmp/.trash/05d32f95-4afe-47a2-a718-62c40b6fb356/xl.meta.bkp: OK
./minio-data/.minio.sys/tmp/.trash/05f38f91-54a7-4f97-a598-19e4c4115c8d/xl.meta.bkp: OK
./minio-data/.minio.sys/tmp/.trash/0661ecaa-1e96-4f2c-81eb-4160112338dc/xl.meta.bkp: OK
./minio-data/.minio.sys/tmp/.trash/069c22d5-6f25-4cdd-80eb-6a3dab019dbc/xl.meta.bkp: OK
./minio-data/.minio.sys/tmp/.trash/07e23d91-c2e8-435c-b2f6-c2978e72b654/xl.meta.bkp: OK
./minio-data/.minio.sys/tmp/.trash/0807b27e-dd68-42c3-b7f1-97ea7cb337f4/xl.meta.bkp: OK
./minio-data/.minio.sys/tmp/.trash/08273de3-4223-406a-b8aa-409b8a16589a/xl.meta.bkp: OK
./minio-data/.minio.sys/tmp/.trash/09cf7fe4-3d25-4c80-a08a-ffb0dd4360f7/xl.meta.bkp: OK
./minio-data/.minio.sys/tmp/.trash/0a7667ae-0795-418e-bc3a-f121e4bf63c6/xl.meta.bkp: OK
./minio-data/.minio.sys/tmp/.trash/0ae25524-50c5-4b9a-9299-c11a07ce96be/xl.meta.bkp: OK
./minio-data/.minio.sys/tmp/.trash/0c89dbe6-e59a-4928-9df3-8b1f6111aa28/xl.meta.bkp: OK
./minio-data/.minio.sys/tmp/.trash/0c960645-0b4a-4516-9ce8-0895e34037ac/xl.meta.bkp: OK
./minio-data/.minio.sys/tmp/.trash/0ca83157-adbe-4d2d-908e-f05428e906b5/xl.meta.bkp: OK
./minio-data/.minio.sys/tmp/.trash/0d3ab3eb-787e-4c77-954b-24521fe7c701/xl.meta.bkp: OK
./minio-data/.minio.sys/tmp/.trash/0d9b4448-d829-496b-8ea3-bc9a8cdb2682/xl.meta.bkp: OK
./minio-data/.minio.sys/tmp/.trash/0dc244cd-25ff-499f-8280-4fc2f2821a3c/xl.meta.bkp: OK
./minio-data/.minio.sys/tmp/.trash/0e299e67-7b60-4f2d-a588-c6c17d4f41ab/xl.meta.bkp: OK
./minio-data/.minio.sys/tmp/.trash/0e831ac0-6c97-4a7a-9a9a-ec8ac088053a/xl.meta.bkp: OK
./minio-data/.minio.sys/tmp/.trash/0f1be95c-8004-439f-90c6-8d7dfd4de980/xl.meta.bkp: OK
./minio-data/.minio.sys/tmp/.trash/0f2390c6-975d-47c2-a6ee-6f5d5defb6e9/xl.meta.bkp: OK
./minio-data/.minio.sys/tmp/.trash/0f6bbc2d-bc82-4776-934e-39733ea92432/xl.meta.bkp: OK
./minio-data/.minio.sys/tmp/.trash/100ada18-c2df-4b8d-9354-5a47424ba4dc/xl.meta.bkp: OK
./minio-data/.minio.sys/tmp/.trash/1069d936-6d90-444e-9819-eef3e351f2d4/part.1: OK
./minio-data/.minio.sys/tmp/.trash/1069d936-6d90-444e-9819-eef3e351f2d4/xl.meta.bkp: OK
./minio-data/.minio.sys/tmp/.trash/10c22c81-7897-4387-a360-7f6d117e0b09/xl.meta.bkp: OK
./minio-data/.minio.sys/tmp/.trash/11d44200-05ae-4840-ab0e-6c7f69673725/xl.meta.bkp: OK
./minio-data/.minio.sys/tmp/.trash/12dcec0b-20df-4509-9831-b35eeb5c2606/xl.meta.bkp: OK
./minio-data/.minio.sys/tmp/.trash/132b9c96-f3ef-4ec6-8ed1-b28ccc05c5f7/xl.meta.bkp: OK
./minio-data/.minio.sys/tmp/.trash/13c23ae3-d205-4380-9f4e-be9950380988/part.1: OK
./minio-data/.minio.sys/tmp/.trash/13c23ae3-d205-4380-9f4e-be9950380988/xl.meta.bkp: OK
./minio-data/.minio.sys/tmp/.trash/14d61bff-8853-4f0e-a0c2-15ed07895e66/xl.meta.bkp: OK
./minio-data/.minio.sys/tmp/.trash/14f42113-4a1d-4266-a41c-3005f041b5ba/xl.meta.bkp: OK
./minio-data/.minio.sys/tmp/.trash/15b55871-3da6-46b2-a52c-2045702fbac6/xl.meta.bkp: OK
./minio-data/.minio.sys/tmp/.trash/16cca9e8-0bcc-4d7b-9e1c-3a003db77410/xl.meta.bkp: OK
./minio-data/.minio.sys/tmp/.trash/174827fa-90bb-4344-856e-b5a893a3fd25/xl.meta.bkp: OK
./minio-data/.minio.sys/tmp/.trash/1852d742-cceb-4fdd-addc-c1de3276b333/xl.meta.bkp: OK
./minio-data/.minio.sys/tmp/.trash/195585ae-1372-4022-a5a6-c0dcc3ef049b/xl.meta.bkp: OK
./minio-data/.minio.sys/tmp/.trash/1a7ea6cd-8378-47a8-8480-180b7e984962/xl.meta.bkp: OK
./minio-data/.minio.sys/tmp/.trash/1b2fb885-be75-4930-9495-3e3ffa88789f/xl.meta.bkp: OK
./minio-data/.minio.sys/tmp/.trash/1b83ad11-b81e-4b11-8d02-82eba67e6382/xl.meta.bkp: OK
./minio-data/.minio.sys/tmp/.trash/1bad24c8-003a-4f40-bbb4-d7500d828905/part.1: OK
./minio-data/.minio.sys/tmp/.trash/1bad24c8-003a-4f40-bbb4-d7500d828905/xl.meta.bkp: OK
./minio-data/.minio.sys/tmp/.trash/1c97a735-5465-44ee-9dc5-7f81241923c4/xl.meta.bkp: OK
./minio-data/.minio.sys/tmp/.trash/1c97c42b-80e9-4df5-95be-16bb388fed5a/xl.meta.bkp: OK
./minio-data/.minio.sys/tmp/.trash/1cacc29f-504d-4d9b-acb0-cf48e21dbb3e/xl.meta.bkp: OK
./minio-data/.minio.sys/tmp/.trash/1d0b030a-0b24-4501-9933-6577e315ef35/xl.meta.bkp: OK
./minio-data/.minio.sys/tmp/.trash/1d694259-eabe-4617-944e-24b59a479a2f/xl.meta.bkp: OK
./minio-data/.minio.sys/tmp/.trash/1ed5a328-0039-4f28-97a2-15c51d288789/xl.meta.bkp: OK
./minio-data/.minio.sys/tmp/.trash/1f583471-3424-4272-883e-5f370d98fe41/xl.meta.bkp: OK
./minio-data/.minio.sys/tmp/.trash/1f8cf4dd-b087-412b-b047-452a4bc2e497/xl.meta.bkp: OK
./minio-data/.minio.sys/tmp/.trash/1fa97d24-cd43-448a-93a7-c7f1f44eb96c/xl.meta.bkp: OK
./minio-data/.minio.sys/tmp/.trash/1fdc3223-2454-4e01-965d-ed3ceaa6ca81/xl.meta.bkp: OK
./minio-data/.minio.sys/tmp/.trash/2034bddc-e2ae-4ff4-b00d-0cfff33cc6de/xl.meta.bkp: OK
./minio-data/.minio.sys/tmp/.trash/2084ef95-ad60-4b1e-8701-54d12a0dff79/xl.meta.bkp: OK
./minio-data/.minio.sys/tmp/.trash/21b2abc5-2e44-49c6-82f1-ba9c9d788e16/xl.meta.bkp: OK
./minio-data/.minio.sys/tmp/.trash/22436d6f-8ecd-4bc9-8819-7caa2fc54540/xl.meta.bkp: OK
./minio-data/.minio.sys/tmp/.trash/226e1fee-6d40-482a-be12-56f67c4bbe04/part.1: OK
./minio-data/.minio.sys/tmp/.trash/226e1fee-6d40-482a-be12-56f67c4bbe04/xl.meta.bkp: OK
./minio-data/.minio.sys/tmp/.trash/227d869d-270b-4458-b7d2-94dc4c3e02b5/xl.meta.bkp: OK
./minio-data/.minio.sys/tmp/.trash/22eca8f6-2178-4490-a8e2-9fbeb0cbd2d1/xl.meta.bkp: OK
./minio-data/.minio.sys/tmp/.trash/23859d07-7205-4717-adcf-7f88be7216bb/xl.meta.bkp: OK
./minio-data/.minio.sys/tmp/.trash/23ed6429-26d9-4824-89cf-53fd6ce79ab5/xl.meta.bkp: OK
./minio-data/.minio.sys/tmp/.trash/2444ff8f-0721-406b-afe4-6b14af3ec6fb/xl.meta.bkp: OK
./minio-data/.minio.sys/tmp/.trash/25bda5c8-6d65-44f6-96d0-9eafae163ca0/xl.meta.bkp: OK
./minio-data/.minio.sys/tmp/.trash/260d5b85-a6d8-4402-a96e-8ed1a90a8810/xl.meta.bkp: OK
./minio-data/.minio.sys/tmp/.trash/26211c98-0b8a-4244-8b86-2e2591a41e56/xl.meta.bkp: OK
./minio-data/.minio.sys/tmp/.trash/2660b862-5e23-4623-a062-b1e1d5d69aa0/xl.meta.bkp: OK
./minio-data/.minio.sys/tmp/.trash/28649e34-4843-49f7-b290-d744e1bacc5e/xl.meta.bkp: OK
./minio-data/.minio.sys/tmp/.trash/287597dc-12c4-499e-b621-7d604d49469e/xl.meta.bkp: OK
./minio-data/.minio.sys/tmp/.trash/28865863-3f92-44c2-879c-6158a0c2a3b4/part.1: OK
./minio-data/.minio.sys/tmp/.trash/28865863-3f92-44c2-879c-6158a0c2a3b4/xl.meta.bkp: OK
./minio-data/.minio.sys/tmp/.trash/28feca18-2fd0-4c65-8fb4-9dd8352a7fa9/xl.meta.bkp: OK
./minio-data/.minio.sys/tmp/.trash/29a208b7-bbbf-4eff-99ad-36c0b6c22ad4/xl.meta.bkp: OK
./minio-data/.minio.sys/tmp/.trash/29c255ed-e91f-429b-ada5-25433119a2a0/xl.meta.bkp: OK
./minio-data/.minio.sys/tmp/.trash/2a3f170f-9c54-4dc4-840f-88d9b0094f18/xl.meta.bkp: OK
./minio-data/.minio.sys/tmp/.trash/2b350ef0-aabf-465c-a7f9-5f40616b85bc/xl.meta.bkp: OK
./minio-data/.minio.sys/tmp/.trash/2b361d7f-0d84-4780-8533-2473683d7eb8/xl.meta.bkp: OK
./minio-data/.minio.sys/tmp/.trash/2b44f5fa-58af-4c10-a71a-1f0eb43f3c0b/xl.meta.bkp: OK
./minio-data/.minio.sys/tmp/.trash/2bb71c47-3a05-4e9e-86bb-31f93c06e4ab/xl.meta.bkp: OK
./minio-data/.minio.sys/tmp/.trash/2c11ca7d-1859-48a1-a36c-f8c1608976ac/xl.meta.bkp: OK
./minio-data/.minio.sys/tmp/.trash/2c19f5af-960a-4d25-89c2-c8b46fd39d21/xl.meta.bkp: OK
./minio-data/.minio.sys/tmp/.trash/2c37ebf3-c764-4f8c-8e15-c2ec68e4615b/xl.meta.bkp: OK
./minio-data/.minio.sys/tmp/.trash/2d267246-ccf3-473b-a781-81e295b14d1b/xl.meta.bkp: OK
./minio-data/.minio.sys/tmp/.trash/2dd1c5b1-ed9f-4e32-bd61-b60d35457317/xl.meta.bkp: OK
./minio-data/.minio.sys/tmp/.trash/2ff95bc4-cdfc-46c4-9c10-7338b5dd1ec2/xl.meta.bkp: OK
./minio-data/.minio.sys/tmp/.trash/2ffba061-78d6-4fe0-abf4-0466f9e17d3c/xl.meta.bkp: OK
./minio-data/.minio.sys/tmp/.trash/300da0c7-a08c-4c5c-9456-4451f61e81f8/xl.meta.bkp: OK
./minio-data/.minio.sys/tmp/.trash/30b03ab6-1487-4e16-a92f-4f9c4f99b7c4/xl.meta.bkp: OK
./minio-data/.minio.sys/tmp/.trash/30d1e80f-abec-4e0a-8302-429f2ee94a66/xl.meta.bkp: OK
./minio-data/.minio.sys/tmp/.trash/31e4b2ac-1007-4ebd-8a58-d011e0758592/xl.meta.bkp: OK
./minio-data/.minio.sys/tmp/.trash/31fbc1d8-30dd-4619-87c0-f9069d4789ad/xl.meta.bkp: OK
./minio-data/.minio.sys/tmp/.trash/330218de-5a70-43e2-968e-6c867af28e15/xl.meta.bkp: OK
./minio-data/.minio.sys/tmp/.trash/33d57b22-8d25-4e9d-96d6-8025fcb60f43/xl.meta.bkp: OK
./minio-data/.minio.sys/tmp/.trash/33dcec07-4ef4-45c8-b164-0aa45afe42cc/xl.meta.bkp: OK
./minio-data/.minio.sys/tmp/.trash/34ff84f3-07ed-41fa-8f4f-5a1d715388e6/xl.meta.bkp: OK
./minio-data/.minio.sys/tmp/.trash/3564f39d-5aac-4ba2-95a6-c2ea9496215f/xl.meta.bkp: OK
./minio-data/.minio.sys/tmp/.trash/36bb28e2-0932-4abe-9a03-b7131d015a04/xl.meta.bkp: OK
./minio-data/.minio.sys/tmp/.trash/3744d66f-564b-423a-93f1-8c050936c687/xl.meta.bkp: OK
./minio-data/.minio.sys/tmp/.trash/37dcf1ee-6ea6-4fa3-9cdf-eb2b5bba1732/xl.meta.bkp: OK
./minio-data/.minio.sys/tmp/.trash/381633d4-07e6-4cf4-a1e2-906806fd5cc6/xl.meta.bkp: OK
./minio-data/.minio.sys/tmp/.trash/386975b0-a99d-4dfe-ae53-82f5d75bcf81/xl.meta.bkp: OK
./minio-data/.minio.sys/tmp/.trash/388f437d-fd12-4661-b4d5-1ce66784a36d/xl.meta.bkp: OK
./minio-data/.minio.sys/tmp/.trash/393d8642-bde4-47e4-ac90-0f07d4ffad0f/xl.meta.bkp: OK
./minio-data/.minio.sys/tmp/.trash/396da3b0-456d-4cc6-8efe-d6c930c3a0e9/xl.meta.bkp: OK
./minio-data/.minio.sys/tmp/.trash/3a6ad30d-6732-438e-b45b-2f45c6585c59/xl.meta.bkp: OK
./minio-data/.minio.sys/tmp/.trash/3ac4a352-3cda-4fc2-8100-d939500a58b9/xl.meta.bkp: OK
./minio-data/.minio.sys/tmp/.trash/3b11db19-4b97-4af5-b643-8dbca138c150/xl.meta.bkp: OK
./minio-data/.minio.sys/tmp/.trash/3b248514-cb08-4144-a798-634d6d7bab4e/part.1: OK
./minio-data/.minio.sys/tmp/.trash/3b248514-cb08-4144-a798-634d6d7bab4e/xl.meta.bkp: OK
./minio-data/.minio.sys/tmp/.trash/3b4078f2-490d-49a7-b985-de00eefb7715/xl.meta.bkp: OK
./minio-data/.minio.sys/tmp/.trash/3b597a02-8733-41b0-a72c-9991eff689b8/xl.meta.bkp: OK
./minio-data/.minio.sys/tmp/.trash/3bf6352a-160a-41a1-9ca9-c988d86c0663/xl.meta.bkp: OK
./minio-data/.minio.sys/tmp/.trash/3c03f6b5-c3cd-4103-bd1f-8d6841e6d0f5/part.1: OK
./minio-data/.minio.sys/tmp/.trash/3c03f6b5-c3cd-4103-bd1f-8d6841e6d0f5/xl.meta.bkp: OK
./minio-data/.minio.sys/tmp/.trash/3c24f4c5-ef12-4261-bad5-e1fa7e95772f/xl.meta.bkp: OK
./minio-data/.minio.sys/tmp/.trash/3cde4348-1df9-4e99-a551-abd7bc123817/xl.meta.bkp: OK
./minio-data/.minio.sys/tmp/.trash/3d816ce0-7f76-422c-86e1-8bff6efa0ec4/xl.meta.bkp: OK
./minio-data/.minio.sys/tmp/.trash/3db32327-d8b0-4107-a9ed-d1bce7c00393/xl.meta.bkp: OK
./minio-data/.minio.sys/tmp/.trash/3f02d7bf-d795-47a9-9414-9f8fa626babf/xl.meta.bkp: OK
./minio-data/.minio.sys/tmp/.trash/3fc7e3d8-9467-4aad-8e4b-18575bfcb1b1/xl.meta.bkp: OK
./minio-data/.minio.sys/tmp/.trash/409dd357-5d55-4337-9a84-763b941241f9/xl.meta.bkp: OK
./minio-data/.minio.sys/tmp/.trash/40a13b7f-9418-45e7-a80e-e57aeb09aaca/xl.meta.bkp: OK
./minio-data/.minio.sys/tmp/.trash/4139f5cf-da15-4be6-a059-a146c750942b/xl.meta.bkp: OK
./minio-data/.minio.sys/tmp/.trash/416b560a-1ffe-473f-95c8-aa8b13d97bfa/xl.meta.bkp: OK
./minio-data/.minio.sys/tmp/.trash/4339961b-74ae-42bf-8a92-11031feaa906/xl.meta.bkp: OK
./minio-data/.minio.sys/tmp/.trash/452de9cc-d12e-4088-bd1c-cac5411d9865/xl.meta.bkp: OK
./minio-data/.minio.sys/tmp/.trash/45b94101-9892-4dbd-a145-240af88121cd/xl.meta.bkp: OK
./minio-data/.minio.sys/tmp/.trash/45ce566d-700a-4210-89f0-efaab05b8f82/xl.meta.bkp: OK
./minio-data/.minio.sys/tmp/.trash/473026b5-c645-43b6-b80c-2f69fa80502a/xl.meta.bkp: OK
./minio-data/.minio.sys/tmp/.trash/47f7d45d-d692-4614-96e2-afe7825670f1/xl.meta.bkp: OK
./minio-data/.minio.sys/tmp/.trash/4895ad12-6c37-4f92-8b6b-b1207f60ccd2/xl.meta.bkp: OK
./minio-data/.minio.sys/tmp/.trash/48fd6244-adb9-4ff3-872a-d545a7eba053/xl.meta.bkp: OK
./minio-data/.minio.sys/tmp/.trash/496a5b0a-7638-456b-b5ae-72e64b181c5f/xl.meta.bkp: OK
./minio-data/.minio.sys/tmp/.trash/4a629ed1-ee37-47d9-a347-b75611555af7/xl.meta.bkp: OK
./minio-data/.minio.sys/tmp/.trash/4b8f4114-b74b-406b-be33-03db198c443d/xl.meta.bkp: OK
./minio-data/.minio.sys/tmp/.trash/4bdeb939-93aa-444d-b866-9842acf367ee/xl.meta.bkp: OK
./minio-data/.minio.sys/tmp/.trash/4c1c0c22-b39a-4e64-8589-c5e6a70f2983/xl.meta.bkp: OK
./minio-data/.minio.sys/tmp/.trash/4cdac782-b366-430d-9ba7-13eb7e14d61e/xl.meta.bkp: OK
./minio-data/.minio.sys/tmp/.trash/4e6a0508-8151-42fd-835d-5dec71961708/xl.meta.bkp: OK
./minio-data/.minio.sys/tmp/.trash/4e71dcb4-5d8b-4080-b844-43a46a165903/xl.meta.bkp: OK
./minio-data/.minio.sys/tmp/.trash/4edb4b58-e52e-4296-8c57-b3cc86e6809f/xl.meta.bkp: OK
./minio-data/.minio.sys/tmp/.trash/4f3930c3-10cb-46be-b68b-cb92b2342e6b/xl.meta.bkp: OK
./minio-data/.minio.sys/tmp/.trash/4fb778b9-8f2d-40a6-8b0b-82adef073f33/xl.meta.bkp: OK
./minio-data/.minio.sys/tmp/.trash/4fc970f1-b205-4ab7-9e3c-5662401489a4/xl.meta.bkp: OK
./minio-data/.minio.sys/tmp/.trash/4fe81240-9c70-457a-a2ac-4a1bcf2422ac/xl.meta.bkp: OK
./minio-data/.minio.sys/tmp/.trash/515a8e0e-1e84-4b1f-8b3b-4ee60ecf3446/xl.meta.bkp: OK
./minio-data/.minio.sys/tmp/.trash/51cec790-d7fb-40ce-bb0f-fd3da6df4162/part.1: OK
./minio-data/.minio.sys/tmp/.trash/51cec790-d7fb-40ce-bb0f-fd3da6df4162/xl.meta.bkp: OK
./minio-data/.minio.sys/tmp/.trash/51e01be1-ffbc-47ab-937a-62e10ddf8c99/xl.meta.bkp: OK
./minio-data/.minio.sys/tmp/.trash/53b3fb57-60c7-4d2d-bcdb-b555a4ba2283/xl.meta.bkp: OK
./minio-data/.minio.sys/tmp/.trash/53bceace-ccca-4287-af0b-f2c954d93b78/xl.meta.bkp: OK
./minio-data/.minio.sys/tmp/.trash/53c49347-1048-461c-b676-6c6726cc3c16/part.1: OK
./minio-data/.minio.sys/tmp/.trash/53c49347-1048-461c-b676-6c6726cc3c16/xl.meta.bkp: OK
./minio-data/.minio.sys/tmp/.trash/548c3996-9e78-4828-8b36-e65a5894363c/part.1: OK
./minio-data/.minio.sys/tmp/.trash/548c3996-9e78-4828-8b36-e65a5894363c/xl.meta.bkp: OK
./minio-data/.minio.sys/tmp/.trash/54f30be9-5021-4499-8042-3cee3a29f60d/xl.meta.bkp: OK
./minio-data/.minio.sys/tmp/.trash/55515ce2-19d5-4684-aeca-6292741cbf7e/part.1: OK
./minio-data/.minio.sys/tmp/.trash/55515ce2-19d5-4684-aeca-6292741cbf7e/xl.meta.bkp: OK
./minio-data/.minio.sys/tmp/.trash/5577edf6-d091-4403-831b-41ba1d16f948/xl.meta.bkp: OK
./minio-data/.minio.sys/tmp/.trash/56b44af2-c436-4a08-8725-7721acdf02b6/xl.meta.bkp: OK
./minio-data/.minio.sys/tmp/.trash/57ceff1b-ef68-44b6-9bbd-2e70e16a0a10/xl.meta.bkp: OK
./minio-data/.minio.sys/tmp/.trash/584adfa4-dc23-467c-b16a-0e86361c9d9e/xl.meta.bkp: OK
./minio-data/.minio.sys/tmp/.trash/589a5c65-27a7-4403-8f01-24fbf173b773/xl.meta.bkp: OK
./minio-data/.minio.sys/tmp/.trash/5945dcb8-2083-4755-ad96-e3b5c6e24c9f/xl.meta.bkp: OK
./minio-data/.minio.sys/tmp/.trash/596b1599-170e-4587-b5d2-028a61476507/xl.meta.bkp: OK
./minio-data/.minio.sys/tmp/.trash/59cb6b4e-3049-457c-8212-eec10051352a/xl.meta.bkp: OK
./minio-data/.minio.sys/tmp/.trash/59fe5750-d871-422f-8751-7d892a520d97/xl.meta.bkp: OK
./minio-data/.minio.sys/tmp/.trash/5ad90590-a89d-47f3-9f90-4af133360676/xl.meta.bkp: OK
./minio-data/.minio.sys/tmp/.trash/5d55639c-28f9-4cb6-ba4a-6bc1dd3609e6/xl.meta.bkp: OK
./minio-data/.minio.sys/tmp/.trash/5d587faa-b326-4eb7-81e7-f9ecf732901e/xl.meta.bkp: OK
./minio-data/.minio.sys/tmp/.trash/5dd850b1-23bb-441e-8747-b999c935cb13/xl.meta.bkp: OK
./minio-data/.minio.sys/tmp/.trash/5df51b90-b5a7-4509-8de6-25a903c1b2d2/xl.meta.bkp: OK
./minio-data/.minio.sys/tmp/.trash/5e7bceb4-7d83-4947-8503-3a81adba5e6b/xl.meta.bkp: OK
./minio-data/.minio.sys/tmp/.trash/5e94ff40-1a42-4344-aff3-f4c56b346bc7/part.1: OK
./minio-data/.minio.sys/tmp/.trash/5e94ff40-1a42-4344-aff3-f4c56b346bc7/xl.meta.bkp: OK
./minio-data/.minio.sys/tmp/.trash/5ed1d280-0e73-41d3-85f9-97143612c23e/part.1: OK
./minio-data/.minio.sys/tmp/.trash/5ed1d280-0e73-41d3-85f9-97143612c23e/xl.meta.bkp: OK
./minio-data/.minio.sys/tmp/.trash/5f99e103-6319-4343-8806-3117c32b3914/xl.meta.bkp: OK
./minio-data/.minio.sys/tmp/.trash/607686cb-8195-443b-bd72-b36a2fb70238/xl.meta.bkp: OK
./minio-data/.minio.sys/tmp/.trash/60b4c76a-157a-4589-862e-6485d47d4dfa/xl.meta.bkp: OK
./minio-data/.minio.sys/tmp/.trash/6138dce2-8f7b-499f-9ae6-fbeda7f5fe27/xl.meta.bkp: OK
./minio-data/.minio.sys/tmp/.trash/614de31d-1791-4ffc-b846-6b7b7b2656fe/xl.meta.bkp: OK
./minio-data/.minio.sys/tmp/.trash/618f07cf-0de4-4850-972d-36cc17bd7110/part.1: OK
./minio-data/.minio.sys/tmp/.trash/618f07cf-0de4-4850-972d-36cc17bd7110/xl.meta.bkp: OK
./minio-data/.minio.sys/tmp/.trash/6197d135-d632-43d6-bad5-c32d89098465/part.1: OK
./minio-data/.minio.sys/tmp/.trash/6197d135-d632-43d6-bad5-c32d89098465/xl.meta.bkp: OK
./minio-data/.minio.sys/tmp/.trash/623194f6-0a07-433b-8412-9f3a039dbb05/xl.meta.bkp: OK
./minio-data/.minio.sys/tmp/.trash/6233283a-b09f-4338-971b-dbd11844793a/xl.meta.bkp: OK
./minio-data/.minio.sys/tmp/.trash/62595612-1586-4fa3-a41e-5cb292e32c12/xl.meta.bkp: OK
./minio-data/.minio.sys/tmp/.trash/63089ffe-713e-4864-902b-cc7286f604f6/xl.meta.bkp: OK
./minio-data/.minio.sys/tmp/.trash/6340ad10-0174-4c66-88f4-a0bb9e0b08a2/xl.meta.bkp: OK
./minio-data/.minio.sys/tmp/.trash/637cc65c-d1ef-4952-90a7-3e82baaa2d45/xl.meta.bkp: OK
./minio-data/.minio.sys/tmp/.trash/63f21385-078d-4613-aa03-039ceafdff55/xl.meta.bkp: OK
./minio-data/.minio.sys/tmp/.trash/6577432d-b899-4198-a3fa-cbf0db57d475/xl.meta.bkp: OK
./minio-data/.minio.sys/tmp/.trash/65c9992f-0d43-4ccf-adff-8aa8fd6c2a6a/xl.meta.bkp: OK
./minio-data/.minio.sys/tmp/.trash/65f8b76c-d6e3-4079-a199-d0df904352df/xl.meta.bkp: OK
./minio-data/.minio.sys/tmp/.trash/66336c33-bfbb-4dcf-b2ce-4309fc94d325/xl.meta.bkp: OK
./minio-data/.minio.sys/tmp/.trash/67275790-3cc4-4c42-a152-3e0da29f8837/xl.meta.bkp: OK
./minio-data/.minio.sys/tmp/.trash/679a2405-28af-41db-b43f-a61aa8d48e25/xl.meta.bkp: OK
./minio-data/.minio.sys/tmp/.trash/67dd4ca4-e82b-46ad-a819-29d88d25a24d/xl.meta.bkp: OK
./minio-data/.minio.sys/tmp/.trash/68ba80e5-14a8-4951-a7d4-303812ca11d0/xl.meta.bkp: OK
./minio-data/.minio.sys/tmp/.trash/68e4fb13-32ab-4d6a-b33c-7f7f23c54fdb/xl.meta.bkp: OK
./minio-data/.minio.sys/tmp/.trash/6abd4a40-018f-4b31-bf37-9611af87daf4/xl.meta.bkp: OK
./minio-data/.minio.sys/tmp/.trash/6b87edbc-e33e-4001-b720-75d28e5a6e25/xl.meta.bkp: OK
./minio-data/.minio.sys/tmp/.trash/6cf53361-bf72-44e7-9554-286cb45bfde3/xl.meta.bkp: OK
./minio-data/.minio.sys/tmp/.trash/6d553a1a-c792-48c3-bc0d-5484965b40bb/xl.meta.bkp: OK
./minio-data/.minio.sys/tmp/.trash/6de059bb-2224-4258-a54a-a684fceeaf73/xl.meta.bkp: OK
./minio-data/.minio.sys/tmp/.trash/6e543b3f-7799-4216-bf11-d05b264e75e4/xl.meta.bkp: OK
./minio-data/.minio.sys/tmp/.trash/6f7e3641-c87a-46ae-ac95-96f90d5fd700/xl.meta.bkp: OK
./minio-data/.minio.sys/tmp/.trash/70dd9b57-7da2-44d7-b8e5-d7986abcb389/xl.meta.bkp: OK
./minio-data/.minio.sys/tmp/.trash/70f88742-e599-4231-a271-8ba30e81cd88/xl.meta.bkp: OK
./minio-data/.minio.sys/tmp/.trash/718e7083-0a4a-4787-bd73-6968f7cb4af0/xl.meta.bkp: OK
./minio-data/.minio.sys/tmp/.trash/723f6306-244b-4f6f-b470-fa836135219b/xl.meta.bkp: OK
./minio-data/.minio.sys/tmp/.trash/72936b3a-4d02-4d33-87c8-73b95e038477/xl.meta.bkp: OK
./minio-data/.minio.sys/tmp/.trash/72cf253e-9f88-493a-8e5b-b368c7694c50/xl.meta.bkp: OK
./minio-data/.minio.sys/tmp/.trash/72d1d0ec-4f30-4802-ad0f-6eaf3d75afcb/part.1: OK
./minio-data/.minio.sys/tmp/.trash/72d1d0ec-4f30-4802-ad0f-6eaf3d75afcb/xl.meta.bkp: OK
./minio-data/.minio.sys/tmp/.trash/72ee3c7f-c7fd-45aa-a60d-7c233ff5f539/xl.meta.bkp: OK
./minio-data/.minio.sys/tmp/.trash/744fb56a-7b3f-49fd-a919-23fdb2d6e9b7/part.1: OK
./minio-data/.minio.sys/tmp/.trash/744fb56a-7b3f-49fd-a919-23fdb2d6e9b7/xl.meta.bkp: OK
./minio-data/.minio.sys/tmp/.trash/75935bb3-ecce-41dc-93f7-bd6e725e4d94/xl.meta.bkp: OK
./minio-data/.minio.sys/tmp/.trash/75aef9ef-d95e-4288-929e-be8cd33c5519/xl.meta.bkp: OK
./minio-data/.minio.sys/tmp/.trash/76f8847c-de12-4415-8444-2ac8335b6bf4/xl.meta.bkp: OK
./minio-data/.minio.sys/tmp/.trash/7758edcf-e31c-43e9-9ea1-08eed8276669/xl.meta.bkp: OK
./minio-data/.minio.sys/tmp/.trash/7783c3a0-a89c-425e-bfed-9023fa526458/xl.meta.bkp: OK
./minio-data/.minio.sys/tmp/.trash/77911d2c-8559-4cef-9093-f9dc46a2b76c/xl.meta.bkp: OK
./minio-data/.minio.sys/tmp/.trash/77b83e26-d69e-46e7-8852-b4fdf0702d59/xl.meta.bkp: OK
./minio-data/.minio.sys/tmp/.trash/77b8f7f7-4c8a-4d1c-ad5f-a876873b12e3/xl.meta.bkp: OK
./minio-data/.minio.sys/tmp/.trash/77ccf559-80ca-4eca-bd9a-4e093f657bdd/xl.meta.bkp: OK
./minio-data/.minio.sys/tmp/.trash/7a2cd64b-bdbf-404a-afb8-0adbb65deb2c/xl.meta.bkp: OK
./minio-data/.minio.sys/tmp/.trash/7a42e928-0adc-49b6-a46f-f13cdcbb4e4c/xl.meta.bkp: OK
./minio-data/.minio.sys/tmp/.trash/7a9aa01a-9a35-44cd-8381-0cf3de2aaa3f/xl.meta.bkp: OK
./minio-data/.minio.sys/tmp/.trash/7b1834e2-124d-47ec-88fc-896b16a7035f/part.1: OK
./minio-data/.minio.sys/tmp/.trash/7b1834e2-124d-47ec-88fc-896b16a7035f/xl.meta.bkp: OK
./minio-data/.minio.sys/tmp/.trash/7b235ff4-1303-4c8a-ad49-8e52f0be2694/xl.meta.bkp: OK
./minio-data/.minio.sys/tmp/.trash/7b414d95-9d2f-4da0-b333-00007fbacb2a/xl.meta.bkp: OK
./minio-data/.minio.sys/tmp/.trash/7b92f18d-0dab-4c82-867a-e59fbacffb7c/xl.meta.bkp: OK
./minio-data/.minio.sys/tmp/.trash/7bc1abd4-2a86-47df-ba9f-576137bcf9da/xl.meta.bkp: OK
./minio-data/.minio.sys/tmp/.trash/7cb7e13c-ef61-40cf-a033-3e8bf9b20f6e/xl.meta.bkp: OK
./minio-data/.minio.sys/tmp/.trash/7d17e2d4-cf1d-47b2-911a-a70936dbf12f/xl.meta.bkp: OK
./minio-data/.minio.sys/tmp/.trash/7d3d7a9c-c61e-4695-b3ba-8f49fcd56cb5/xl.meta.bkp: OK
./minio-data/.minio.sys/tmp/.trash/7d7014ee-93a1-48cc-99cd-acf1d4b728fe/xl.meta.bkp: OK
./minio-data/.minio.sys/tmp/.trash/7d826af8-7ff4-4558-ab87-4c91fbae5346/xl.meta.bkp: OK
./minio-data/.minio.sys/tmp/.trash/7d89475e-7637-4b6e-a86f-e81c0be72929/xl.meta.bkp: OK
./minio-data/.minio.sys/tmp/.trash/7dc79590-ac0d-456c-80dd-4de2b1b7a49b/xl.meta.bkp: OK
./minio-data/.minio.sys/tmp/.trash/7e62ecb2-1c3c-475d-a42d-382349ce4672/xl.meta.bkp: OK
./minio-data/.minio.sys/tmp/.trash/7ed4b8fa-4dd6-4dd2-a76b-b4ca0b162b6b/xl.meta.bkp: OK
./minio-data/.minio.sys/tmp/.trash/7f4bf043-b3a5-43fd-8939-b8283ffc861f/xl.meta.bkp: OK
./minio-data/.minio.sys/tmp/.trash/7fdbcf58-8699-46a7-9092-0aece2455217/xl.meta.bkp: OK
./minio-data/.minio.sys/tmp/.trash/81314787-7cc1-477f-b4ae-89a2f6c09d2e/xl.meta.bkp: OK
./minio-data/.minio.sys/tmp/.trash/83de2c63-d061-4fdf-a5e3-83a3ef9e1dcf/xl.meta.bkp: OK
./minio-data/.minio.sys/tmp/.trash/83fe519f-7baf-4de7-a745-dd4b0749d06d/xl.meta.bkp: OK
./minio-data/.minio.sys/tmp/.trash/848a03eb-7375-40c5-a903-7728b4b20cb0/xl.meta.bkp: OK
./minio-data/.minio.sys/tmp/.trash/85326178-e866-422c-bf37-dbcdf754e576/xl.meta.bkp: OK
./minio-data/.minio.sys/tmp/.trash/8626c66d-bfbf-4eb9-99fe-9a271e0befad/xl.meta.bkp: OK
./minio-data/.minio.sys/tmp/.trash/864565ac-8345-47e2-997f-d16c3347cd9b/xl.meta.bkp: OK
./minio-data/.minio.sys/tmp/.trash/870d575a-8706-42b1-a068-e14a8261baea/xl.meta.bkp: OK
./minio-data/.minio.sys/tmp/.trash/874ddd1c-ba63-4db5-8662-065255b09c7f/xl.meta.bkp: OK
./minio-data/.minio.sys/tmp/.trash/878463a2-6743-4106-b758-15a8a17aad96/xl.meta.bkp: OK
./minio-data/.minio.sys/tmp/.trash/87e043d0-4368-42c0-a8db-22113e38bea2/xl.meta.bkp: OK
./minio-data/.minio.sys/tmp/.trash/8952f4c4-fac8-4312-8233-6e73c9ec88d2/xl.meta.bkp: OK
./minio-data/.minio.sys/tmp/.trash/8977cc65-959e-45af-aa8c-b657e198c2e7/xl.meta.bkp: OK
./minio-data/.minio.sys/tmp/.trash/8a96ebdc-290c-45e8-8d1c-21d75204e88a/xl.meta.bkp: OK
./minio-data/.minio.sys/tmp/.trash/8af8a91c-b8f1-4b1e-9ace-71830ba747cc/part.1: OK
./minio-data/.minio.sys/tmp/.trash/8af8a91c-b8f1-4b1e-9ace-71830ba747cc/xl.meta.bkp: OK
./minio-data/.minio.sys/tmp/.trash/8b190055-f38a-47c5-8cb9-f74c1d6f84fe/xl.meta.bkp: OK
./minio-data/.minio.sys/tmp/.trash/8bc05a8d-6a4d-490c-ac77-4475f11c85b1/xl.meta.bkp: OK
./minio-data/.minio.sys/tmp/.trash/8d2d20a7-585f-40cb-ada9-5b5a77327433/xl.meta.bkp: OK
./minio-data/.minio.sys/tmp/.trash/8da68f07-31d5-4ac8-970a-a0a915d72b95/part.1: OK
./minio-data/.minio.sys/tmp/.trash/8da68f07-31d5-4ac8-970a-a0a915d72b95/xl.meta.bkp: OK
./minio-data/.minio.sys/tmp/.trash/8e2a6644-286e-498b-b4d6-1afb568dc740/xl.meta.bkp: OK
./minio-data/.minio.sys/tmp/.trash/8e92f78e-1979-4e67-970d-942a804edf32/xl.meta.bkp: OK
./minio-data/.minio.sys/tmp/.trash/8f3645cf-8c1b-4be1-a942-ab523a9c019b/xl.meta.bkp: OK
./minio-data/.minio.sys/tmp/.trash/8fbcb366-a08e-4788-b34b-6653e37545e7/xl.meta.bkp: OK
./minio-data/.minio.sys/tmp/.trash/910186e1-b2e5-4185-9e06-eaefcaa4a45f/xl.meta.bkp: OK
./minio-data/.minio.sys/tmp/.trash/91762548-d605-4389-af85-8693c1eb3c59/xl.meta.bkp: OK
./minio-data/.minio.sys/tmp/.trash/92a5555e-3e7b-470d-b2e2-e9c9f2130238/xl.meta.bkp: OK
./minio-data/.minio.sys/tmp/.trash/92c4db15-b863-4d5a-8a41-164b49826be0/xl.meta.bkp: OK
./minio-data/.minio.sys/tmp/.trash/92f81809-3afb-4e1b-b93b-2e328288ab2e/xl.meta.bkp: OK
./minio-data/.minio.sys/tmp/.trash/93000189-f139-4ba3-aad0-6c940b8b62ad/xl.meta.bkp: OK
./minio-data/.minio.sys/tmp/.trash/932a9a54-61a8-46fb-90b9-a09fbcebd36c/xl.meta.bkp: OK
./minio-data/.minio.sys/tmp/.trash/935de189-2295-4608-867b-386b272d53ec/xl.meta.bkp: OK
./minio-data/.minio.sys/tmp/.trash/93ba3c31-cd62-4875-a2bb-45c4e1c7de71/xl.meta.bkp: OK
./minio-data/.minio.sys/tmp/.trash/93c53000-1217-4c2d-a7de-3c7e10847d0d/xl.meta.bkp: OK
./minio-data/.minio.sys/tmp/.trash/93cd6849-96a0-4ad5-a03b-61e2343ced22/xl.meta.bkp: OK
./minio-data/.minio.sys/tmp/.trash/945f3d24-c42f-4277-a5ef-d4b4d5a84ce3/xl.meta.bkp: OK
./minio-data/.minio.sys/tmp/.trash/94d397f2-8bfa-485c-bda5-5046518097fc/xl.meta.bkp: OK
./minio-data/.minio.sys/tmp/.trash/950a9c75-e7c8-4f92-8834-bdece931db68/xl.meta.bkp: OK
./minio-data/.minio.sys/tmp/.trash/958a7819-a88b-4f40-a165-c4f83597e27d/xl.meta.bkp: OK
./minio-data/.minio.sys/tmp/.trash/959aeaa2-b894-4e02-95a3-ddbcf6a792ce/part.1: OK
./minio-data/.minio.sys/tmp/.trash/959aeaa2-b894-4e02-95a3-ddbcf6a792ce/xl.meta.bkp: OK
./minio-data/.minio.sys/tmp/.trash/95bb225e-218c-4c03-bf40-d09300bfac5c/xl.meta.bkp: OK
./minio-data/.minio.sys/tmp/.trash/95cd660b-1362-454c-aa95-fbf10c7d44c2/xl.meta.bkp: OK
./minio-data/.minio.sys/tmp/.trash/96780797-2fe3-4ff7-81bf-717398e58b21/xl.meta.bkp: OK
./minio-data/.minio.sys/tmp/.trash/96ba4be7-eac5-44a5-b967-2d6b4bd4577d/xl.meta.bkp: OK
./minio-data/.minio.sys/tmp/.trash/98565e1a-b585-474e-8f6c-151db1f19c4a/xl.meta.bkp: OK
./minio-data/.minio.sys/tmp/.trash/9876fa0e-a5a7-477f-a39f-189d191c25eb/xl.meta.bkp: OK
./minio-data/.minio.sys/tmp/.trash/991c6174-0aaa-4be3-b3cf-4268416c51f5/xl.meta.bkp: OK
./minio-data/.minio.sys/tmp/.trash/997ec6ca-9dfd-46d6-9021-5eb11a286165/xl.meta.bkp: OK
./minio-data/.minio.sys/tmp/.trash/99d35525-ea71-423a-817e-103a47d197ee/xl.meta.bkp: OK
./minio-data/.minio.sys/tmp/.trash/9ba0cd2a-3f16-48e5-9bb1-e36a0eba7856/xl.meta.bkp: OK
./minio-data/.minio.sys/tmp/.trash/9c1eba7b-2dc8-4000-8da2-f32ad3b90067/xl.meta.bkp: OK
./minio-data/.minio.sys/tmp/.trash/9c2550ff-a989-41bc-8ff0-c247ac430684/xl.meta.bkp: OK
./minio-data/.minio.sys/tmp/.trash/9c80495f-5ddc-4bea-b03a-63c88b430087/xl.meta.bkp: OK
./minio-data/.minio.sys/tmp/.trash/9d8ddd86-e187-42a2-acf9-bf5241b9170a/xl.meta.bkp: OK
./minio-data/.minio.sys/tmp/.trash/9e6f17af-4f49-414b-9236-92ae254b95ef/xl.meta.bkp: OK
./minio-data/.minio.sys/tmp/.trash/9e7129a5-6b6c-47dc-99bd-2ef99ae5894e/xl.meta.bkp: OK
./minio-data/.minio.sys/tmp/.trash/9e7be23c-9775-4467-a1f6-2df97a493776/xl.meta.bkp: OK
./minio-data/.minio.sys/tmp/.trash/a06972d0-1e07-4dfe-8055-2ce8e1d068b5/xl.meta.bkp: OK
./minio-data/.minio.sys/tmp/.trash/a101d64c-bfaf-4575-ad29-68b0697bfb56/xl.meta.bkp: OK
./minio-data/.minio.sys/tmp/.trash/a2728d27-d791-4d94-b118-01cf02bd4b9d/xl.meta.bkp: OK
./minio-data/.minio.sys/tmp/.trash/a2d5684e-2444-44a6-9c58-bd7bce304cfc/xl.meta.bkp: OK
./minio-data/.minio.sys/tmp/.trash/a2d9ad27-1cc5-41a6-9d29-871487df25dd/xl.meta.bkp: OK
./minio-data/.minio.sys/tmp/.trash/a3515e51-6ff1-43f8-a9dc-7f903a99ff0f/xl.meta.bkp: OK
./minio-data/.minio.sys/tmp/.trash/a5bb4a87-294d-4f8b-ad0a-0caf50e1085c/xl.meta.bkp: OK
./minio-data/.minio.sys/tmp/.trash/a5e3b51d-051d-43fa-aaa7-39bd596400ad/xl.meta.bkp: OK
./minio-data/.minio.sys/tmp/.trash/a6264414-63fb-40fa-a3c4-98f65c7b9b86/xl.meta.bkp: OK
./minio-data/.minio.sys/tmp/.trash/a649b8ee-b8a5-4361-bfbf-5660a07da55f/xl.meta.bkp: OK
./minio-data/.minio.sys/tmp/.trash/a6c01a2a-eebb-4cd7-ba50-e45f8a268e8f/xl.meta.bkp: OK
./minio-data/.minio.sys/tmp/.trash/a7d04017-92ee-4621-93f7-b53860398f27/xl.meta.bkp: OK
./minio-data/.minio.sys/tmp/.trash/a87a9152-76e5-4201-8109-7fdbcc655fbc/xl.meta.bkp: OK
./minio-data/.minio.sys/tmp/.trash/a9255368-09c0-4f1b-b152-d571c5e12ca2/xl.meta.bkp: OK
./minio-data/.minio.sys/tmp/.trash/aa1a36ff-978f-4e89-b410-6967178c68b0/xl.meta.bkp: OK
./minio-data/.minio.sys/tmp/.trash/aa3051fe-fb0d-4edb-a95e-daadeaa8ce56/xl.meta.bkp: OK
./minio-data/.minio.sys/tmp/.trash/aad6b37d-c2d8-4b7f-8d5d-1ad8c2c896ee/xl.meta.bkp: OK
./minio-data/.minio.sys/tmp/.trash/ab1b02cc-f794-4d33-b087-7335d21e1c51/xl.meta.bkp: OK
./minio-data/.minio.sys/tmp/.trash/ab4a99eb-20cb-4c23-a58d-c490a6a81215/xl.meta.bkp: OK
./minio-data/.minio.sys/tmp/.trash/abaf8433-799b-47d8-8e18-61b363f820ae/part.1: OK
./minio-data/.minio.sys/tmp/.trash/abaf8433-799b-47d8-8e18-61b363f820ae/xl.meta.bkp: OK
./minio-data/.minio.sys/tmp/.trash/ac98207b-4c53-490c-bab1-42c1df3a6e91/xl.meta.bkp: OK
./minio-data/.minio.sys/tmp/.trash/ae5d4c4c-6657-4e08-839b-394a735ac65f/xl.meta.bkp: OK
./minio-data/.minio.sys/tmp/.trash/af4bb88f-f936-4903-ad9b-e9a64b9870db/xl.meta.bkp: OK
./minio-data/.minio.sys/tmp/.trash/af7e6ebf-a1d1-45e9-818d-139a761abd28/xl.meta.bkp: OK
./minio-data/.minio.sys/tmp/.trash/b0e59593-7909-4f1c-9e62-29e11d750005/xl.meta.bkp: OK
./minio-data/.minio.sys/tmp/.trash/b165b534-9f37-4ded-b8d5-700d51d23e63/part.1: OK
./minio-data/.minio.sys/tmp/.trash/b165b534-9f37-4ded-b8d5-700d51d23e63/xl.meta.bkp: OK
./minio-data/.minio.sys/tmp/.trash/b2259c46-48f5-4dae-bbf2-d976ac9369cc/xl.meta.bkp: OK
./minio-data/.minio.sys/tmp/.trash/b2c479ef-3b1d-4a5d-9719-5d026d842779/xl.meta.bkp: OK
./minio-data/.minio.sys/tmp/.trash/b3081f30-4cec-41e7-8c55-3e5d316ebb49/xl.meta.bkp: OK
./minio-data/.minio.sys/tmp/.trash/b3632a91-1ac5-4893-96c6-1373d3fe7778/xl.meta.bkp: OK
./minio-data/.minio.sys/tmp/.trash/b373afe0-2b7d-4fcf-84d3-139ea9f83ad1/xl.meta.bkp: OK
./minio-data/.minio.sys/tmp/.trash/b3f38649-30aa-43f0-9a76-b537502060c1/xl.meta.bkp: OK
./minio-data/.minio.sys/tmp/.trash/b3fc4279-922c-4d13-8b7c-274ee14ba556/xl.meta.bkp: OK
./minio-data/.minio.sys/tmp/.trash/b4989634-c4d4-48cd-81bb-588c215264b3/xl.meta.bkp: OK
./minio-data/.minio.sys/tmp/.trash/b52363ff-0cc3-47dc-a66a-bdb2c317559e/xl.meta.bkp: OK
./minio-data/.minio.sys/tmp/.trash/b5e23411-1e56-48bc-a92d-791d6d3b88c1/xl.meta.bkp: OK
./minio-data/.minio.sys/tmp/.trash/b5e26d55-bce8-4afe-bf6b-20556df1ccf0/xl.meta.bkp: OK
./minio-data/.minio.sys/tmp/.trash/b9156d28-7816-4b00-b513-87e543e49bbd/xl.meta.bkp: OK
./minio-data/.minio.sys/tmp/.trash/b94292e9-b33f-49d2-91ad-13db89a9470c/xl.meta.bkp: OK
./minio-data/.minio.sys/tmp/.trash/b9b4affd-4efe-49e0-8b07-7f6204caa1e2/xl.meta.bkp: OK
./minio-data/.minio.sys/tmp/.trash/b9ec4c7f-4c39-4d48-8281-8d2e0feed9ca/xl.meta.bkp: OK
./minio-data/.minio.sys/tmp/.trash/b9f2ef55-c3cb-4683-a052-320015f67646/xl.meta.bkp: OK
./minio-data/.minio.sys/tmp/.trash/ba54bea8-d29d-4821-b6c2-22308a534385/xl.meta.bkp: OK
./minio-data/.minio.sys/tmp/.trash/ba883b4c-e911-4a85-9293-f409b93efb72/xl.meta.bkp: OK
./minio-data/.minio.sys/tmp/.trash/ba9b097d-ce65-49d8-9e63-87d48425da23/xl.meta.bkp: OK
./minio-data/.minio.sys/tmp/.trash/bbb5adf6-7410-484e-8ed0-4eff6b4da1b1/xl.meta.bkp: OK
./minio-data/.minio.sys/tmp/.trash/bbc66e23-71f4-4fa6-85a3-3080be1a4571/xl.meta.bkp: OK
./minio-data/.minio.sys/tmp/.trash/bc198299-05c1-4833-b784-4676440ed19b/xl.meta.bkp: OK
./minio-data/.minio.sys/tmp/.trash/bc50cc1f-3fdc-44d0-b3b5-fba6834d5392/xl.meta.bkp: OK
./minio-data/.minio.sys/tmp/.trash/bc56f896-8c2b-43b8-9e30-dd7335e7a02f/xl.meta.bkp: OK
./minio-data/.minio.sys/tmp/.trash/bcbc0af7-7307-4d45-84c3-639f2b42ded1/xl.meta.bkp: OK
./minio-data/.minio.sys/tmp/.trash/bccfa542-ba58-4800-88ca-91e7c87bb986/xl.meta.bkp: OK
./minio-data/.minio.sys/tmp/.trash/be45d2c4-7fb8-483d-ba76-a3709a0ac812/xl.meta.bkp: OK
./minio-data/.minio.sys/tmp/.trash/bef55257-e92b-49c9-ae64-38552d9f5f8e/part.1: OK
./minio-data/.minio.sys/tmp/.trash/bef55257-e92b-49c9-ae64-38552d9f5f8e/xl.meta.bkp: OK
./minio-data/.minio.sys/tmp/.trash/bf3c13d1-1fbb-490e-a237-45b7710dd8e2/xl.meta.bkp: OK
./minio-data/.minio.sys/tmp/.trash/bf7ccaf1-3e9a-4e01-a105-078d7d435bea/xl.meta.bkp: OK
./minio-data/.minio.sys/tmp/.trash/c0be4965-dfa5-4774-9821-bd1759195ed7/xl.meta.bkp: OK
./minio-data/.minio.sys/tmp/.trash/c20dc11e-dfe8-4693-96a7-80808ffcbcd5/xl.meta.bkp: OK
./minio-data/.minio.sys/tmp/.trash/c276a56e-7ec0-4ca8-907a-674589ea1574/xl.meta.bkp: OK
./minio-data/.minio.sys/tmp/.trash/c2a018c1-24af-43c3-8458-f4f5c0e90959/xl.meta.bkp: OK
./minio-data/.minio.sys/tmp/.trash/c333172a-c634-42c7-b6b9-c0f14c8906a5/xl.meta.bkp: OK
./minio-data/.minio.sys/tmp/.trash/c354464d-4c0c-4161-b94d-26806dd7e46a/xl.meta.bkp: OK
./minio-data/.minio.sys/tmp/.trash/c3994c15-3a4d-4515-9be6-1fdcbba6a33f/xl.meta.bkp: OK
./minio-data/.minio.sys/tmp/.trash/c3b0186a-3bc3-4ee9-93a8-0c0c97f6dc7b/xl.meta.bkp: OK
./minio-data/.minio.sys/tmp/.trash/c3b4e168-cf5c-449d-95a6-429e334fcdd0/xl.meta.bkp: OK
./minio-data/.minio.sys/tmp/.trash/c41256c7-4c17-483d-9c14-51a01ad20619/xl.meta.bkp: OK
./minio-data/.minio.sys/tmp/.trash/c4a90a09-6831-4ccb-988b-ea4416238fcd/part.1: OK
./minio-data/.minio.sys/tmp/.trash/c4a90a09-6831-4ccb-988b-ea4416238fcd/xl.meta.bkp: OK
./minio-data/.minio.sys/tmp/.trash/c4ff2180-e56b-449b-8cd1-fab63bb291b9/xl.meta.bkp: OK
./minio-data/.minio.sys/tmp/.trash/c53c5e61-96d7-44cb-bae8-0a3b7a7ec11b/xl.meta.bkp: OK
./minio-data/.minio.sys/tmp/.trash/c5c6a384-f8d3-4bbf-b0cb-3648c3b4f48f/xl.meta.bkp: OK
./minio-data/.minio.sys/tmp/.trash/c5f36f8d-3324-4132-aa60-6bb1f670e1f7/xl.meta.bkp: OK
./minio-data/.minio.sys/tmp/.trash/c6513932-035d-4c4e-841e-0f40f1db0990/xl.meta.bkp: OK
./minio-data/.minio.sys/tmp/.trash/c69c6939-b1f1-40ce-8bc9-c978788903b3/xl.meta.bkp: OK
./minio-data/.minio.sys/tmp/.trash/c6b9eb44-5ffe-4723-add6-67aeffd893d8/xl.meta.bkp: OK
./minio-data/.minio.sys/tmp/.trash/c6e16682-8017-4dd0-bf02-3a8841bb3d10/xl.meta.bkp: OK
./minio-data/.minio.sys/tmp/.trash/c7d9bba2-52f8-4c58-8243-e18e0780275d/xl.meta.bkp: OK
./minio-data/.minio.sys/tmp/.trash/c80224a3-7b6d-418c-bef3-52f15c028e9e/xl.meta.bkp: OK
./minio-data/.minio.sys/tmp/.trash/c844ac3d-5e96-4d09-8998-f48d99026b7c/xl.meta.bkp: OK
./minio-data/.minio.sys/tmp/.trash/c8d0fd85-64fb-401e-adc4-8674d6472886/xl.meta.bkp: OK
./minio-data/.minio.sys/tmp/.trash/ca7ad6e4-0850-47d0-9434-745933de496d/xl.meta.bkp: OK
./minio-data/.minio.sys/tmp/.trash/ca7d9208-843f-4b70-b8d2-b159adfae0d2/xl.meta.bkp: OK
./minio-data/.minio.sys/tmp/.trash/cacf87eb-6ea1-4a59-b6c4-00342df446f6/xl.meta.bkp: OK
./minio-data/.minio.sys/tmp/.trash/cad1cfa0-1071-4eb3-b081-89e87ec939e3/xl.meta.bkp: OK
./minio-data/.minio.sys/tmp/.trash/cb239c67-f1e8-471c-b1d7-4f0fb74b364d/xl.meta.bkp: OK
./minio-data/.minio.sys/tmp/.trash/cb2ddbd8-c34d-4bfb-b956-42e4fe001a65/xl.meta.bkp: OK
./minio-data/.minio.sys/tmp/.trash/cbf9506a-cf14-43ad-8ae4-8df359a0b046/xl.meta.bkp: OK
./minio-data/.minio.sys/tmp/.trash/cc54147b-4b92-48b9-a75b-955a531e1363/xl.meta.bkp: OK
./minio-data/.minio.sys/tmp/.trash/cccfc7c7-d306-40d2-921b-c2ff812a5adc/xl.meta.bkp: OK
./minio-data/.minio.sys/tmp/.trash/cd783d78-bd6f-4501-a9e7-d156ae5d4d19/xl.meta.bkp: OK
./minio-data/.minio.sys/tmp/.trash/cd984a2d-2443-4a29-8d88-fdc1dee5b0e2/xl.meta.bkp: OK
./minio-data/.minio.sys/tmp/.trash/cdb530a4-f118-445b-8954-a59902709a2c/xl.meta.bkp: OK
./minio-data/.minio.sys/tmp/.trash/ceaa6f39-3941-4a13-a76f-6bf32ae5b0f0/xl.meta.bkp: OK
./minio-data/.minio.sys/tmp/.trash/ced184fe-22a6-46bf-a1a4-a0cfe2337aca/xl.meta.bkp: OK
./minio-data/.minio.sys/tmp/.trash/cf40220b-e1c7-4221-a95e-b4e46d61af90/xl.meta.bkp: OK
./minio-data/.minio.sys/tmp/.trash/cf724435-7135-4d6b-9144-618949affd9f/xl.meta.bkp: OK
./minio-data/.minio.sys/tmp/.trash/cfaf786f-30b8-489b-87c7-3c1a41a61333/xl.meta.bkp: OK
./minio-data/.minio.sys/tmp/.trash/cfb1e9be-cb7a-4939-aaa7-3166bbfce06d/xl.meta.bkp: OK
./minio-data/.minio.sys/tmp/.trash/d03d84f6-6d9e-4092-bd07-ba1fc0530f31/xl.meta.bkp: OK
./minio-data/.minio.sys/tmp/.trash/d0891443-3fdc-409f-ba52-e44e8b84a7ce/xl.meta.bkp: OK
./minio-data/.minio.sys/tmp/.trash/d11dd8a4-2d6d-42d9-ba29-2b826c2d0a56/xl.meta.bkp: OK
./minio-data/.minio.sys/tmp/.trash/d14b6226-07a0-4b9c-be2a-d83e93eb87d0/xl.meta.bkp: OK
./minio-data/.minio.sys/tmp/.trash/d1c692f1-e320-4ae7-9516-e3b6eb917674/xl.meta.bkp: OK
./minio-data/.minio.sys/tmp/.trash/d395fddb-1738-40cd-9adb-aeb97d083334/xl.meta.bkp: OK
./minio-data/.minio.sys/tmp/.trash/d3e48c9e-ec0d-4e87-8aa8-a831456ab205/xl.meta.bkp: OK
./minio-data/.minio.sys/tmp/.trash/d4b76dc7-eb47-43a9-8f74-b4150479b86c/xl.meta.bkp: OK
./minio-data/.minio.sys/tmp/.trash/d518f46d-1212-422e-8ae0-a90e66c93398/xl.meta.bkp: OK
./minio-data/.minio.sys/tmp/.trash/d593c68f-c309-4306-b6f3-3fcad609bd70/xl.meta.bkp: OK
./minio-data/.minio.sys/tmp/.trash/d623c36b-39ca-4a9d-ae3d-58d204c89374/xl.meta.bkp: OK
./minio-data/.minio.sys/tmp/.trash/d878fb66-3cff-4160-9e6e-ad485ea09664/xl.meta.bkp: OK
./minio-data/.minio.sys/tmp/.trash/d894da91-c673-4c4a-a681-90b52da2ca29/xl.meta.bkp: OK
./minio-data/.minio.sys/tmp/.trash/d94b9e8b-6df1-4c68-9a5b-1fabccc36129/xl.meta.bkp: OK
./minio-data/.minio.sys/tmp/.trash/da6b63a9-6d28-4a76-8ad7-a151e48720b3/xl.meta.bkp: OK
./minio-data/.minio.sys/tmp/.trash/dabd75e5-73e0-4de3-8f53-936f39f40b12/xl.meta.bkp: OK
./minio-data/.minio.sys/tmp/.trash/db439fc9-d157-49fa-873a-c5c7ac6e5d1a/xl.meta.bkp: OK
./minio-data/.minio.sys/tmp/.trash/dc09de8f-9a2d-4289-8124-201c1ba28c3e/xl.meta.bkp: OK
./minio-data/.minio.sys/tmp/.trash/dccc924a-ed07-4ecc-bda2-09453b055d2d/xl.meta.bkp: OK
./minio-data/.minio.sys/tmp/.trash/dd5010ed-b3a0-4622-8d3f-6aa9f2141ae8/xl.meta.bkp: OK
./minio-data/.minio.sys/tmp/.trash/dd5cdfc8-6cea-4a11-88dd-2b3cea4ecec1/xl.meta.bkp: OK
./minio-data/.minio.sys/tmp/.trash/dd8d2414-7ffb-4367-837b-8f5bb67160ba/xl.meta.bkp: OK
./minio-data/.minio.sys/tmp/.trash/ddc8d1b5-c7d8-437d-bfa5-fcdb0fb35136/xl.meta.bkp: OK
./minio-data/.minio.sys/tmp/.trash/ddf05fba-74fc-4b48-95b2-dac217ea3f7d/xl.meta.bkp: OK
./minio-data/.minio.sys/tmp/.trash/de3f0e37-0ce0-4352-8e42-769a87b33cfb/xl.meta.bkp: OK
./minio-data/.minio.sys/tmp/.trash/de72226b-9f87-47be-990f-c42e6195ad6f/xl.meta.bkp: OK
./minio-data/.minio.sys/tmp/.trash/deb883a2-af91-4961-9f7b-1693288241b5/xl.meta.bkp: OK
./minio-data/.minio.sys/tmp/.trash/df089d8d-6228-4b89-a136-fa32f318dfa8/xl.meta.bkp: OK
./minio-data/.minio.sys/tmp/.trash/df5e8809-e360-4040-9a17-a69592694d1b/xl.meta.bkp: OK
./minio-data/.minio.sys/tmp/.trash/dfd2ef90-6a9a-4211-8234-3c0df31f8bf7/xl.meta.bkp: OK
./minio-data/.minio.sys/tmp/.trash/e010b025-7b55-48af-bee7-5db7d45128a4/xl.meta.bkp: OK
./minio-data/.minio.sys/tmp/.trash/e21c83b3-a512-484f-ab57-845602dd31de/xl.meta.bkp: OK
./minio-data/.minio.sys/tmp/.trash/e2292a30-d716-418d-9781-a527f7b95171/xl.meta.bkp: OK
./minio-data/.minio.sys/tmp/.trash/e22e4368-f1ec-4fe0-88d6-34a1a9b0339e/xl.meta.bkp: OK
./minio-data/.minio.sys/tmp/.trash/e2524df3-84b9-4e29-a25b-956eab7cff7f/xl.meta.bkp: OK
./minio-data/.minio.sys/tmp/.trash/e2cc0ab5-230d-48b7-963e-cbe2fe664305/xl.meta.bkp: OK
./minio-data/.minio.sys/tmp/.trash/e4260fc5-49d4-4c5a-bf99-6b8601dad6d5/xl.meta.bkp: OK
./minio-data/.minio.sys/tmp/.trash/e4463f16-67a2-4e1a-bdb3-13844e6179e3/xl.meta.bkp: OK
./minio-data/.minio.sys/tmp/.trash/e447c0b6-85b1-43ea-b05b-70f877ab3462/xl.meta.bkp: OK
./minio-data/.minio.sys/tmp/.trash/e44a76a2-82a4-4305-aff6-586c6198ca29/xl.meta.bkp: OK
./minio-data/.minio.sys/tmp/.trash/e454ea82-e609-48d6-9c41-140d2949f119/part.1: OK
./minio-data/.minio.sys/tmp/.trash/e454ea82-e609-48d6-9c41-140d2949f119/xl.meta.bkp: OK
./minio-data/.minio.sys/tmp/.trash/e4adc43d-9603-48a7-85e6-a0e9cdb02ef9/xl.meta.bkp: OK
./minio-data/.minio.sys/tmp/.trash/e4d078d8-8095-4818-98b8-9a1210fba333/xl.meta.bkp: OK
./minio-data/.minio.sys/tmp/.trash/e53a0184-9a65-4188-a1d1-c8266ecc09e9/xl.meta.bkp: OK
./minio-data/.minio.sys/tmp/.trash/e5a19111-8026-41bb-994c-3653a4bc256b/xl.meta.bkp: OK
./minio-data/.minio.sys/tmp/.trash/e5d91ba8-c843-4895-9efe-a94d6b4cb3f9/xl.meta.bkp: OK
./minio-data/.minio.sys/tmp/.trash/e7c743d1-dfbb-4ba8-be5e-666adf311c0d/xl.meta.bkp: OK
./minio-data/.minio.sys/tmp/.trash/e83d0d27-2a5d-44e7-a24a-d13b8a6160b7/xl.meta.bkp: OK
./minio-data/.minio.sys/tmp/.trash/e8d12123-9a89-487f-80bf-16e986897454/xl.meta.bkp: OK
./minio-data/.minio.sys/tmp/.trash/e8f7c8df-4ac0-41e1-9eec-c2950133ab98/xl.meta.bkp: OK
./minio-data/.minio.sys/tmp/.trash/e956b7f8-4096-4daa-b39d-22db39db0e42/xl.meta.bkp: OK
./minio-data/.minio.sys/tmp/.trash/eb1493e0-f8aa-4e44-8445-39c2b5ae829d/xl.meta.bkp: OK
./minio-data/.minio.sys/tmp/.trash/eb3acada-e0b2-4460-9f2a-0e1d5e1713eb/xl.meta.bkp: OK
./minio-data/.minio.sys/tmp/.trash/ed1194b5-ce37-499d-8a5f-e88bd7a07608/xl.meta.bkp: OK
./minio-data/.minio.sys/tmp/.trash/ed62709b-20f0-4b39-9bcd-24d2902e6416/xl.meta.bkp: OK
./minio-data/.minio.sys/tmp/.trash/f1a5ce2d-0bfa-40ba-9b1e-3885a0a6955b/xl.meta.bkp: OK
./minio-data/.minio.sys/tmp/.trash/f1dda1a6-5bda-4929-be6d-a726704277e1/xl.meta.bkp: OK
./minio-data/.minio.sys/tmp/.trash/f38c979f-c46d-4733-9bd2-5a5ea305179f/part.1: OK
./minio-data/.minio.sys/tmp/.trash/f38c979f-c46d-4733-9bd2-5a5ea305179f/xl.meta.bkp: OK
./minio-data/.minio.sys/tmp/.trash/f3aafa45-27ab-4fea-bad0-74711e0a8e24/xl.meta.bkp: OK
./minio-data/.minio.sys/tmp/.trash/f3cb0df4-c13d-47b4-9107-d7ebd3e2319b/xl.meta.bkp: OK
./minio-data/.minio.sys/tmp/.trash/f43c0dec-a488-4259-a499-2ef0caa1dddf/xl.meta.bkp: OK
./minio-data/.minio.sys/tmp/.trash/f463e890-f68c-4327-abe7-6b484d496b21/xl.meta.bkp: OK
./minio-data/.minio.sys/tmp/.trash/f46657fc-4b61-4b96-bb88-35ac9e51622b/xl.meta.bkp: OK
./minio-data/.minio.sys/tmp/.trash/f48d5a33-acac-4092-8670-b4773a4aa52d/xl.meta.bkp: OK
./minio-data/.minio.sys/tmp/.trash/f5a4f8b8-7461-44f7-b60b-f5c326729965/xl.meta.bkp: OK
./minio-data/.minio.sys/tmp/.trash/f65f10d9-662b-48c1-be3a-b068d00d31b4/xl.meta.bkp: OK
./minio-data/.minio.sys/tmp/.trash/f6d6fdc4-337e-4ad2-ac16-3ccf816b3168/xl.meta.bkp: OK
./minio-data/.minio.sys/tmp/.trash/f71c1c03-7a5a-47c3-a70e-0e2a06b0eebe/xl.meta.bkp: OK
./minio-data/.minio.sys/tmp/.trash/f78434e5-066d-4c9e-8fc8-6c1c230b5333/xl.meta.bkp: OK
./minio-data/.minio.sys/tmp/.trash/f7fd2152-1dde-4cd8-a071-8329c80d013a/xl.meta.bkp: OK
./minio-data/.minio.sys/tmp/.trash/f8b7ccfc-8676-45cf-8cf9-9c2828eeca17/xl.meta.bkp: OK
./minio-data/.minio.sys/tmp/.trash/f8f9d980-9b04-44ad-9ceb-7ca882337aa3/xl.meta.bkp: OK
./minio-data/.minio.sys/tmp/.trash/f9289307-e2c3-4125-b46f-992c692f5f95/xl.meta.bkp: OK
./minio-data/.minio.sys/tmp/.trash/f94b572c-45ea-46ee-beed-16e8fe02639c/xl.meta.bkp: OK
./minio-data/.minio.sys/tmp/.trash/faf06996-679a-4595-ad97-c1ec3743b53a/xl.meta.bkp: OK
./minio-data/.minio.sys/tmp/.trash/fb21dde6-6844-4ba3-86b6-c7b59aad55cd/xl.meta.bkp: OK
./minio-data/.minio.sys/tmp/.trash/fbb16936-84eb-4b4a-811c-3e7f54be55d5/xl.meta.bkp: OK
./minio-data/.minio.sys/tmp/.trash/fbcbc573-1b31-4635-9160-d0a33fe6c5d8/xl.meta.bkp: OK
./minio-data/.minio.sys/tmp/.trash/fc1d2459-fe87-4709-872f-1d137f7eb8aa/xl.meta.bkp: OK
./minio-data/.minio.sys/tmp/.trash/fc61d8df-0120-43e8-96dc-59e0124bdeda/part.1: OK
./minio-data/.minio.sys/tmp/.trash/fc61d8df-0120-43e8-96dc-59e0124bdeda/xl.meta.bkp: OK
./minio-data/.minio.sys/tmp/.trash/fc6f1d1e-81ca-468b-9c30-597db9f6d757/xl.meta.bkp: OK
./minio-data/.minio.sys/tmp/.trash/fc89f186-8b4c-469d-aca5-d23d7f5176f9/xl.meta.bkp: OK
./minio-data/.minio.sys/tmp/.trash/fd899fc6-f858-4c9f-8ce7-d4f646f55f8e/xl.meta.bkp: OK
./minio-data/.minio.sys/tmp/.trash/fda5d0c4-8e73-4b2b-a11e-8a92edca54f5/xl.meta.bkp: OK
./minio-data/.minio.sys/tmp/.trash/fdbf6c8c-7a37-4d9e-b789-416c6a70be3a/xl.meta.bkp: OK
./minio-data/.minio.sys/tmp/.trash/fde79db8-555c-49da-9441-2c52450cc956/xl.meta.bkp: OK
./minio-data/.minio.sys/tmp/.trash/fe4a3593-3b46-46f0-8f77-d27d052397b0/xl.meta.bkp: OK
./minio-data/.minio.sys/tmp/.trash/fef94074-466b-4d45-8fe8-2bd0afcf86af/xl.meta.bkp: OK
./minio-data/.minio.sys/tmp/21d988d6-5f60-4eda-b682-7999fe21393b: OK
./minio-data/.minio.sys/tmp/2891931f-5beb-48fa-a597-79a1a43bc4d1: OK
./minio-data/.minio.sys/tmp/2d834e89-167b-4101-ab69-087bfb4c75bd: OK
./minio-data/.minio.sys/tmp/300a1a28-522e-4ee3-ad54-e0856590fbc0: OK
./minio-data/.minio.sys/tmp/444a7b8a-6d0c-441a-9fad-3800cb43c2e2: OK
./minio-data/.minio.sys/tmp/4a6867b5-bb7e-4f15-8566-a78bb62ad544: OK
./minio-data/.minio.sys/tmp/4ef5dc67-1519-484f-ad08-253afdc27b3b: OK
./minio-data/.minio.sys/tmp/5055eb1e-e14c-42b1-82b0-aea8f3b3071e: OK
./minio-data/.minio.sys/tmp/6d2396a4-9690-4565-b62d-b3b668662bb9: OK
./minio-data/.minio.sys/tmp/9bbd3d6b-dec2-43f8-b913-9ce82697a063: OK
./minio-data/.minio.sys/tmp/a1e078ff-8110-4b7e-a343-3c0431c93ded: OK
./minio-data/.minio.sys/tmp/a9041a00-0aac-4e4f-9999-c3aa1456a9a4: OK
./minio-data/.minio.sys/tmp/b2cd5430-ebb7-4dc3-8be1-4555edca9e11: OK
./minio-data/.minio.sys/tmp/b5f31f4a-a63c-4429-9f50-0831f82be4bc: OK
./minio-data/.minio.sys/tmp/b6d32992-69cb-4203-9c66-476b40785cff: OK
./minio-data/.minio.sys/tmp/c601d2e3-fd78-47c8-a5fb-e3d8c23799f6: OK
./minio-data/.minio.sys/tmp/e44d9c63-2bb6-4286-8e08-2e6f250865d5: OK
./minio-data/.minio.sys/tmp/ecfc20ef-d075-460b-b615-0fb6e6f3125a: OK
./minio-data/.minio.sys/tmp/f1d8fa4a-1f86-442c-b031-cfe451b30012: OK
./minio-data/.minio.sys/tmp/fa5ab7ee-ee66-4a03-b0c1-56eca7d6e869: OK
./minio-data/music-assets/11111111-1111-1111-1111-111111111111/audio/16/161324a7e87d2c91313f0f5e8395c56c3019c1f0a3bfbeb329ce6d4f9ec75f96.wav/00b13047-2165-41ff-a51c-0213072565ed/part.1: OK
./minio-data/music-assets/11111111-1111-1111-1111-111111111111/audio/16/161324a7e87d2c91313f0f5e8395c56c3019c1f0a3bfbeb329ce6d4f9ec75f96.wav/06edbb3a-34ef-436f-9d9d-db6dbdc528b4/part.1: OK
./minio-data/music-assets/11111111-1111-1111-1111-111111111111/audio/16/161324a7e87d2c91313f0f5e8395c56c3019c1f0a3bfbeb329ce6d4f9ec75f96.wav/079a6e0d-5d4c-46ec-8dec-802db52de9ba/part.1: OK
./minio-data/music-assets/11111111-1111-1111-1111-111111111111/audio/16/161324a7e87d2c91313f0f5e8395c56c3019c1f0a3bfbeb329ce6d4f9ec75f96.wav/0de95c88-6f43-486b-ae7a-cdcef0d07af8/part.1: OK
./minio-data/music-assets/11111111-1111-1111-1111-111111111111/audio/16/161324a7e87d2c91313f0f5e8395c56c3019c1f0a3bfbeb329ce6d4f9ec75f96.wav/1220ca57-9f95-4af3-8130-4fbae04d24c6/part.1: OK
./minio-data/music-assets/11111111-1111-1111-1111-111111111111/audio/16/161324a7e87d2c91313f0f5e8395c56c3019c1f0a3bfbeb329ce6d4f9ec75f96.wav/13162b85-36de-40dd-93f4-66f4edb55314/part.1: OK
./minio-data/music-assets/11111111-1111-1111-1111-111111111111/audio/16/161324a7e87d2c91313f0f5e8395c56c3019c1f0a3bfbeb329ce6d4f9ec75f96.wav/266e2ee9-277b-4cb7-bb9a-6954c54c4340/part.1: OK
./minio-data/music-assets/11111111-1111-1111-1111-111111111111/audio/16/161324a7e87d2c91313f0f5e8395c56c3019c1f0a3bfbeb329ce6d4f9ec75f96.wav/3085ce74-74cd-43ed-bb84-55009dc15daa/part.1: OK
./minio-data/music-assets/11111111-1111-1111-1111-111111111111/audio/16/161324a7e87d2c91313f0f5e8395c56c3019c1f0a3bfbeb329ce6d4f9ec75f96.wav/31ace5ca-4242-4cd0-a8cf-527f3b535873/part.1: OK
./minio-data/music-assets/11111111-1111-1111-1111-111111111111/audio/16/161324a7e87d2c91313f0f5e8395c56c3019c1f0a3bfbeb329ce6d4f9ec75f96.wav/3c1d779a-4299-4fe5-8c27-c900fa1746d1/part.1: OK
./minio-data/music-assets/11111111-1111-1111-1111-111111111111/audio/16/161324a7e87d2c91313f0f5e8395c56c3019c1f0a3bfbeb329ce6d4f9ec75f96.wav/4121b3e4-5603-4906-99ad-633df8a6db01/part.1: OK
./minio-data/music-assets/11111111-1111-1111-1111-111111111111/audio/16/161324a7e87d2c91313f0f5e8395c56c3019c1f0a3bfbeb329ce6d4f9ec75f96.wav/5312403d-97f2-4cff-8a05-0134c9441725/part.1: OK
./minio-data/music-assets/11111111-1111-1111-1111-111111111111/audio/16/161324a7e87d2c91313f0f5e8395c56c3019c1f0a3bfbeb329ce6d4f9ec75f96.wav/5e48a77e-e9c4-474d-9ff6-06a4aef7764c/part.1: OK
./minio-data/music-assets/11111111-1111-1111-1111-111111111111/audio/16/161324a7e87d2c91313f0f5e8395c56c3019c1f0a3bfbeb329ce6d4f9ec75f96.wav/6679a952-0e3c-4aca-8c03-6d48fcd6db35/part.1: OK
./minio-data/music-assets/11111111-1111-1111-1111-111111111111/audio/16/161324a7e87d2c91313f0f5e8395c56c3019c1f0a3bfbeb329ce6d4f9ec75f96.wav/678be182-be71-44fd-8bf9-5ac762cf5525/part.1: OK
./minio-data/music-assets/11111111-1111-1111-1111-111111111111/audio/16/161324a7e87d2c91313f0f5e8395c56c3019c1f0a3bfbeb329ce6d4f9ec75f96.wav/6c7cef65-6267-4c58-ae5e-6e67ba1a65ce/part.1: OK
./minio-data/music-assets/11111111-1111-1111-1111-111111111111/audio/16/161324a7e87d2c91313f0f5e8395c56c3019c1f0a3bfbeb329ce6d4f9ec75f96.wav/7128cd20-c2d7-4772-a451-c45b82e5d335/part.1: OK
./minio-data/music-assets/11111111-1111-1111-1111-111111111111/audio/16/161324a7e87d2c91313f0f5e8395c56c3019c1f0a3bfbeb329ce6d4f9ec75f96.wav/79c87028-9c7c-4e52-bb8b-ef1426070020/part.1: OK
./minio-data/music-assets/11111111-1111-1111-1111-111111111111/audio/16/161324a7e87d2c91313f0f5e8395c56c3019c1f0a3bfbeb329ce6d4f9ec75f96.wav/7c5db80e-a80a-4694-ab71-b081299672a2/part.1: OK
./minio-data/music-assets/11111111-1111-1111-1111-111111111111/audio/16/161324a7e87d2c91313f0f5e8395c56c3019c1f0a3bfbeb329ce6d4f9ec75f96.wav/808ff07d-3ae7-4ff7-845d-67cec30db44e/part.1: OK
./minio-data/music-assets/11111111-1111-1111-1111-111111111111/audio/16/161324a7e87d2c91313f0f5e8395c56c3019c1f0a3bfbeb329ce6d4f9ec75f96.wav/8285d059-7c95-4dd9-acf0-4ab9cc1e5803/part.1: OK
./minio-data/music-assets/11111111-1111-1111-1111-111111111111/audio/16/161324a7e87d2c91313f0f5e8395c56c3019c1f0a3bfbeb329ce6d4f9ec75f96.wav/843f8a98-9a03-406f-9840-5e2b8c792966/part.1: OK
./minio-data/music-assets/11111111-1111-1111-1111-111111111111/audio/16/161324a7e87d2c91313f0f5e8395c56c3019c1f0a3bfbeb329ce6d4f9ec75f96.wav/91c8cec5-f4c6-4c99-89bd-689595ab3803/part.1: OK
./minio-data/music-assets/11111111-1111-1111-1111-111111111111/audio/16/161324a7e87d2c91313f0f5e8395c56c3019c1f0a3bfbeb329ce6d4f9ec75f96.wav/9608aeb9-3d61-4cc4-afd6-71281c49c9d9/part.1: OK
./minio-data/music-assets/11111111-1111-1111-1111-111111111111/audio/16/161324a7e87d2c91313f0f5e8395c56c3019c1f0a3bfbeb329ce6d4f9ec75f96.wav/a1b5df3a-25de-4fea-a678-b47d4bd41328/part.1: OK
./minio-data/music-assets/11111111-1111-1111-1111-111111111111/audio/16/161324a7e87d2c91313f0f5e8395c56c3019c1f0a3bfbeb329ce6d4f9ec75f96.wav/a4662c78-ee95-4336-a892-a4693aa24619/part.1: OK
./minio-data/music-assets/11111111-1111-1111-1111-111111111111/audio/16/161324a7e87d2c91313f0f5e8395c56c3019c1f0a3bfbeb329ce6d4f9ec75f96.wav/a606365c-692e-4c65-9c27-92aa2dc70985/part.1: OK
./minio-data/music-assets/11111111-1111-1111-1111-111111111111/audio/16/161324a7e87d2c91313f0f5e8395c56c3019c1f0a3bfbeb329ce6d4f9ec75f96.wav/a76562ea-8c45-4223-beac-405aff8b6baa/part.1: OK
./minio-data/music-assets/11111111-1111-1111-1111-111111111111/audio/16/161324a7e87d2c91313f0f5e8395c56c3019c1f0a3bfbeb329ce6d4f9ec75f96.wav/af1b8f72-879f-45e0-838a-30e472603876/part.1: OK
./minio-data/music-assets/11111111-1111-1111-1111-111111111111/audio/16/161324a7e87d2c91313f0f5e8395c56c3019c1f0a3bfbeb329ce6d4f9ec75f96.wav/b36b75a8-bc8a-4c2c-8a7c-477050c89c61/part.1: OK
./minio-data/music-assets/11111111-1111-1111-1111-111111111111/audio/16/161324a7e87d2c91313f0f5e8395c56c3019c1f0a3bfbeb329ce6d4f9ec75f96.wav/bcdab985-fd01-467f-9f45-86c049b6f170/part.1: OK
./minio-data/music-assets/11111111-1111-1111-1111-111111111111/audio/16/161324a7e87d2c91313f0f5e8395c56c3019c1f0a3bfbeb329ce6d4f9ec75f96.wav/c1505124-e741-4723-a502-d2bbbfff8891/part.1: OK
./minio-data/music-assets/11111111-1111-1111-1111-111111111111/audio/16/161324a7e87d2c91313f0f5e8395c56c3019c1f0a3bfbeb329ce6d4f9ec75f96.wav/c972596d-cc85-462e-8328-5e89e1471a22/part.1: OK
./minio-data/music-assets/11111111-1111-1111-1111-111111111111/audio/16/161324a7e87d2c91313f0f5e8395c56c3019c1f0a3bfbeb329ce6d4f9ec75f96.wav/ca1e3121-1a23-4f15-b8d1-54403f8a4903/part.1: OK
./minio-data/music-assets/11111111-1111-1111-1111-111111111111/audio/16/161324a7e87d2c91313f0f5e8395c56c3019c1f0a3bfbeb329ce6d4f9ec75f96.wav/dfa3db6e-7872-492a-aacc-3311dc1eb508/part.1: OK
./minio-data/music-assets/11111111-1111-1111-1111-111111111111/audio/16/161324a7e87d2c91313f0f5e8395c56c3019c1f0a3bfbeb329ce6d4f9ec75f96.wav/e5cabbeb-a1d8-482b-8a64-72fa20845ddb/part.1: OK
./minio-data/music-assets/11111111-1111-1111-1111-111111111111/audio/16/161324a7e87d2c91313f0f5e8395c56c3019c1f0a3bfbeb329ce6d4f9ec75f96.wav/e5ea1b10-cb16-4245-b9da-785887aef872/part.1: OK
./minio-data/music-assets/11111111-1111-1111-1111-111111111111/audio/16/161324a7e87d2c91313f0f5e8395c56c3019c1f0a3bfbeb329ce6d4f9ec75f96.wav/eb3bc7e9-e764-4a59-9057-0ebca2cf601b/part.1: OK
./minio-data/music-assets/11111111-1111-1111-1111-111111111111/audio/16/161324a7e87d2c91313f0f5e8395c56c3019c1f0a3bfbeb329ce6d4f9ec75f96.wav/ec507948-7a77-4e1a-919a-62e1e2cec654/part.1: OK
./minio-data/music-assets/11111111-1111-1111-1111-111111111111/audio/16/161324a7e87d2c91313f0f5e8395c56c3019c1f0a3bfbeb329ce6d4f9ec75f96.wav/f55f35de-ddbf-4827-a551-37dc618d07d8/part.1: OK
./minio-data/music-assets/11111111-1111-1111-1111-111111111111/audio/16/161324a7e87d2c91313f0f5e8395c56c3019c1f0a3bfbeb329ce6d4f9ec75f96.wav/f7a79201-18fb-40c7-8421-e8664c497845/part.1: OK
./minio-data/music-assets/11111111-1111-1111-1111-111111111111/audio/16/161324a7e87d2c91313f0f5e8395c56c3019c1f0a3bfbeb329ce6d4f9ec75f96.wav/f8efdae2-d248-4082-9109-0705da02487c/part.1: OK
./minio-data/music-assets/11111111-1111-1111-1111-111111111111/audio/16/161324a7e87d2c91313f0f5e8395c56c3019c1f0a3bfbeb329ce6d4f9ec75f96.wav/xl.meta: OK
./minio-data/music-assets/11111111-1111-1111-1111-111111111111/audio/17/174d7408136c2e3cf14b58ef6ef482440634110d468ed11e59b8e4620b8af962.wav/030fe250-1b8b-403e-b3b5-e47e5e985ffd/part.1: OK
./minio-data/music-assets/11111111-1111-1111-1111-111111111111/audio/17/174d7408136c2e3cf14b58ef6ef482440634110d468ed11e59b8e4620b8af962.wav/03738b0e-077c-49e3-bfd6-af59024b4f42/part.1: OK
./minio-data/music-assets/11111111-1111-1111-1111-111111111111/audio/17/174d7408136c2e3cf14b58ef6ef482440634110d468ed11e59b8e4620b8af962.wav/03b5b5a0-4e59-49ee-82e9-4e412007bbcf/part.1: OK
./minio-data/music-assets/11111111-1111-1111-1111-111111111111/audio/17/174d7408136c2e3cf14b58ef6ef482440634110d468ed11e59b8e4620b8af962.wav/0663df66-5b29-4569-8e84-cbe9372eb3ef/part.1: OK
./minio-data/music-assets/11111111-1111-1111-1111-111111111111/audio/17/174d7408136c2e3cf14b58ef6ef482440634110d468ed11e59b8e4620b8af962.wav/10e28dec-0921-4e8e-90d6-eef3aa20c8a1/part.1: OK
./minio-data/music-assets/11111111-1111-1111-1111-111111111111/audio/17/174d7408136c2e3cf14b58ef6ef482440634110d468ed11e59b8e4620b8af962.wav/1397c0eb-3eb9-48a1-9a7c-0988e9ab32ae/part.1: OK
./minio-data/music-assets/11111111-1111-1111-1111-111111111111/audio/17/174d7408136c2e3cf14b58ef6ef482440634110d468ed11e59b8e4620b8af962.wav/1c1836fe-fa99-4ff7-aaad-e45095fb1414/part.1: OK
./minio-data/music-assets/11111111-1111-1111-1111-111111111111/audio/17/174d7408136c2e3cf14b58ef6ef482440634110d468ed11e59b8e4620b8af962.wav/1c48c76f-12c0-4e80-b82e-feccc83ca018/part.1: OK
./minio-data/music-assets/11111111-1111-1111-1111-111111111111/audio/17/174d7408136c2e3cf14b58ef6ef482440634110d468ed11e59b8e4620b8af962.wav/1eb2ab5f-daf5-4b5f-ba57-96f680f09c56/part.1: OK
./minio-data/music-assets/11111111-1111-1111-1111-111111111111/audio/17/174d7408136c2e3cf14b58ef6ef482440634110d468ed11e59b8e4620b8af962.wav/21705994-2911-40ed-b6cf-731652cdd0f7/part.1: OK
./minio-data/music-assets/11111111-1111-1111-1111-111111111111/audio/17/174d7408136c2e3cf14b58ef6ef482440634110d468ed11e59b8e4620b8af962.wav/28855fe3-9f24-43a6-aec0-2f55bff9cd33/part.1: OK
./minio-data/music-assets/11111111-1111-1111-1111-111111111111/audio/17/174d7408136c2e3cf14b58ef6ef482440634110d468ed11e59b8e4620b8af962.wav/2e3ad512-59f3-4da9-9ebc-6d5f87c4ceb3/part.1: OK
./minio-data/music-assets/11111111-1111-1111-1111-111111111111/audio/17/174d7408136c2e3cf14b58ef6ef482440634110d468ed11e59b8e4620b8af962.wav/341c9aaa-6c26-44fd-9461-eff550d97b9e/part.1: OK
./minio-data/music-assets/11111111-1111-1111-1111-111111111111/audio/17/174d7408136c2e3cf14b58ef6ef482440634110d468ed11e59b8e4620b8af962.wav/389c9dab-7431-4dc1-b6c2-f70473ecdcf2/part.1: OK
./minio-data/music-assets/11111111-1111-1111-1111-111111111111/audio/17/174d7408136c2e3cf14b58ef6ef482440634110d468ed11e59b8e4620b8af962.wav/3b04292e-2a9a-4d56-a270-8b56b2e679a1/part.1: OK
./minio-data/music-assets/11111111-1111-1111-1111-111111111111/audio/17/174d7408136c2e3cf14b58ef6ef482440634110d468ed11e59b8e4620b8af962.wav/3bc73de5-ed41-44f1-983d-3542da198467/part.1: OK
./minio-data/music-assets/11111111-1111-1111-1111-111111111111/audio/17/174d7408136c2e3cf14b58ef6ef482440634110d468ed11e59b8e4620b8af962.wav/41a17a3b-a7c8-49e5-b36d-5cce3f23c57e/part.1: OK
./minio-data/music-assets/11111111-1111-1111-1111-111111111111/audio/17/174d7408136c2e3cf14b58ef6ef482440634110d468ed11e59b8e4620b8af962.wav/51401408-bf33-4839-a5e5-d0e50098451d/part.1: OK
./minio-data/music-assets/11111111-1111-1111-1111-111111111111/audio/17/174d7408136c2e3cf14b58ef6ef482440634110d468ed11e59b8e4620b8af962.wav/6056352e-6b0c-436c-95cd-d362b9c4ea61/part.1: OK
./minio-data/music-assets/11111111-1111-1111-1111-111111111111/audio/17/174d7408136c2e3cf14b58ef6ef482440634110d468ed11e59b8e4620b8af962.wav/60e4e4ba-caee-45ce-b8d0-dec748979188/part.1: OK
./minio-data/music-assets/11111111-1111-1111-1111-111111111111/audio/17/174d7408136c2e3cf14b58ef6ef482440634110d468ed11e59b8e4620b8af962.wav/63b7c557-a9b7-44fc-b627-511dc0b2fcf3/part.1: OK
./minio-data/music-assets/11111111-1111-1111-1111-111111111111/audio/17/174d7408136c2e3cf14b58ef6ef482440634110d468ed11e59b8e4620b8af962.wav/681d415c-666b-43e8-9aaf-01095cc44b13/part.1: OK
./minio-data/music-assets/11111111-1111-1111-1111-111111111111/audio/17/174d7408136c2e3cf14b58ef6ef482440634110d468ed11e59b8e4620b8af962.wav/6c098e21-4b20-4b3c-ab67-4e931cadc383/part.1: OK
./minio-data/music-assets/11111111-1111-1111-1111-111111111111/audio/17/174d7408136c2e3cf14b58ef6ef482440634110d468ed11e59b8e4620b8af962.wav/70de8397-ab62-4e1c-868c-6c024229c651/part.1: OK
./minio-data/music-assets/11111111-1111-1111-1111-111111111111/audio/17/174d7408136c2e3cf14b58ef6ef482440634110d468ed11e59b8e4620b8af962.wav/71841ba2-652d-44b4-b230-79f389653e75/part.1: OK
./minio-data/music-assets/11111111-1111-1111-1111-111111111111/audio/17/174d7408136c2e3cf14b58ef6ef482440634110d468ed11e59b8e4620b8af962.wav/7ab9af16-35e7-43a9-a2e4-5da135e58bbd/part.1: OK
./minio-data/music-assets/11111111-1111-1111-1111-111111111111/audio/17/174d7408136c2e3cf14b58ef6ef482440634110d468ed11e59b8e4620b8af962.wav/7c68afa7-59d5-4fa3-9e64-afbbb63c4c0e/part.1: OK
./minio-data/music-assets/11111111-1111-1111-1111-111111111111/audio/17/174d7408136c2e3cf14b58ef6ef482440634110d468ed11e59b8e4620b8af962.wav/7c73d30a-e2b4-40a1-bb0c-d179cedb2d4a/part.1: OK
./minio-data/music-assets/11111111-1111-1111-1111-111111111111/audio/17/174d7408136c2e3cf14b58ef6ef482440634110d468ed11e59b8e4620b8af962.wav/7effc45c-cc15-44ab-b18f-de15b95aa8b4/part.1: OK
./minio-data/music-assets/11111111-1111-1111-1111-111111111111/audio/17/174d7408136c2e3cf14b58ef6ef482440634110d468ed11e59b8e4620b8af962.wav/8248d302-a7eb-4589-86fd-b00b31915ee9/part.1: OK
./minio-data/music-assets/11111111-1111-1111-1111-111111111111/audio/17/174d7408136c2e3cf14b58ef6ef482440634110d468ed11e59b8e4620b8af962.wav/839bab7e-ef1c-4370-b2e2-a9b5931ed838/part.1: OK
./minio-data/music-assets/11111111-1111-1111-1111-111111111111/audio/17/174d7408136c2e3cf14b58ef6ef482440634110d468ed11e59b8e4620b8af962.wav/8e1618c3-e7e9-4dff-ba23-49c109316741/part.1: OK
./minio-data/music-assets/11111111-1111-1111-1111-111111111111/audio/17/174d7408136c2e3cf14b58ef6ef482440634110d468ed11e59b8e4620b8af962.wav/91e92dca-abbb-41b1-b1b5-8b57aed1f905/part.1: OK
./minio-data/music-assets/11111111-1111-1111-1111-111111111111/audio/17/174d7408136c2e3cf14b58ef6ef482440634110d468ed11e59b8e4620b8af962.wav/92285f18-99a6-426d-a724-d3fc5dae31cb/part.1: OK
./minio-data/music-assets/11111111-1111-1111-1111-111111111111/audio/17/174d7408136c2e3cf14b58ef6ef482440634110d468ed11e59b8e4620b8af962.wav/93ca7c9f-365d-4dd3-9b34-05cbe2f0dac6/part.1: OK
./minio-data/music-assets/11111111-1111-1111-1111-111111111111/audio/17/174d7408136c2e3cf14b58ef6ef482440634110d468ed11e59b8e4620b8af962.wav/9cb65f11-f022-40fc-9997-33b1d7620812/part.1: OK
./minio-data/music-assets/11111111-1111-1111-1111-111111111111/audio/17/174d7408136c2e3cf14b58ef6ef482440634110d468ed11e59b8e4620b8af962.wav/a403c52a-52b8-4a15-aaf1-a18e0cb3563a/part.1: OK
./minio-data/music-assets/11111111-1111-1111-1111-111111111111/audio/17/174d7408136c2e3cf14b58ef6ef482440634110d468ed11e59b8e4620b8af962.wav/a97e970b-9477-4bb4-9cfd-3e80bf14ef57/part.1: OK
./minio-data/music-assets/11111111-1111-1111-1111-111111111111/audio/17/174d7408136c2e3cf14b58ef6ef482440634110d468ed11e59b8e4620b8af962.wav/b5656c32-02a0-4778-8928-04693e00171c/part.1: OK
./minio-data/music-assets/11111111-1111-1111-1111-111111111111/audio/17/174d7408136c2e3cf14b58ef6ef482440634110d468ed11e59b8e4620b8af962.wav/b722d6a7-0b70-4efa-8552-849fb4aeddfc/part.1: OK
./minio-data/music-assets/11111111-1111-1111-1111-111111111111/audio/17/174d7408136c2e3cf14b58ef6ef482440634110d468ed11e59b8e4620b8af962.wav/be34691f-d076-4b85-b675-49b6baf0b0d2/part.1: OK
./minio-data/music-assets/11111111-1111-1111-1111-111111111111/audio/17/174d7408136c2e3cf14b58ef6ef482440634110d468ed11e59b8e4620b8af962.wav/c21af537-039b-493c-9f67-f27dc323f787/part.1: OK
./minio-data/music-assets/11111111-1111-1111-1111-111111111111/audio/17/174d7408136c2e3cf14b58ef6ef482440634110d468ed11e59b8e4620b8af962.wav/c4d310c6-85db-4e8c-b70e-9195ab7b9a2e/part.1: OK
./minio-data/music-assets/11111111-1111-1111-1111-111111111111/audio/17/174d7408136c2e3cf14b58ef6ef482440634110d468ed11e59b8e4620b8af962.wav/c950b28b-83d8-423d-a847-8ad321be5b04/part.1: OK
./minio-data/music-assets/11111111-1111-1111-1111-111111111111/audio/17/174d7408136c2e3cf14b58ef6ef482440634110d468ed11e59b8e4620b8af962.wav/c9b10b9c-da62-4324-89eb-480d2ded233b/part.1: OK
./minio-data/music-assets/11111111-1111-1111-1111-111111111111/audio/17/174d7408136c2e3cf14b58ef6ef482440634110d468ed11e59b8e4620b8af962.wav/xl.meta: OK
./minio-data/music-assets/11111111-1111-1111-1111-111111111111/audio/18/188867ae518b1edf01ab4a584bc19cb4691d138f549b38e37ae6e22c9a5e7f83.wav/10b37318-1a53-487d-923b-b3fdf3f30c33/part.1: OK
./minio-data/music-assets/11111111-1111-1111-1111-111111111111/audio/18/188867ae518b1edf01ab4a584bc19cb4691d138f549b38e37ae6e22c9a5e7f83.wav/14dedd77-07f0-4e44-8a15-128e1142c429/part.1: OK
./minio-data/music-assets/11111111-1111-1111-1111-111111111111/audio/18/188867ae518b1edf01ab4a584bc19cb4691d138f549b38e37ae6e22c9a5e7f83.wav/151553ea-0d2f-4895-a333-391062318a40/part.1: OK
./minio-data/music-assets/11111111-1111-1111-1111-111111111111/audio/18/188867ae518b1edf01ab4a584bc19cb4691d138f549b38e37ae6e22c9a5e7f83.wav/169cdebf-906f-47b0-bb45-c150a22f4a3e/part.1: OK
./minio-data/music-assets/11111111-1111-1111-1111-111111111111/audio/18/188867ae518b1edf01ab4a584bc19cb4691d138f549b38e37ae6e22c9a5e7f83.wav/1ce4127d-5087-4c06-8919-3a6f28b4bd04/part.1: OK
./minio-data/music-assets/11111111-1111-1111-1111-111111111111/audio/18/188867ae518b1edf01ab4a584bc19cb4691d138f549b38e37ae6e22c9a5e7f83.wav/25fc045c-8ead-4fce-ba93-788bdfe3f1f6/part.1: OK
./minio-data/music-assets/11111111-1111-1111-1111-111111111111/audio/18/188867ae518b1edf01ab4a584bc19cb4691d138f549b38e37ae6e22c9a5e7f83.wav/2f93f568-3d19-4647-a02b-18b25c654bf6/part.1: OK
./minio-data/music-assets/11111111-1111-1111-1111-111111111111/audio/18/188867ae518b1edf01ab4a584bc19cb4691d138f549b38e37ae6e22c9a5e7f83.wav/374fef97-df73-4de6-8c7c-4952896e3d5d/part.1: OK
./minio-data/music-assets/11111111-1111-1111-1111-111111111111/audio/18/188867ae518b1edf01ab4a584bc19cb4691d138f549b38e37ae6e22c9a5e7f83.wav/3e09b2bc-ed27-4bfd-b419-844fdaaaab26/part.1: OK
./minio-data/music-assets/11111111-1111-1111-1111-111111111111/audio/18/188867ae518b1edf01ab4a584bc19cb4691d138f549b38e37ae6e22c9a5e7f83.wav/476c4c5a-2e81-4991-9588-a616450ed221/part.1: OK
./minio-data/music-assets/11111111-1111-1111-1111-111111111111/audio/18/188867ae518b1edf01ab4a584bc19cb4691d138f549b38e37ae6e22c9a5e7f83.wav/491c1b21-c1b7-42fd-bdf2-6eb6612ee14f/part.1: OK
./minio-data/music-assets/11111111-1111-1111-1111-111111111111/audio/18/188867ae518b1edf01ab4a584bc19cb4691d138f549b38e37ae6e22c9a5e7f83.wav/512ac8dc-1e19-426d-93d7-9f66767b56b0/part.1: OK
./minio-data/music-assets/11111111-1111-1111-1111-111111111111/audio/18/188867ae518b1edf01ab4a584bc19cb4691d138f549b38e37ae6e22c9a5e7f83.wav/52c0658b-3350-44da-888f-19b87efcccad/part.1: OK
./minio-data/music-assets/11111111-1111-1111-1111-111111111111/audio/18/188867ae518b1edf01ab4a584bc19cb4691d138f549b38e37ae6e22c9a5e7f83.wav/56164a22-ec63-4afb-89a9-42d42b6ac2af/part.1: OK
./minio-data/music-assets/11111111-1111-1111-1111-111111111111/audio/18/188867ae518b1edf01ab4a584bc19cb4691d138f549b38e37ae6e22c9a5e7f83.wav/60ba3d60-df44-4127-8a54-bb6916559121/part.1: OK
./minio-data/music-assets/11111111-1111-1111-1111-111111111111/audio/18/188867ae518b1edf01ab4a584bc19cb4691d138f549b38e37ae6e22c9a5e7f83.wav/60d44693-52b4-42e1-b1ef-5a220fc77675/part.1: OK
./minio-data/music-assets/11111111-1111-1111-1111-111111111111/audio/18/188867ae518b1edf01ab4a584bc19cb4691d138f549b38e37ae6e22c9a5e7f83.wav/658ccd34-a462-4b4a-9fd3-2a4828aa9aa0/part.1: OK
./minio-data/music-assets/11111111-1111-1111-1111-111111111111/audio/18/188867ae518b1edf01ab4a584bc19cb4691d138f549b38e37ae6e22c9a5e7f83.wav/70c036e2-fa67-435b-a296-147bad6ac389/part.1: OK
./minio-data/music-assets/11111111-1111-1111-1111-111111111111/audio/18/188867ae518b1edf01ab4a584bc19cb4691d138f549b38e37ae6e22c9a5e7f83.wav/72c0d845-8e11-440e-8fee-388d0163eb19/part.1: OK
./minio-data/music-assets/11111111-1111-1111-1111-111111111111/audio/18/188867ae518b1edf01ab4a584bc19cb4691d138f549b38e37ae6e22c9a5e7f83.wav/74276aa5-879d-40fe-b5cc-d14d94bf9e08/part.1: OK
./minio-data/music-assets/11111111-1111-1111-1111-111111111111/audio/18/188867ae518b1edf01ab4a584bc19cb4691d138f549b38e37ae6e22c9a5e7f83.wav/85613913-2965-4acd-b5bf-a4ca0ded9b6b/part.1: OK
./minio-data/music-assets/11111111-1111-1111-1111-111111111111/audio/18/188867ae518b1edf01ab4a584bc19cb4691d138f549b38e37ae6e22c9a5e7f83.wav/99dfdf26-500b-4241-a9a4-759e12b33ff5/part.1: OK
./minio-data/music-assets/11111111-1111-1111-1111-111111111111/audio/18/188867ae518b1edf01ab4a584bc19cb4691d138f549b38e37ae6e22c9a5e7f83.wav/9f5fc906-ed0b-41d1-b00e-451edf0658a2/part.1: OK
./minio-data/music-assets/11111111-1111-1111-1111-111111111111/audio/18/188867ae518b1edf01ab4a584bc19cb4691d138f549b38e37ae6e22c9a5e7f83.wav/a034c1f8-0439-424c-a446-fdace2fcd439/part.1: OK
./minio-data/music-assets/11111111-1111-1111-1111-111111111111/audio/18/188867ae518b1edf01ab4a584bc19cb4691d138f549b38e37ae6e22c9a5e7f83.wav/a0bd2311-acf5-4ea7-b2e6-d8de866be383/part.1: OK
./minio-data/music-assets/11111111-1111-1111-1111-111111111111/audio/18/188867ae518b1edf01ab4a584bc19cb4691d138f549b38e37ae6e22c9a5e7f83.wav/a527f34a-f1dd-437d-b884-c3a8ce07c70e/part.1: OK
./minio-data/music-assets/11111111-1111-1111-1111-111111111111/audio/18/188867ae518b1edf01ab4a584bc19cb4691d138f549b38e37ae6e22c9a5e7f83.wav/a6017fdb-9fb8-4374-b812-c8b374363002/part.1: OK
./minio-data/music-assets/11111111-1111-1111-1111-111111111111/audio/18/188867ae518b1edf01ab4a584bc19cb4691d138f549b38e37ae6e22c9a5e7f83.wav/ab743422-bba7-4566-a99b-573d451d441b/part.1: OK
./minio-data/music-assets/11111111-1111-1111-1111-111111111111/audio/18/188867ae518b1edf01ab4a584bc19cb4691d138f549b38e37ae6e22c9a5e7f83.wav/af77309e-4896-459f-a45d-63ae913516c2/part.1: OK
./minio-data/music-assets/11111111-1111-1111-1111-111111111111/audio/18/188867ae518b1edf01ab4a584bc19cb4691d138f549b38e37ae6e22c9a5e7f83.wav/b5957454-ad6e-4863-a5f0-c252999ac891/part.1: OK
./minio-data/music-assets/11111111-1111-1111-1111-111111111111/audio/18/188867ae518b1edf01ab4a584bc19cb4691d138f549b38e37ae6e22c9a5e7f83.wav/b6ec851e-e834-43bd-9036-338396fcdaaf/part.1: OK
./minio-data/music-assets/11111111-1111-1111-1111-111111111111/audio/18/188867ae518b1edf01ab4a584bc19cb4691d138f549b38e37ae6e22c9a5e7f83.wav/b9c1847d-47a5-4406-92a2-1a31c89e4ef7/part.1: OK
./minio-data/music-assets/11111111-1111-1111-1111-111111111111/audio/18/188867ae518b1edf01ab4a584bc19cb4691d138f549b38e37ae6e22c9a5e7f83.wav/c5f0d8f5-83db-48af-abac-592e68af8fc9/part.1: OK
./minio-data/music-assets/11111111-1111-1111-1111-111111111111/audio/18/188867ae518b1edf01ab4a584bc19cb4691d138f549b38e37ae6e22c9a5e7f83.wav/cb87d2cf-acb0-4784-93cc-f31be2425457/part.1: OK
./minio-data/music-assets/11111111-1111-1111-1111-111111111111/audio/18/188867ae518b1edf01ab4a584bc19cb4691d138f549b38e37ae6e22c9a5e7f83.wav/d214d424-31e3-42c8-9eec-7f287aa7fbd1/part.1: OK
./minio-data/music-assets/11111111-1111-1111-1111-111111111111/audio/18/188867ae518b1edf01ab4a584bc19cb4691d138f549b38e37ae6e22c9a5e7f83.wav/d7d4be09-15a9-4a1b-85b7-55b3976a807b/part.1: OK
./minio-data/music-assets/11111111-1111-1111-1111-111111111111/audio/18/188867ae518b1edf01ab4a584bc19cb4691d138f549b38e37ae6e22c9a5e7f83.wav/d853577f-959e-4e1e-a6da-016770d9f985/part.1: OK
./minio-data/music-assets/11111111-1111-1111-1111-111111111111/audio/18/188867ae518b1edf01ab4a584bc19cb4691d138f549b38e37ae6e22c9a5e7f83.wav/e06ada52-f885-4c21-a3d2-d2f61105f4b3/part.1: OK
./minio-data/music-assets/11111111-1111-1111-1111-111111111111/audio/18/188867ae518b1edf01ab4a584bc19cb4691d138f549b38e37ae6e22c9a5e7f83.wav/e8cf223e-05bf-4c50-af0c-013c36f438d6/part.1: OK
./minio-data/music-assets/11111111-1111-1111-1111-111111111111/audio/18/188867ae518b1edf01ab4a584bc19cb4691d138f549b38e37ae6e22c9a5e7f83.wav/eaa64d4e-179c-439b-b620-8b66f1284d60/part.1: OK
./minio-data/music-assets/11111111-1111-1111-1111-111111111111/audio/18/188867ae518b1edf01ab4a584bc19cb4691d138f549b38e37ae6e22c9a5e7f83.wav/ed998874-ced3-4b25-a7e8-ff99d996be6b/part.1: OK
./minio-data/music-assets/11111111-1111-1111-1111-111111111111/audio/18/188867ae518b1edf01ab4a584bc19cb4691d138f549b38e37ae6e22c9a5e7f83.wav/xl.meta: OK
./minio-data/music-assets/11111111-1111-1111-1111-111111111111/audio/18/18bff3ae433b0bd205342d917b8b26e2c01f3bb09336f36e68e6104821b71014.wav/03f7c7b6-20fa-4c00-89f1-413f34611ab0/part.1: OK
./minio-data/music-assets/11111111-1111-1111-1111-111111111111/audio/18/18bff3ae433b0bd205342d917b8b26e2c01f3bb09336f36e68e6104821b71014.wav/04203d46-8ba5-46e6-bf02-999640ae2cbb/part.1: OK
./minio-data/music-assets/11111111-1111-1111-1111-111111111111/audio/18/18bff3ae433b0bd205342d917b8b26e2c01f3bb09336f36e68e6104821b71014.wav/1862cc99-fd93-4d03-b2a2-c229b824e8b9/part.1: OK
./minio-data/music-assets/11111111-1111-1111-1111-111111111111/audio/18/18bff3ae433b0bd205342d917b8b26e2c01f3bb09336f36e68e6104821b71014.wav/1b62b806-0505-41b0-b4c8-9865b3eef2c4/part.1: OK
./minio-data/music-assets/11111111-1111-1111-1111-111111111111/audio/18/18bff3ae433b0bd205342d917b8b26e2c01f3bb09336f36e68e6104821b71014.wav/1e8d4833-4abe-4a1a-aa53-73022c572e8f/part.1: OK
./minio-data/music-assets/11111111-1111-1111-1111-111111111111/audio/18/18bff3ae433b0bd205342d917b8b26e2c01f3bb09336f36e68e6104821b71014.wav/2297c08a-bdfe-4cb1-88a6-4b542a3013ce/part.1: OK
./minio-data/music-assets/11111111-1111-1111-1111-111111111111/audio/18/18bff3ae433b0bd205342d917b8b26e2c01f3bb09336f36e68e6104821b71014.wav/231672dc-8983-46fa-80d8-6077b2e0a3b1/part.1: OK
./minio-data/music-assets/11111111-1111-1111-1111-111111111111/audio/18/18bff3ae433b0bd205342d917b8b26e2c01f3bb09336f36e68e6104821b71014.wav/2d961230-30c8-4796-9d5f-a4578a225ee9/part.1: OK
./minio-data/music-assets/11111111-1111-1111-1111-111111111111/audio/18/18bff3ae433b0bd205342d917b8b26e2c01f3bb09336f36e68e6104821b71014.wav/30828b6f-35cb-4ddb-a63d-03e58b3853d6/part.1: OK
./minio-data/music-assets/11111111-1111-1111-1111-111111111111/audio/18/18bff3ae433b0bd205342d917b8b26e2c01f3bb09336f36e68e6104821b71014.wav/32933410-1746-4d10-987c-a66fa64cc2e8/part.1: OK
./minio-data/music-assets/11111111-1111-1111-1111-111111111111/audio/18/18bff3ae433b0bd205342d917b8b26e2c01f3bb09336f36e68e6104821b71014.wav/346bd230-bc5e-40c3-a119-ed55316fbef3/part.1: OK
./minio-data/music-assets/11111111-1111-1111-1111-111111111111/audio/18/18bff3ae433b0bd205342d917b8b26e2c01f3bb09336f36e68e6104821b71014.wav/3f46d0f0-6dc1-4a21-b44a-3fb0f0e16a44/part.1: OK
./minio-data/music-assets/11111111-1111-1111-1111-111111111111/audio/18/18bff3ae433b0bd205342d917b8b26e2c01f3bb09336f36e68e6104821b71014.wav/42105312-b2e7-4616-8b1c-008746786704/part.1: OK
./minio-data/music-assets/11111111-1111-1111-1111-111111111111/audio/18/18bff3ae433b0bd205342d917b8b26e2c01f3bb09336f36e68e6104821b71014.wav/483df8fa-8ce8-4594-9993-edec48e1b0c0/part.1: OK
./minio-data/music-assets/11111111-1111-1111-1111-111111111111/audio/18/18bff3ae433b0bd205342d917b8b26e2c01f3bb09336f36e68e6104821b71014.wav/4a2713c1-7955-4183-a413-37510b8fbfa0/part.1: OK
./minio-data/music-assets/11111111-1111-1111-1111-111111111111/audio/18/18bff3ae433b0bd205342d917b8b26e2c01f3bb09336f36e68e6104821b71014.wav/4fb8a5d3-2cae-4ef3-9d85-921b11022ac8/part.1: OK
./minio-data/music-assets/11111111-1111-1111-1111-111111111111/audio/18/18bff3ae433b0bd205342d917b8b26e2c01f3bb09336f36e68e6104821b71014.wav/5157acb7-acee-42de-ad94-80a79d1f9c0a/part.1: OK
./minio-data/music-assets/11111111-1111-1111-1111-111111111111/audio/18/18bff3ae433b0bd205342d917b8b26e2c01f3bb09336f36e68e6104821b71014.wav/56def247-bce0-487a-b0ff-f115fc25a7ff/part.1: OK
./minio-data/music-assets/11111111-1111-1111-1111-111111111111/audio/18/18bff3ae433b0bd205342d917b8b26e2c01f3bb09336f36e68e6104821b71014.wav/5d6f27c4-e084-49bd-b1a3-44367b2753e3/part.1: OK
./minio-data/music-assets/11111111-1111-1111-1111-111111111111/audio/18/18bff3ae433b0bd205342d917b8b26e2c01f3bb09336f36e68e6104821b71014.wav/6fc8edaa-636f-4e84-902f-6be59f298caa/part.1: OK
./minio-data/music-assets/11111111-1111-1111-1111-111111111111/audio/18/18bff3ae433b0bd205342d917b8b26e2c01f3bb09336f36e68e6104821b71014.wav/6ff48ea3-e2f8-4d27-ae40-10dc156c8475/part.1: OK
./minio-data/music-assets/11111111-1111-1111-1111-111111111111/audio/18/18bff3ae433b0bd205342d917b8b26e2c01f3bb09336f36e68e6104821b71014.wav/719b1284-457b-4fbd-8c03-b70fd1ef364d/part.1: OK
./minio-data/music-assets/11111111-1111-1111-1111-111111111111/audio/18/18bff3ae433b0bd205342d917b8b26e2c01f3bb09336f36e68e6104821b71014.wav/7c84b0fc-35eb-49e6-927f-3133a6bc462d/part.1: OK
./minio-data/music-assets/11111111-1111-1111-1111-111111111111/audio/18/18bff3ae433b0bd205342d917b8b26e2c01f3bb09336f36e68e6104821b71014.wav/7cba3856-7fd6-4d06-9866-089674e64790/part.1: OK
./minio-data/music-assets/11111111-1111-1111-1111-111111111111/audio/18/18bff3ae433b0bd205342d917b8b26e2c01f3bb09336f36e68e6104821b71014.wav/804105bc-65e3-409a-8fb3-104d9be13d8d/part.1: OK
./minio-data/music-assets/11111111-1111-1111-1111-111111111111/audio/18/18bff3ae433b0bd205342d917b8b26e2c01f3bb09336f36e68e6104821b71014.wav/82c69942-6465-4844-b228-6cc784e87a24/part.1: OK
./minio-data/music-assets/11111111-1111-1111-1111-111111111111/audio/18/18bff3ae433b0bd205342d917b8b26e2c01f3bb09336f36e68e6104821b71014.wav/88b17948-9965-4651-b486-c64efee60d46/part.1: OK
./minio-data/music-assets/11111111-1111-1111-1111-111111111111/audio/18/18bff3ae433b0bd205342d917b8b26e2c01f3bb09336f36e68e6104821b71014.wav/8bd064c1-0afa-4c0a-9951-aebdf93903d6/part.1: OK
./minio-data/music-assets/11111111-1111-1111-1111-111111111111/audio/18/18bff3ae433b0bd205342d917b8b26e2c01f3bb09336f36e68e6104821b71014.wav/99824676-5e19-4df8-8df4-83d80ecd7614/part.1: OK
./minio-data/music-assets/11111111-1111-1111-1111-111111111111/audio/18/18bff3ae433b0bd205342d917b8b26e2c01f3bb09336f36e68e6104821b71014.wav/9f8e16ad-acb5-4e0a-8268-b034d0aea225/part.1: OK
./minio-data/music-assets/11111111-1111-1111-1111-111111111111/audio/18/18bff3ae433b0bd205342d917b8b26e2c01f3bb09336f36e68e6104821b71014.wav/a0c322d2-8d68-4cf3-a8de-b909dbc6008e/part.1: OK
./minio-data/music-assets/11111111-1111-1111-1111-111111111111/audio/18/18bff3ae433b0bd205342d917b8b26e2c01f3bb09336f36e68e6104821b71014.wav/b7b00c0b-f973-4684-89b8-9496409120b5/part.1: OK
./minio-data/music-assets/11111111-1111-1111-1111-111111111111/audio/18/18bff3ae433b0bd205342d917b8b26e2c01f3bb09336f36e68e6104821b71014.wav/b9e010e7-06d0-4aec-aeb5-b6abd26bca80/part.1: OK
./minio-data/music-assets/11111111-1111-1111-1111-111111111111/audio/18/18bff3ae433b0bd205342d917b8b26e2c01f3bb09336f36e68e6104821b71014.wav/c67f2f1f-3e16-42f0-a3ec-dc3dc9bb2d48/part.1: OK
./minio-data/music-assets/11111111-1111-1111-1111-111111111111/audio/18/18bff3ae433b0bd205342d917b8b26e2c01f3bb09336f36e68e6104821b71014.wav/c7404448-a9c9-4dd3-9152-e207a264a4b4/part.1: OK
./minio-data/music-assets/11111111-1111-1111-1111-111111111111/audio/18/18bff3ae433b0bd205342d917b8b26e2c01f3bb09336f36e68e6104821b71014.wav/d7317da3-6b0b-434b-b57b-65cd50df8011/part.1: OK
./minio-data/music-assets/11111111-1111-1111-1111-111111111111/audio/18/18bff3ae433b0bd205342d917b8b26e2c01f3bb09336f36e68e6104821b71014.wav/dcad29d9-0f91-4cc9-89a0-1d6336d4396f/part.1: OK
./minio-data/music-assets/11111111-1111-1111-1111-111111111111/audio/18/18bff3ae433b0bd205342d917b8b26e2c01f3bb09336f36e68e6104821b71014.wav/df302ad9-1a66-4078-beaa-c01bfed39f3a/part.1: OK
./minio-data/music-assets/11111111-1111-1111-1111-111111111111/audio/18/18bff3ae433b0bd205342d917b8b26e2c01f3bb09336f36e68e6104821b71014.wav/e035ff94-663f-4b83-8efd-20019cf652c1/part.1: OK
./minio-data/music-assets/11111111-1111-1111-1111-111111111111/audio/18/18bff3ae433b0bd205342d917b8b26e2c01f3bb09336f36e68e6104821b71014.wav/e96280af-5fe4-477b-a4ab-aab1a054d8b0/part.1: OK
./minio-data/music-assets/11111111-1111-1111-1111-111111111111/audio/18/18bff3ae433b0bd205342d917b8b26e2c01f3bb09336f36e68e6104821b71014.wav/eb523bb2-a179-41cb-8d26-f543b82c9c6b/part.1: OK
./minio-data/music-assets/11111111-1111-1111-1111-111111111111/audio/18/18bff3ae433b0bd205342d917b8b26e2c01f3bb09336f36e68e6104821b71014.wav/ec55d751-86bd-4d22-9e5d-cb0ad228c990/part.1: OK
./minio-data/music-assets/11111111-1111-1111-1111-111111111111/audio/18/18bff3ae433b0bd205342d917b8b26e2c01f3bb09336f36e68e6104821b71014.wav/f2b5ea8f-dc44-4985-a394-f5b7b85a13bd/part.1: OK
./minio-data/music-assets/11111111-1111-1111-1111-111111111111/audio/18/18bff3ae433b0bd205342d917b8b26e2c01f3bb09336f36e68e6104821b71014.wav/f4a7b188-8b33-4fd9-ad49-06c6454951dd/part.1: OK
./minio-data/music-assets/11111111-1111-1111-1111-111111111111/audio/18/18bff3ae433b0bd205342d917b8b26e2c01f3bb09336f36e68e6104821b71014.wav/f7da3755-8672-4f21-af48-dbee73907a1e/part.1: OK
./minio-data/music-assets/11111111-1111-1111-1111-111111111111/audio/18/18bff3ae433b0bd205342d917b8b26e2c01f3bb09336f36e68e6104821b71014.wav/f9a53a9b-8bdc-42c6-ada2-528b24380375/part.1: OK
./minio-data/music-assets/11111111-1111-1111-1111-111111111111/audio/18/18bff3ae433b0bd205342d917b8b26e2c01f3bb09336f36e68e6104821b71014.wav/fbc3554a-55a4-45e4-b657-5e1d14dec4c6/part.1: OK
./minio-data/music-assets/11111111-1111-1111-1111-111111111111/audio/18/18bff3ae433b0bd205342d917b8b26e2c01f3bb09336f36e68e6104821b71014.wav/xl.meta: OK
./minio-data/music-assets/11111111-1111-1111-1111-111111111111/audio/18/18cdf7829353a4acdd0de393542a4a2db51b0525963cdd607bff6ad436ec19ab.wav/021951cc-3283-415f-b0e1-e450fc920027/part.1: OK
./minio-data/music-assets/11111111-1111-1111-1111-111111111111/audio/18/18cdf7829353a4acdd0de393542a4a2db51b0525963cdd607bff6ad436ec19ab.wav/06b6f228-a82d-4aca-8a54-4f2cf2956dfa/part.1: OK
./minio-data/music-assets/11111111-1111-1111-1111-111111111111/audio/18/18cdf7829353a4acdd0de393542a4a2db51b0525963cdd607bff6ad436ec19ab.wav/13990d6a-75c5-4245-b0e3-66693cc517f1/part.1: OK
./minio-data/music-assets/11111111-1111-1111-1111-111111111111/audio/18/18cdf7829353a4acdd0de393542a4a2db51b0525963cdd607bff6ad436ec19ab.wav/1c157fff-65ca-49a3-a994-9708b9180e3f/part.1: OK
./minio-data/music-assets/11111111-1111-1111-1111-111111111111/audio/18/18cdf7829353a4acdd0de393542a4a2db51b0525963cdd607bff6ad436ec19ab.wav/24be156d-94b0-43b6-9537-fbd01503614f/part.1: OK
./minio-data/music-assets/11111111-1111-1111-1111-111111111111/audio/18/18cdf7829353a4acdd0de393542a4a2db51b0525963cdd607bff6ad436ec19ab.wav/341f3492-3e78-43f1-aa0f-138a341acdac/part.1: OK
./minio-data/music-assets/11111111-1111-1111-1111-111111111111/audio/18/18cdf7829353a4acdd0de393542a4a2db51b0525963cdd607bff6ad436ec19ab.wav/3c71831b-c2df-40f3-a10c-41e4638a02ae/part.1: OK
./minio-data/music-assets/11111111-1111-1111-1111-111111111111/audio/18/18cdf7829353a4acdd0de393542a4a2db51b0525963cdd607bff6ad436ec19ab.wav/43fc645b-8568-4f1d-923f-fb018b59f55b/part.1: OK
./minio-data/music-assets/11111111-1111-1111-1111-111111111111/audio/18/18cdf7829353a4acdd0de393542a4a2db51b0525963cdd607bff6ad436ec19ab.wav/4d23106b-2b6a-4def-91ec-08d0fbef80b1/part.1: OK
./minio-data/music-assets/11111111-1111-1111-1111-111111111111/audio/18/18cdf7829353a4acdd0de393542a4a2db51b0525963cdd607bff6ad436ec19ab.wav/5033c7f0-f4c2-4ae2-b309-db8946770d55/part.1: OK
./minio-data/music-assets/11111111-1111-1111-1111-111111111111/audio/18/18cdf7829353a4acdd0de393542a4a2db51b0525963cdd607bff6ad436ec19ab.wav/6091a760-ec68-49f9-85cf-a2831d4708c3/part.1: OK
./minio-data/music-assets/11111111-1111-1111-1111-111111111111/audio/18/18cdf7829353a4acdd0de393542a4a2db51b0525963cdd607bff6ad436ec19ab.wav/64835100-0691-4f4b-a0a5-a9c7ee8e0761/part.1: OK
./minio-data/music-assets/11111111-1111-1111-1111-111111111111/audio/18/18cdf7829353a4acdd0de393542a4a2db51b0525963cdd607bff6ad436ec19ab.wav/66410c24-5a5a-4c4d-b7f4-33ea9f754779/part.1: OK
./minio-data/music-assets/11111111-1111-1111-1111-111111111111/audio/18/18cdf7829353a4acdd0de393542a4a2db51b0525963cdd607bff6ad436ec19ab.wav/67e1907c-ba7d-47e2-806e-c7fad906c11f/part.1: OK
./minio-data/music-assets/11111111-1111-1111-1111-111111111111/audio/18/18cdf7829353a4acdd0de393542a4a2db51b0525963cdd607bff6ad436ec19ab.wav/6f50d0ec-ae33-4a4c-b046-def9954584ec/part.1: OK
./minio-data/music-assets/11111111-1111-1111-1111-111111111111/audio/18/18cdf7829353a4acdd0de393542a4a2db51b0525963cdd607bff6ad436ec19ab.wav/70865d84-a5f7-4512-8af4-394567403a1f/part.1: OK
./minio-data/music-assets/11111111-1111-1111-1111-111111111111/audio/18/18cdf7829353a4acdd0de393542a4a2db51b0525963cdd607bff6ad436ec19ab.wav/714e0cc1-1be3-4bbb-9898-ddc4a5d9840e/part.1: OK
./minio-data/music-assets/11111111-1111-1111-1111-111111111111/audio/18/18cdf7829353a4acdd0de393542a4a2db51b0525963cdd607bff6ad436ec19ab.wav/76d7a231-155d-4c0d-a5e1-97cf51e9952a/part.1: OK
./minio-data/music-assets/11111111-1111-1111-1111-111111111111/audio/18/18cdf7829353a4acdd0de393542a4a2db51b0525963cdd607bff6ad436ec19ab.wav/7d33cd72-8cae-454d-b671-a3ef1c708402/part.1: OK
./minio-data/music-assets/11111111-1111-1111-1111-111111111111/audio/18/18cdf7829353a4acdd0de393542a4a2db51b0525963cdd607bff6ad436ec19ab.wav/7fc7de8a-7af6-4a44-8f51-6aea48e7789e/part.1: OK
./minio-data/music-assets/11111111-1111-1111-1111-111111111111/audio/18/18cdf7829353a4acdd0de393542a4a2db51b0525963cdd607bff6ad436ec19ab.wav/86237f1e-70a3-4d38-b23b-9085eaf09bad/part.1: OK
./minio-data/music-assets/11111111-1111-1111-1111-111111111111/audio/18/18cdf7829353a4acdd0de393542a4a2db51b0525963cdd607bff6ad436ec19ab.wav/8c6248cc-bab2-4146-b119-e8a64ce78335/part.1: OK
./minio-data/music-assets/11111111-1111-1111-1111-111111111111/audio/18/18cdf7829353a4acdd0de393542a4a2db51b0525963cdd607bff6ad436ec19ab.wav/8d4aae9c-4e57-492b-aff3-2c322a138f19/part.1: OK
./minio-data/music-assets/11111111-1111-1111-1111-111111111111/audio/18/18cdf7829353a4acdd0de393542a4a2db51b0525963cdd607bff6ad436ec19ab.wav/8ecc9aa6-23c0-407d-8b8b-11d58e5c5152/part.1: OK
./minio-data/music-assets/11111111-1111-1111-1111-111111111111/audio/18/18cdf7829353a4acdd0de393542a4a2db51b0525963cdd607bff6ad436ec19ab.wav/9e153c96-5e7d-4cd9-a178-b07a377df936/part.1: OK
./minio-data/music-assets/11111111-1111-1111-1111-111111111111/audio/18/18cdf7829353a4acdd0de393542a4a2db51b0525963cdd607bff6ad436ec19ab.wav/9f1aa9b1-57ec-438d-b8da-7a33006e7aa2/part.1: OK
./minio-data/music-assets/11111111-1111-1111-1111-111111111111/audio/18/18cdf7829353a4acdd0de393542a4a2db51b0525963cdd607bff6ad436ec19ab.wav/a6283222-1b03-4a95-82aa-461f53830ba3/part.1: OK
./minio-data/music-assets/11111111-1111-1111-1111-111111111111/audio/18/18cdf7829353a4acdd0de393542a4a2db51b0525963cdd607bff6ad436ec19ab.wav/c4609c64-f961-4078-958c-0a267591da5d/part.1: OK
./minio-data/music-assets/11111111-1111-1111-1111-111111111111/audio/18/18cdf7829353a4acdd0de393542a4a2db51b0525963cdd607bff6ad436ec19ab.wav/d083f72f-134c-4d6d-a6e0-f866d1c26717/part.1: OK
./minio-data/music-assets/11111111-1111-1111-1111-111111111111/audio/18/18cdf7829353a4acdd0de393542a4a2db51b0525963cdd607bff6ad436ec19ab.wav/ddc5c7ab-961b-47d3-a932-6baafe8df5b4/part.1: OK
./minio-data/music-assets/11111111-1111-1111-1111-111111111111/audio/18/18cdf7829353a4acdd0de393542a4a2db51b0525963cdd607bff6ad436ec19ab.wav/e3d8561f-0de2-4a2c-bfbe-7617d80517ba/part.1: OK
./minio-data/music-assets/11111111-1111-1111-1111-111111111111/audio/18/18cdf7829353a4acdd0de393542a4a2db51b0525963cdd607bff6ad436ec19ab.wav/e49778a7-7e49-496e-a89b-bccb641eb089/part.1: OK
./minio-data/music-assets/11111111-1111-1111-1111-111111111111/audio/18/18cdf7829353a4acdd0de393542a4a2db51b0525963cdd607bff6ad436ec19ab.wav/e6dd573e-6088-410f-b27c-dda87bc8ec54/part.1: OK
./minio-data/music-assets/11111111-1111-1111-1111-111111111111/audio/18/18cdf7829353a4acdd0de393542a4a2db51b0525963cdd607bff6ad436ec19ab.wav/f08bb7f1-f714-49e7-bfac-185e775c7bdc/part.1: OK
./minio-data/music-assets/11111111-1111-1111-1111-111111111111/audio/18/18cdf7829353a4acdd0de393542a4a2db51b0525963cdd607bff6ad436ec19ab.wav/fb21cdb9-e778-4df5-ad87-457b62f16da3/part.1: OK
./minio-data/music-assets/11111111-1111-1111-1111-111111111111/audio/18/18cdf7829353a4acdd0de393542a4a2db51b0525963cdd607bff6ad436ec19ab.wav/fc802b23-f02a-4378-85b6-96a2a7128b2d/part.1: OK
./minio-data/music-assets/11111111-1111-1111-1111-111111111111/audio/18/18cdf7829353a4acdd0de393542a4a2db51b0525963cdd607bff6ad436ec19ab.wav/fd9475df-ebbd-47b1-8337-4640cf7369d8/part.1: OK
./minio-data/music-assets/11111111-1111-1111-1111-111111111111/audio/18/18cdf7829353a4acdd0de393542a4a2db51b0525963cdd607bff6ad436ec19ab.wav/xl.meta: OK
./minio-data/music-assets/11111111-1111-1111-1111-111111111111/audio/42/428678445fc7e747f54d5a16cb5fba3499847cb6cb83b1dde8fbf55324a3f73c.wav/052400ea-ad31-4ea4-be34-9fefc2fd5549/part.1: OK
./minio-data/music-assets/11111111-1111-1111-1111-111111111111/audio/42/428678445fc7e747f54d5a16cb5fba3499847cb6cb83b1dde8fbf55324a3f73c.wav/0b1416b7-ddde-49eb-a471-aaffa7740623/part.1: OK
./minio-data/music-assets/11111111-1111-1111-1111-111111111111/audio/42/428678445fc7e747f54d5a16cb5fba3499847cb6cb83b1dde8fbf55324a3f73c.wav/10bf7a36-adba-499f-9f23-6ae5622032e8/part.1: OK
./minio-data/music-assets/11111111-1111-1111-1111-111111111111/audio/42/428678445fc7e747f54d5a16cb5fba3499847cb6cb83b1dde8fbf55324a3f73c.wav/14626402-b1cc-4b4c-be55-a5d571077066/part.1: OK
./minio-data/music-assets/11111111-1111-1111-1111-111111111111/audio/42/428678445fc7e747f54d5a16cb5fba3499847cb6cb83b1dde8fbf55324a3f73c.wav/15af4272-cff1-49d2-bea9-afef60cc8ce0/part.1: OK
./minio-data/music-assets/11111111-1111-1111-1111-111111111111/audio/42/428678445fc7e747f54d5a16cb5fba3499847cb6cb83b1dde8fbf55324a3f73c.wav/194c4173-1be5-474d-bf01-383dac99e674/part.1: OK
./minio-data/music-assets/11111111-1111-1111-1111-111111111111/audio/42/428678445fc7e747f54d5a16cb5fba3499847cb6cb83b1dde8fbf55324a3f73c.wav/1b0e2448-e539-4cc2-a955-85725f1f04d6/part.1: OK
./minio-data/music-assets/11111111-1111-1111-1111-111111111111/audio/42/428678445fc7e747f54d5a16cb5fba3499847cb6cb83b1dde8fbf55324a3f73c.wav/21d97822-2e24-4414-b567-937278bfc629/part.1: OK
./minio-data/music-assets/11111111-1111-1111-1111-111111111111/audio/42/428678445fc7e747f54d5a16cb5fba3499847cb6cb83b1dde8fbf55324a3f73c.wav/257efcef-83bb-44cb-950a-7aaa477450e1/part.1: OK
./minio-data/music-assets/11111111-1111-1111-1111-111111111111/audio/42/428678445fc7e747f54d5a16cb5fba3499847cb6cb83b1dde8fbf55324a3f73c.wav/2d17d745-7088-4a24-948b-f00156c01dc5/part.1: OK
./minio-data/music-assets/11111111-1111-1111-1111-111111111111/audio/42/428678445fc7e747f54d5a16cb5fba3499847cb6cb83b1dde8fbf55324a3f73c.wav/303e573c-4819-44e5-bc06-b2c7f1344bd2/part.1: OK
./minio-data/music-assets/11111111-1111-1111-1111-111111111111/audio/42/428678445fc7e747f54d5a16cb5fba3499847cb6cb83b1dde8fbf55324a3f73c.wav/48130120-82bb-4551-ba0e-a8f0cca5ba09/part.1: OK
./minio-data/music-assets/11111111-1111-1111-1111-111111111111/audio/42/428678445fc7e747f54d5a16cb5fba3499847cb6cb83b1dde8fbf55324a3f73c.wav/55cdc934-28ed-4122-a5e5-789845756c1c/part.1: OK
./minio-data/music-assets/11111111-1111-1111-1111-111111111111/audio/42/428678445fc7e747f54d5a16cb5fba3499847cb6cb83b1dde8fbf55324a3f73c.wav/5600f6cd-3e4d-4a5b-9f6b-de60e2c6b036/part.1: OK
./minio-data/music-assets/11111111-1111-1111-1111-111111111111/audio/42/428678445fc7e747f54d5a16cb5fba3499847cb6cb83b1dde8fbf55324a3f73c.wav/5e2cda50-51c1-4716-b0e5-5455712a785c/part.1: OK
./minio-data/music-assets/11111111-1111-1111-1111-111111111111/audio/42/428678445fc7e747f54d5a16cb5fba3499847cb6cb83b1dde8fbf55324a3f73c.wav/6a0dde6c-fb4e-4791-941b-5b8214706fe6/part.1: OK
./minio-data/music-assets/11111111-1111-1111-1111-111111111111/audio/42/428678445fc7e747f54d5a16cb5fba3499847cb6cb83b1dde8fbf55324a3f73c.wav/6c3273bf-3e15-4b53-bbed-a4c9734b4b26/part.1: OK
./minio-data/music-assets/11111111-1111-1111-1111-111111111111/audio/42/428678445fc7e747f54d5a16cb5fba3499847cb6cb83b1dde8fbf55324a3f73c.wav/6fd040c3-5b1a-4146-9168-ab21c28458c8/part.1: OK
./minio-data/music-assets/11111111-1111-1111-1111-111111111111/audio/42/428678445fc7e747f54d5a16cb5fba3499847cb6cb83b1dde8fbf55324a3f73c.wav/7a862cc5-481d-40ce-9e4f-23391d892c83/part.1: OK
./minio-data/music-assets/11111111-1111-1111-1111-111111111111/audio/42/428678445fc7e747f54d5a16cb5fba3499847cb6cb83b1dde8fbf55324a3f73c.wav/9af44be3-2a17-42c1-8946-43b98fd03bd9/part.1: OK
./minio-data/music-assets/11111111-1111-1111-1111-111111111111/audio/42/428678445fc7e747f54d5a16cb5fba3499847cb6cb83b1dde8fbf55324a3f73c.wav/a12be77b-3685-4d42-81e4-8e9289eaf5d7/part.1: OK
./minio-data/music-assets/11111111-1111-1111-1111-111111111111/audio/42/428678445fc7e747f54d5a16cb5fba3499847cb6cb83b1dde8fbf55324a3f73c.wav/b3b94a93-83ed-4be8-b67a-e7d17fb4c928/part.1: OK
./minio-data/music-assets/11111111-1111-1111-1111-111111111111/audio/42/428678445fc7e747f54d5a16cb5fba3499847cb6cb83b1dde8fbf55324a3f73c.wav/b4a4afcd-961a-4dfe-9892-21722a18d5d5/part.1: OK
./minio-data/music-assets/11111111-1111-1111-1111-111111111111/audio/42/428678445fc7e747f54d5a16cb5fba3499847cb6cb83b1dde8fbf55324a3f73c.wav/bc8c04d7-c8b4-4e4c-a07f-5e2f40ff6df8/part.1: OK
./minio-data/music-assets/11111111-1111-1111-1111-111111111111/audio/42/428678445fc7e747f54d5a16cb5fba3499847cb6cb83b1dde8fbf55324a3f73c.wav/bf01c82b-22ce-45dd-9c4a-b34a80f6708e/part.1: OK
./minio-data/music-assets/11111111-1111-1111-1111-111111111111/audio/42/428678445fc7e747f54d5a16cb5fba3499847cb6cb83b1dde8fbf55324a3f73c.wav/c3622cb1-5913-4a67-8088-1c85f7d43fa4/part.1: OK
./minio-data/music-assets/11111111-1111-1111-1111-111111111111/audio/42/428678445fc7e747f54d5a16cb5fba3499847cb6cb83b1dde8fbf55324a3f73c.wav/c51e0344-a33a-41d8-9a81-c8fb29f21304/part.1: OK
./minio-data/music-assets/11111111-1111-1111-1111-111111111111/audio/42/428678445fc7e747f54d5a16cb5fba3499847cb6cb83b1dde8fbf55324a3f73c.wav/c542348a-b356-4ca1-876b-2bfac1721fe2/part.1: OK
./minio-data/music-assets/11111111-1111-1111-1111-111111111111/audio/42/428678445fc7e747f54d5a16cb5fba3499847cb6cb83b1dde8fbf55324a3f73c.wav/cfef1e23-080c-402b-96b8-397eda9686d9/part.1: OK
./minio-data/music-assets/11111111-1111-1111-1111-111111111111/audio/42/428678445fc7e747f54d5a16cb5fba3499847cb6cb83b1dde8fbf55324a3f73c.wav/ee7de344-2a18-4f63-9bd9-384e936007be/part.1: OK
./minio-data/music-assets/11111111-1111-1111-1111-111111111111/audio/42/428678445fc7e747f54d5a16cb5fba3499847cb6cb83b1dde8fbf55324a3f73c.wav/f3e8364c-4053-411e-99f7-6dd2513a521f/part.1: OK
./minio-data/music-assets/11111111-1111-1111-1111-111111111111/audio/42/428678445fc7e747f54d5a16cb5fba3499847cb6cb83b1dde8fbf55324a3f73c.wav/f887c309-7a57-49e4-9953-c03a193b3735/part.1: OK
./minio-data/music-assets/11111111-1111-1111-1111-111111111111/audio/42/428678445fc7e747f54d5a16cb5fba3499847cb6cb83b1dde8fbf55324a3f73c.wav/fac2fd19-9f5b-4561-9cbf-cb54e235c58e/part.1: OK
./minio-data/music-assets/11111111-1111-1111-1111-111111111111/audio/42/428678445fc7e747f54d5a16cb5fba3499847cb6cb83b1dde8fbf55324a3f73c.wav/fbd043a4-8870-455d-891b-09b210c9bdea/part.1: OK
./minio-data/music-assets/11111111-1111-1111-1111-111111111111/audio/42/428678445fc7e747f54d5a16cb5fba3499847cb6cb83b1dde8fbf55324a3f73c.wav/xl.meta: OK
./minio-data/music-assets/11111111-1111-1111-1111-111111111111/audio/44/44a858306cb3f88f2c84ae3b019d123a24c7cfa1d8992be302720d2c8e9dc232.wav/027e6bac-4fc1-4c32-990a-033ebd61dca8/part.1: OK
./minio-data/music-assets/11111111-1111-1111-1111-111111111111/audio/44/44a858306cb3f88f2c84ae3b019d123a24c7cfa1d8992be302720d2c8e9dc232.wav/04b653d5-e113-4c02-8db2-e219063d5a26/part.1: OK
./minio-data/music-assets/11111111-1111-1111-1111-111111111111/audio/44/44a858306cb3f88f2c84ae3b019d123a24c7cfa1d8992be302720d2c8e9dc232.wav/0b3fc316-6a0a-4b6a-b5c8-610f467e515f/part.1: OK
./minio-data/music-assets/11111111-1111-1111-1111-111111111111/audio/44/44a858306cb3f88f2c84ae3b019d123a24c7cfa1d8992be302720d2c8e9dc232.wav/0b88de60-cd1d-4b8b-9cbb-18f759a9a956/part.1: OK
./minio-data/music-assets/11111111-1111-1111-1111-111111111111/audio/44/44a858306cb3f88f2c84ae3b019d123a24c7cfa1d8992be302720d2c8e9dc232.wav/24539779-b5f8-4f7b-aeb0-8ae92e6df19f/part.1: OK
./minio-data/music-assets/11111111-1111-1111-1111-111111111111/audio/44/44a858306cb3f88f2c84ae3b019d123a24c7cfa1d8992be302720d2c8e9dc232.wav/31455c92-31f3-458e-b188-e192fdf1b678/part.1: OK
./minio-data/music-assets/11111111-1111-1111-1111-111111111111/audio/44/44a858306cb3f88f2c84ae3b019d123a24c7cfa1d8992be302720d2c8e9dc232.wav/4311ed1c-8c2d-4f1e-8d58-f645fe128936/part.1: OK
./minio-data/music-assets/11111111-1111-1111-1111-111111111111/audio/44/44a858306cb3f88f2c84ae3b019d123a24c7cfa1d8992be302720d2c8e9dc232.wav/5138005b-95b5-49ab-9499-72de54c82ec8/part.1: OK
./minio-data/music-assets/11111111-1111-1111-1111-111111111111/audio/44/44a858306cb3f88f2c84ae3b019d123a24c7cfa1d8992be302720d2c8e9dc232.wav/5875e3fe-311a-4f64-ab96-dd49e6e6c143/part.1: OK
./minio-data/music-assets/11111111-1111-1111-1111-111111111111/audio/44/44a858306cb3f88f2c84ae3b019d123a24c7cfa1d8992be302720d2c8e9dc232.wav/5bea17e3-50e5-4e36-bbc2-263c20fbc3da/part.1: OK
./minio-data/music-assets/11111111-1111-1111-1111-111111111111/audio/44/44a858306cb3f88f2c84ae3b019d123a24c7cfa1d8992be302720d2c8e9dc232.wav/5db2ec5a-6121-455e-b524-8275639df86d/part.1: OK
./minio-data/music-assets/11111111-1111-1111-1111-111111111111/audio/44/44a858306cb3f88f2c84ae3b019d123a24c7cfa1d8992be302720d2c8e9dc232.wav/5ffb8018-7af1-4b17-8358-34d1bf57ce18/part.1: OK
./minio-data/music-assets/11111111-1111-1111-1111-111111111111/audio/44/44a858306cb3f88f2c84ae3b019d123a24c7cfa1d8992be302720d2c8e9dc232.wav/61de417d-226c-4e8f-8e55-0f15c8f8f64f/part.1: OK
./minio-data/music-assets/11111111-1111-1111-1111-111111111111/audio/44/44a858306cb3f88f2c84ae3b019d123a24c7cfa1d8992be302720d2c8e9dc232.wav/61dff5f7-eb8f-4218-aea7-abe416ec9bed/part.1: OK
./minio-data/music-assets/11111111-1111-1111-1111-111111111111/audio/44/44a858306cb3f88f2c84ae3b019d123a24c7cfa1d8992be302720d2c8e9dc232.wav/6e21baa1-1d3c-411f-8bc2-95e7ce4baa4e/part.1: OK
./minio-data/music-assets/11111111-1111-1111-1111-111111111111/audio/44/44a858306cb3f88f2c84ae3b019d123a24c7cfa1d8992be302720d2c8e9dc232.wav/6e3496e6-d702-4efd-9215-a97c5b6fc014/part.1: OK
./minio-data/music-assets/11111111-1111-1111-1111-111111111111/audio/44/44a858306cb3f88f2c84ae3b019d123a24c7cfa1d8992be302720d2c8e9dc232.wav/7221fc5a-b582-46ac-85b2-7e7f005f5259/part.1: OK
./minio-data/music-assets/11111111-1111-1111-1111-111111111111/audio/44/44a858306cb3f88f2c84ae3b019d123a24c7cfa1d8992be302720d2c8e9dc232.wav/77d22e0a-a7fb-496a-a6de-9768451c180a/part.1: OK
./minio-data/music-assets/11111111-1111-1111-1111-111111111111/audio/44/44a858306cb3f88f2c84ae3b019d123a24c7cfa1d8992be302720d2c8e9dc232.wav/81154b03-d5d9-42ac-a75f-5b394edbec63/part.1: OK
./minio-data/music-assets/11111111-1111-1111-1111-111111111111/audio/44/44a858306cb3f88f2c84ae3b019d123a24c7cfa1d8992be302720d2c8e9dc232.wav/8183b454-d12a-4063-8a27-339a42735770/part.1: OK
./minio-data/music-assets/11111111-1111-1111-1111-111111111111/audio/44/44a858306cb3f88f2c84ae3b019d123a24c7cfa1d8992be302720d2c8e9dc232.wav/8b6295d3-b2fc-4884-8792-761f89710627/part.1: OK
./minio-data/music-assets/11111111-1111-1111-1111-111111111111/audio/44/44a858306cb3f88f2c84ae3b019d123a24c7cfa1d8992be302720d2c8e9dc232.wav/9695c5ee-e223-446f-a1be-fb70af6c9951/part.1: OK
./minio-data/music-assets/11111111-1111-1111-1111-111111111111/audio/44/44a858306cb3f88f2c84ae3b019d123a24c7cfa1d8992be302720d2c8e9dc232.wav/994822c8-729b-47ae-88cd-25384d9a7707/part.1: OK
./minio-data/music-assets/11111111-1111-1111-1111-111111111111/audio/44/44a858306cb3f88f2c84ae3b019d123a24c7cfa1d8992be302720d2c8e9dc232.wav/9bc8ca1f-cf52-4962-a438-cec90b29cec1/part.1: OK
./minio-data/music-assets/11111111-1111-1111-1111-111111111111/audio/44/44a858306cb3f88f2c84ae3b019d123a24c7cfa1d8992be302720d2c8e9dc232.wav/9df043b7-e7d6-4ddd-9ae2-57c109a02488/part.1: OK
./minio-data/music-assets/11111111-1111-1111-1111-111111111111/audio/44/44a858306cb3f88f2c84ae3b019d123a24c7cfa1d8992be302720d2c8e9dc232.wav/a0547777-ac56-4c57-bb6a-9e7629d3425e/part.1: OK
./minio-data/music-assets/11111111-1111-1111-1111-111111111111/audio/44/44a858306cb3f88f2c84ae3b019d123a24c7cfa1d8992be302720d2c8e9dc232.wav/a8b4f3a2-9918-452e-91ef-bef7c7832254/part.1: OK
./minio-data/music-assets/11111111-1111-1111-1111-111111111111/audio/44/44a858306cb3f88f2c84ae3b019d123a24c7cfa1d8992be302720d2c8e9dc232.wav/a8bb26bd-03ad-426e-86af-0f2aea7df8de/part.1: OK
./minio-data/music-assets/11111111-1111-1111-1111-111111111111/audio/44/44a858306cb3f88f2c84ae3b019d123a24c7cfa1d8992be302720d2c8e9dc232.wav/acd9a1e6-7c30-4211-a35d-b385a94c3398/part.1: OK
./minio-data/music-assets/11111111-1111-1111-1111-111111111111/audio/44/44a858306cb3f88f2c84ae3b019d123a24c7cfa1d8992be302720d2c8e9dc232.wav/b1b07188-3b1b-4711-8964-fe125af2152f/part.1: OK
./minio-data/music-assets/11111111-1111-1111-1111-111111111111/audio/44/44a858306cb3f88f2c84ae3b019d123a24c7cfa1d8992be302720d2c8e9dc232.wav/b791e092-2e71-4441-8598-95debf25ef1e/part.1: OK
./minio-data/music-assets/11111111-1111-1111-1111-111111111111/audio/44/44a858306cb3f88f2c84ae3b019d123a24c7cfa1d8992be302720d2c8e9dc232.wav/cd6c5437-95e1-41c2-969a-bd9d564e1f0c/part.1: OK
./minio-data/music-assets/11111111-1111-1111-1111-111111111111/audio/44/44a858306cb3f88f2c84ae3b019d123a24c7cfa1d8992be302720d2c8e9dc232.wav/ceb30c50-3286-46b9-85c0-7a2976dd93f9/part.1: OK
./minio-data/music-assets/11111111-1111-1111-1111-111111111111/audio/44/44a858306cb3f88f2c84ae3b019d123a24c7cfa1d8992be302720d2c8e9dc232.wav/d26d05c3-5546-41e9-8284-1606eec3ffe8/part.1: OK
./minio-data/music-assets/11111111-1111-1111-1111-111111111111/audio/44/44a858306cb3f88f2c84ae3b019d123a24c7cfa1d8992be302720d2c8e9dc232.wav/e045bd8d-e56c-4d80-b0da-43d8297627d9/part.1: OK
./minio-data/music-assets/11111111-1111-1111-1111-111111111111/audio/44/44a858306cb3f88f2c84ae3b019d123a24c7cfa1d8992be302720d2c8e9dc232.wav/e48a1374-1092-4d8d-a756-b5fa69830f49/part.1: OK
./minio-data/music-assets/11111111-1111-1111-1111-111111111111/audio/44/44a858306cb3f88f2c84ae3b019d123a24c7cfa1d8992be302720d2c8e9dc232.wav/ee391a86-8989-4567-a53b-4868c03b752b/part.1: OK
./minio-data/music-assets/11111111-1111-1111-1111-111111111111/audio/44/44a858306cb3f88f2c84ae3b019d123a24c7cfa1d8992be302720d2c8e9dc232.wav/xl.meta: OK
./minio-data/music-assets/11111111-1111-1111-1111-111111111111/audio/47/4700cfac3308bac4a86d092876ba3a1a7aaae4757e52117a22cb19e7652c519b.wav/012349e2-8fbf-4e27-8f19-c22d070ad003/part.1: OK
./minio-data/music-assets/11111111-1111-1111-1111-111111111111/audio/47/4700cfac3308bac4a86d092876ba3a1a7aaae4757e52117a22cb19e7652c519b.wav/01be10db-9f68-4c67-a13b-14cff4fca9ce/part.1: OK
./minio-data/music-assets/11111111-1111-1111-1111-111111111111/audio/47/4700cfac3308bac4a86d092876ba3a1a7aaae4757e52117a22cb19e7652c519b.wav/0aa5e3db-6b49-4b56-ac3d-f4ac54b6510b/part.1: OK
./minio-data/music-assets/11111111-1111-1111-1111-111111111111/audio/47/4700cfac3308bac4a86d092876ba3a1a7aaae4757e52117a22cb19e7652c519b.wav/1266ac3c-13b0-4002-b1f3-fa402a7d1e9a/part.1: OK
./minio-data/music-assets/11111111-1111-1111-1111-111111111111/audio/47/4700cfac3308bac4a86d092876ba3a1a7aaae4757e52117a22cb19e7652c519b.wav/13568b4c-37ce-4e2b-9a86-f7e52980e3fa/part.1: OK
./minio-data/music-assets/11111111-1111-1111-1111-111111111111/audio/47/4700cfac3308bac4a86d092876ba3a1a7aaae4757e52117a22cb19e7652c519b.wav/16e5bac8-fd31-4b9d-90aa-569d6238a420/part.1: OK
./minio-data/music-assets/11111111-1111-1111-1111-111111111111/audio/47/4700cfac3308bac4a86d092876ba3a1a7aaae4757e52117a22cb19e7652c519b.wav/1a6b2983-b7e9-4a1f-b102-8162690a4ef8/part.1: OK
./minio-data/music-assets/11111111-1111-1111-1111-111111111111/audio/47/4700cfac3308bac4a86d092876ba3a1a7aaae4757e52117a22cb19e7652c519b.wav/2797449d-e9dc-4351-9f97-df66d6bc3a3b/part.1: OK
./minio-data/music-assets/11111111-1111-1111-1111-111111111111/audio/47/4700cfac3308bac4a86d092876ba3a1a7aaae4757e52117a22cb19e7652c519b.wav/2bfd492d-6d74-4d1f-b55b-a085bddfc141/part.1: OK
./minio-data/music-assets/11111111-1111-1111-1111-111111111111/audio/47/4700cfac3308bac4a86d092876ba3a1a7aaae4757e52117a22cb19e7652c519b.wav/37f87b53-96dc-41f7-974b-9eb51377d080/part.1: OK
./minio-data/music-assets/11111111-1111-1111-1111-111111111111/audio/47/4700cfac3308bac4a86d092876ba3a1a7aaae4757e52117a22cb19e7652c519b.wav/4042957a-7425-4452-bef2-122fe974f464/part.1: OK
./minio-data/music-assets/11111111-1111-1111-1111-111111111111/audio/47/4700cfac3308bac4a86d092876ba3a1a7aaae4757e52117a22cb19e7652c519b.wav/4a61651b-cb80-473e-9bff-ce12920650fa/part.1: OK
./minio-data/music-assets/11111111-1111-1111-1111-111111111111/audio/47/4700cfac3308bac4a86d092876ba3a1a7aaae4757e52117a22cb19e7652c519b.wav/4cf45aae-32be-4424-b8e6-94561f61febf/part.1: OK
./minio-data/music-assets/11111111-1111-1111-1111-111111111111/audio/47/4700cfac3308bac4a86d092876ba3a1a7aaae4757e52117a22cb19e7652c519b.wav/4dd8f189-2215-449d-99f4-512c85980e74/part.1: OK
./minio-data/music-assets/11111111-1111-1111-1111-111111111111/audio/47/4700cfac3308bac4a86d092876ba3a1a7aaae4757e52117a22cb19e7652c519b.wav/50f94f51-5ab5-40cc-b53e-d4f94b57e733/part.1: OK
./minio-data/music-assets/11111111-1111-1111-1111-111111111111/audio/47/4700cfac3308bac4a86d092876ba3a1a7aaae4757e52117a22cb19e7652c519b.wav/5ed861ec-fb5c-47e7-ba1f-b2672e7bb046/part.1: OK
./minio-data/music-assets/11111111-1111-1111-1111-111111111111/audio/47/4700cfac3308bac4a86d092876ba3a1a7aaae4757e52117a22cb19e7652c519b.wav/60ff3821-631d-48be-8534-da660877b7c3/part.1: OK
./minio-data/music-assets/11111111-1111-1111-1111-111111111111/audio/47/4700cfac3308bac4a86d092876ba3a1a7aaae4757e52117a22cb19e7652c519b.wav/6379e52b-de9a-4d7e-b91d-7000346012b2/part.1: OK
./minio-data/music-assets/11111111-1111-1111-1111-111111111111/audio/47/4700cfac3308bac4a86d092876ba3a1a7aaae4757e52117a22cb19e7652c519b.wav/6ccfe556-212a-4f82-b11b-ad47a32f08a3/part.1: OK
./minio-data/music-assets/11111111-1111-1111-1111-111111111111/audio/47/4700cfac3308bac4a86d092876ba3a1a7aaae4757e52117a22cb19e7652c519b.wav/757e7d9e-a587-4879-83bb-92d39d02282f/part.1: OK
./minio-data/music-assets/11111111-1111-1111-1111-111111111111/audio/47/4700cfac3308bac4a86d092876ba3a1a7aaae4757e52117a22cb19e7652c519b.wav/773eb349-066a-4621-bc41-ad0b00dc6213/part.1: OK
./minio-data/music-assets/11111111-1111-1111-1111-111111111111/audio/47/4700cfac3308bac4a86d092876ba3a1a7aaae4757e52117a22cb19e7652c519b.wav/7aaff4dd-15d9-4121-ba56-b4fbad47e1af/part.1: OK
./minio-data/music-assets/11111111-1111-1111-1111-111111111111/audio/47/4700cfac3308bac4a86d092876ba3a1a7aaae4757e52117a22cb19e7652c519b.wav/869c09c4-8e35-4806-bb2c-484d7a50bc73/part.1: OK
./minio-data/music-assets/11111111-1111-1111-1111-111111111111/audio/47/4700cfac3308bac4a86d092876ba3a1a7aaae4757e52117a22cb19e7652c519b.wav/96ed538c-750e-4d5e-a68c-db646102bece/part.1: OK
./minio-data/music-assets/11111111-1111-1111-1111-111111111111/audio/47/4700cfac3308bac4a86d092876ba3a1a7aaae4757e52117a22cb19e7652c519b.wav/971773cc-6b06-4a63-9a7d-c713ed467924/part.1: OK
./minio-data/music-assets/11111111-1111-1111-1111-111111111111/audio/47/4700cfac3308bac4a86d092876ba3a1a7aaae4757e52117a22cb19e7652c519b.wav/9c23f617-de47-4d12-8112-0dee22a501cc/part.1: OK
./minio-data/music-assets/11111111-1111-1111-1111-111111111111/audio/47/4700cfac3308bac4a86d092876ba3a1a7aaae4757e52117a22cb19e7652c519b.wav/a1b0b1d5-58f7-4bc5-a570-80caaeba9b9f/part.1: OK
./minio-data/music-assets/11111111-1111-1111-1111-111111111111/audio/47/4700cfac3308bac4a86d092876ba3a1a7aaae4757e52117a22cb19e7652c519b.wav/a6fc1897-daed-4f43-8c08-2b8852f605a8/part.1: OK
./minio-data/music-assets/11111111-1111-1111-1111-111111111111/audio/47/4700cfac3308bac4a86d092876ba3a1a7aaae4757e52117a22cb19e7652c519b.wav/a9fe0a19-6023-4d5d-9974-ea44d0f14a79/part.1: OK
./minio-data/music-assets/11111111-1111-1111-1111-111111111111/audio/47/4700cfac3308bac4a86d092876ba3a1a7aaae4757e52117a22cb19e7652c519b.wav/affb7673-1e1c-4979-95a9-c17ce1e11222/part.1: OK
./minio-data/music-assets/11111111-1111-1111-1111-111111111111/audio/47/4700cfac3308bac4a86d092876ba3a1a7aaae4757e52117a22cb19e7652c519b.wav/c10004a7-058b-4015-ab9f-1a159b7b1d2d/part.1: OK
./minio-data/music-assets/11111111-1111-1111-1111-111111111111/audio/47/4700cfac3308bac4a86d092876ba3a1a7aaae4757e52117a22cb19e7652c519b.wav/c2a7d411-cf4e-47f6-9187-f89eedadd0b3/part.1: OK
./minio-data/music-assets/11111111-1111-1111-1111-111111111111/audio/47/4700cfac3308bac4a86d092876ba3a1a7aaae4757e52117a22cb19e7652c519b.wav/cca19574-edce-43a9-8e3e-15d105694a14/part.1: OK
./minio-data/music-assets/11111111-1111-1111-1111-111111111111/audio/47/4700cfac3308bac4a86d092876ba3a1a7aaae4757e52117a22cb19e7652c519b.wav/d4d426d2-cc7f-4933-a1d9-73be99bf5d08/part.1: OK
./minio-data/music-assets/11111111-1111-1111-1111-111111111111/audio/47/4700cfac3308bac4a86d092876ba3a1a7aaae4757e52117a22cb19e7652c519b.wav/e3382221-7156-46d6-bced-89d20d3ac94f/part.1: OK
./minio-data/music-assets/11111111-1111-1111-1111-111111111111/audio/47/4700cfac3308bac4a86d092876ba3a1a7aaae4757e52117a22cb19e7652c519b.wav/f8b3b9bb-7c65-4151-a90a-738cfea4ced0/part.1: OK
./minio-data/music-assets/11111111-1111-1111-1111-111111111111/audio/47/4700cfac3308bac4a86d092876ba3a1a7aaae4757e52117a22cb19e7652c519b.wav/f9e5b0d8-1014-4c5e-b827-9598e0985ebb/part.1: OK
./minio-data/music-assets/11111111-1111-1111-1111-111111111111/audio/47/4700cfac3308bac4a86d092876ba3a1a7aaae4757e52117a22cb19e7652c519b.wav/xl.meta: OK
./minio-data/music-assets/11111111-1111-1111-1111-111111111111/audio/58/5828607ccbe6ea61ca9e3a727a9234cc859337c02af4de82e814277a86663d36.wav/014228db-43eb-4d33-9f0e-1bbd377bc417/part.1: OK
./minio-data/music-assets/11111111-1111-1111-1111-111111111111/audio/58/5828607ccbe6ea61ca9e3a727a9234cc859337c02af4de82e814277a86663d36.wav/02bb1eb2-d2f4-4784-bbe6-db0fae6804f9/part.1: OK
./minio-data/music-assets/11111111-1111-1111-1111-111111111111/audio/58/5828607ccbe6ea61ca9e3a727a9234cc859337c02af4de82e814277a86663d36.wav/02bf224b-1a95-4873-9135-e75605b3e38b/part.1: OK
./minio-data/music-assets/11111111-1111-1111-1111-111111111111/audio/58/5828607ccbe6ea61ca9e3a727a9234cc859337c02af4de82e814277a86663d36.wav/036a9933-f574-4086-8bfb-3342a1aa52dd/part.1: OK
./minio-data/music-assets/11111111-1111-1111-1111-111111111111/audio/58/5828607ccbe6ea61ca9e3a727a9234cc859337c02af4de82e814277a86663d36.wav/0845bc9b-a6ea-46c7-b6e5-7de7c69a124a/part.1: OK
./minio-data/music-assets/11111111-1111-1111-1111-111111111111/audio/58/5828607ccbe6ea61ca9e3a727a9234cc859337c02af4de82e814277a86663d36.wav/22f5842b-b68a-4c8a-a11f-18f822513ebe/part.1: OK
./minio-data/music-assets/11111111-1111-1111-1111-111111111111/audio/58/5828607ccbe6ea61ca9e3a727a9234cc859337c02af4de82e814277a86663d36.wav/24e08e25-7711-4af7-885c-5afbb77fb919/part.1: OK
./minio-data/music-assets/11111111-1111-1111-1111-111111111111/audio/58/5828607ccbe6ea61ca9e3a727a9234cc859337c02af4de82e814277a86663d36.wav/2ec21b12-1e18-4b7c-b81b-7e1f2a3926e2/part.1: OK
./minio-data/music-assets/11111111-1111-1111-1111-111111111111/audio/58/5828607ccbe6ea61ca9e3a727a9234cc859337c02af4de82e814277a86663d36.wav/309ac2ef-be76-4c56-93ec-f5b302f11259/part.1: OK
./minio-data/music-assets/11111111-1111-1111-1111-111111111111/audio/58/5828607ccbe6ea61ca9e3a727a9234cc859337c02af4de82e814277a86663d36.wav/329542e2-9467-4e31-af17-286aed44c72c/part.1: OK
./minio-data/music-assets/11111111-1111-1111-1111-111111111111/audio/58/5828607ccbe6ea61ca9e3a727a9234cc859337c02af4de82e814277a86663d36.wav/4ee8df5c-0073-4a50-8d10-bebedfeb3a71/part.1: OK
./minio-data/music-assets/11111111-1111-1111-1111-111111111111/audio/58/5828607ccbe6ea61ca9e3a727a9234cc859337c02af4de82e814277a86663d36.wav/5946a2d9-8690-496d-b08a-5727241cc5fd/part.1: OK
./minio-data/music-assets/11111111-1111-1111-1111-111111111111/audio/58/5828607ccbe6ea61ca9e3a727a9234cc859337c02af4de82e814277a86663d36.wav/5a3f05b2-70e9-44d1-be1b-afecfdc5c43b/part.1: OK
./minio-data/music-assets/11111111-1111-1111-1111-111111111111/audio/58/5828607ccbe6ea61ca9e3a727a9234cc859337c02af4de82e814277a86663d36.wav/5d40115c-fa26-4e4d-97d9-13fd116eebed/part.1: OK
./minio-data/music-assets/11111111-1111-1111-1111-111111111111/audio/58/5828607ccbe6ea61ca9e3a727a9234cc859337c02af4de82e814277a86663d36.wav/641fcf80-e91f-45ff-b6ae-b541a950d25c/part.1: OK
./minio-data/music-assets/11111111-1111-1111-1111-111111111111/audio/58/5828607ccbe6ea61ca9e3a727a9234cc859337c02af4de82e814277a86663d36.wav/6d7c6098-caac-4d7f-b351-9910e538115d/part.1: OK
./minio-data/music-assets/11111111-1111-1111-1111-111111111111/audio/58/5828607ccbe6ea61ca9e3a727a9234cc859337c02af4de82e814277a86663d36.wav/72526edf-3f1a-424e-a6c5-6439c4dd310a/part.1: OK
./minio-data/music-assets/11111111-1111-1111-1111-111111111111/audio/58/5828607ccbe6ea61ca9e3a727a9234cc859337c02af4de82e814277a86663d36.wav/73a56d69-b399-483f-b71e-1b0f18858c1f/part.1: OK
./minio-data/music-assets/11111111-1111-1111-1111-111111111111/audio/58/5828607ccbe6ea61ca9e3a727a9234cc859337c02af4de82e814277a86663d36.wav/7b4a566f-f194-437a-8aca-2c25e076ed47/part.1: OK
./minio-data/music-assets/11111111-1111-1111-1111-111111111111/audio/58/5828607ccbe6ea61ca9e3a727a9234cc859337c02af4de82e814277a86663d36.wav/7fc234e6-2895-4501-859a-39768edab875/part.1: OK
./minio-data/music-assets/11111111-1111-1111-1111-111111111111/audio/58/5828607ccbe6ea61ca9e3a727a9234cc859337c02af4de82e814277a86663d36.wav/8af42a3b-6151-498a-98b5-dbc0d293b79b/part.1: OK
./minio-data/music-assets/11111111-1111-1111-1111-111111111111/audio/58/5828607ccbe6ea61ca9e3a727a9234cc859337c02af4de82e814277a86663d36.wav/8c4393ca-a281-46e4-96a9-7cbaf2a4b4c7/part.1: OK
./minio-data/music-assets/11111111-1111-1111-1111-111111111111/audio/58/5828607ccbe6ea61ca9e3a727a9234cc859337c02af4de82e814277a86663d36.wav/97df4e3f-4286-4fe2-aeb4-bdf01684cced/part.1: OK
./minio-data/music-assets/11111111-1111-1111-1111-111111111111/audio/58/5828607ccbe6ea61ca9e3a727a9234cc859337c02af4de82e814277a86663d36.wav/9884f058-ef35-4ddf-bf8b-4b32ca40ee9b/part.1: OK
./minio-data/music-assets/11111111-1111-1111-1111-111111111111/audio/58/5828607ccbe6ea61ca9e3a727a9234cc859337c02af4de82e814277a86663d36.wav/a550340c-7b7a-4d00-8dac-197482b24abc/part.1: OK
./minio-data/music-assets/11111111-1111-1111-1111-111111111111/audio/58/5828607ccbe6ea61ca9e3a727a9234cc859337c02af4de82e814277a86663d36.wav/a7649562-fe9f-44d7-9315-4d29883fcdf0/part.1: OK
./minio-data/music-assets/11111111-1111-1111-1111-111111111111/audio/58/5828607ccbe6ea61ca9e3a727a9234cc859337c02af4de82e814277a86663d36.wav/a79ffa91-16a3-4848-91b1-234aeee4158e/part.1: OK
./minio-data/music-assets/11111111-1111-1111-1111-111111111111/audio/58/5828607ccbe6ea61ca9e3a727a9234cc859337c02af4de82e814277a86663d36.wav/b30aeafb-23c6-417f-a139-06b5da41dad9/part.1: OK
./minio-data/music-assets/11111111-1111-1111-1111-111111111111/audio/58/5828607ccbe6ea61ca9e3a727a9234cc859337c02af4de82e814277a86663d36.wav/b43eef85-ac5d-4004-b152-f37dd9612580/part.1: OK
./minio-data/music-assets/11111111-1111-1111-1111-111111111111/audio/58/5828607ccbe6ea61ca9e3a727a9234cc859337c02af4de82e814277a86663d36.wav/b721c7e9-9b8d-400a-9e62-02ee591bf1b3/part.1: OK
./minio-data/music-assets/11111111-1111-1111-1111-111111111111/audio/58/5828607ccbe6ea61ca9e3a727a9234cc859337c02af4de82e814277a86663d36.wav/c3be0fff-40fd-4ef3-8982-a12ba26a0955/part.1: OK
./minio-data/music-assets/11111111-1111-1111-1111-111111111111/audio/58/5828607ccbe6ea61ca9e3a727a9234cc859337c02af4de82e814277a86663d36.wav/c5d97f2d-bd82-47e5-ae9d-43662eb71239/part.1: OK
./minio-data/music-assets/11111111-1111-1111-1111-111111111111/audio/58/5828607ccbe6ea61ca9e3a727a9234cc859337c02af4de82e814277a86663d36.wav/c7347ef4-9e8d-4332-b11e-fd1c1b93e517/part.1: OK
./minio-data/music-assets/11111111-1111-1111-1111-111111111111/audio/58/5828607ccbe6ea61ca9e3a727a9234cc859337c02af4de82e814277a86663d36.wav/cd8adf24-0637-449c-b05b-741a23afeb72/part.1: OK
./minio-data/music-assets/11111111-1111-1111-1111-111111111111/audio/58/5828607ccbe6ea61ca9e3a727a9234cc859337c02af4de82e814277a86663d36.wav/d1cee348-725c-4bda-9992-adc62ef7107d/part.1: OK
./minio-data/music-assets/11111111-1111-1111-1111-111111111111/audio/58/5828607ccbe6ea61ca9e3a727a9234cc859337c02af4de82e814277a86663d36.wav/de2c25f5-9559-494d-ab7f-e5b7673824ab/part.1: OK
./minio-data/music-assets/11111111-1111-1111-1111-111111111111/audio/58/5828607ccbe6ea61ca9e3a727a9234cc859337c02af4de82e814277a86663d36.wav/e1a94877-a58b-45f9-8d0d-c80a886346c2/part.1: OK
./minio-data/music-assets/11111111-1111-1111-1111-111111111111/audio/58/5828607ccbe6ea61ca9e3a727a9234cc859337c02af4de82e814277a86663d36.wav/ebdbf02f-a137-45f9-97e3-76b4b7c7e0da/part.1: OK
./minio-data/music-assets/11111111-1111-1111-1111-111111111111/audio/58/5828607ccbe6ea61ca9e3a727a9234cc859337c02af4de82e814277a86663d36.wav/fff73828-c05a-45af-8c7a-b41377dcd88f/part.1: OK
./minio-data/music-assets/11111111-1111-1111-1111-111111111111/audio/58/5828607ccbe6ea61ca9e3a727a9234cc859337c02af4de82e814277a86663d36.wav/xl.meta: OK
./minio-data/music-assets/11111111-1111-1111-1111-111111111111/audio/62/62c7a8645d27c0f3988c16bcc5507799e6b8d6a406a07f2fb0bd00af0f6388c2.wav/05b1c604-adf9-40d0-9dcb-3c51dc7dabed/part.1: OK
./minio-data/music-assets/11111111-1111-1111-1111-111111111111/audio/62/62c7a8645d27c0f3988c16bcc5507799e6b8d6a406a07f2fb0bd00af0f6388c2.wav/0c446910-2918-4974-b28d-63be151aeb34/part.1: OK
./minio-data/music-assets/11111111-1111-1111-1111-111111111111/audio/62/62c7a8645d27c0f3988c16bcc5507799e6b8d6a406a07f2fb0bd00af0f6388c2.wav/0d49da87-7d9c-4eb0-8292-5adcf6038ce7/part.1: OK
./minio-data/music-assets/11111111-1111-1111-1111-111111111111/audio/62/62c7a8645d27c0f3988c16bcc5507799e6b8d6a406a07f2fb0bd00af0f6388c2.wav/0f74f097-636f-4bd5-858b-e4e6cfcdf7ff/part.1: OK
./minio-data/music-assets/11111111-1111-1111-1111-111111111111/audio/62/62c7a8645d27c0f3988c16bcc5507799e6b8d6a406a07f2fb0bd00af0f6388c2.wav/1121cd0b-c160-43b7-b322-29394ff61876/part.1: OK
./minio-data/music-assets/11111111-1111-1111-1111-111111111111/audio/62/62c7a8645d27c0f3988c16bcc5507799e6b8d6a406a07f2fb0bd00af0f6388c2.wav/23f07179-ee1b-4c77-be0d-970104f708d4/part.1: OK
./minio-data/music-assets/11111111-1111-1111-1111-111111111111/audio/62/62c7a8645d27c0f3988c16bcc5507799e6b8d6a406a07f2fb0bd00af0f6388c2.wav/272fb040-88de-4df4-948c-aaa3d2ab5788/part.1: OK
./minio-data/music-assets/11111111-1111-1111-1111-111111111111/audio/62/62c7a8645d27c0f3988c16bcc5507799e6b8d6a406a07f2fb0bd00af0f6388c2.wav/2ad336b3-8aad-4bf4-8e1b-7986945309ee/part.1: OK
./minio-data/music-assets/11111111-1111-1111-1111-111111111111/audio/62/62c7a8645d27c0f3988c16bcc5507799e6b8d6a406a07f2fb0bd00af0f6388c2.wav/2c0449d6-efe1-4fed-b951-964cf14e1a10/part.1: OK
./minio-data/music-assets/11111111-1111-1111-1111-111111111111/audio/62/62c7a8645d27c0f3988c16bcc5507799e6b8d6a406a07f2fb0bd00af0f6388c2.wav/2c9948fe-5e11-4056-9414-acffa5a8811d/part.1: OK
./minio-data/music-assets/11111111-1111-1111-1111-111111111111/audio/62/62c7a8645d27c0f3988c16bcc5507799e6b8d6a406a07f2fb0bd00af0f6388c2.wav/2fada9e6-aa13-499a-8b4a-8362c42626b8/part.1: OK
./minio-data/music-assets/11111111-1111-1111-1111-111111111111/audio/62/62c7a8645d27c0f3988c16bcc5507799e6b8d6a406a07f2fb0bd00af0f6388c2.wav/373034ac-1f88-48eb-84c3-8e8f816536c7/part.1: OK
./minio-data/music-assets/11111111-1111-1111-1111-111111111111/audio/62/62c7a8645d27c0f3988c16bcc5507799e6b8d6a406a07f2fb0bd00af0f6388c2.wav/3dd3c836-4792-4808-b1cf-4290768b6210/part.1: OK
./minio-data/music-assets/11111111-1111-1111-1111-111111111111/audio/62/62c7a8645d27c0f3988c16bcc5507799e6b8d6a406a07f2fb0bd00af0f6388c2.wav/3f8b5a09-b289-4556-8feb-64f9c7fdf95e/part.1: OK
./minio-data/music-assets/11111111-1111-1111-1111-111111111111/audio/62/62c7a8645d27c0f3988c16bcc5507799e6b8d6a406a07f2fb0bd00af0f6388c2.wav/4b1ed9aa-a476-4eba-ae86-0063f12367eb/part.1: OK
./minio-data/music-assets/11111111-1111-1111-1111-111111111111/audio/62/62c7a8645d27c0f3988c16bcc5507799e6b8d6a406a07f2fb0bd00af0f6388c2.wav/5081288f-97c8-4a01-a880-13e056eba5a5/part.1: OK
./minio-data/music-assets/11111111-1111-1111-1111-111111111111/audio/62/62c7a8645d27c0f3988c16bcc5507799e6b8d6a406a07f2fb0bd00af0f6388c2.wav/51a763ab-1af3-4f38-a2f8-fd9c5f90e046/part.1: OK
./minio-data/music-assets/11111111-1111-1111-1111-111111111111/audio/62/62c7a8645d27c0f3988c16bcc5507799e6b8d6a406a07f2fb0bd00af0f6388c2.wav/580f9b11-b727-44d2-a32d-c0072da95df3/part.1: OK
./minio-data/music-assets/11111111-1111-1111-1111-111111111111/audio/62/62c7a8645d27c0f3988c16bcc5507799e6b8d6a406a07f2fb0bd00af0f6388c2.wav/5820bf83-d0da-478c-8d25-9c1e7f10b1f2/part.1: OK
./minio-data/music-assets/11111111-1111-1111-1111-111111111111/audio/62/62c7a8645d27c0f3988c16bcc5507799e6b8d6a406a07f2fb0bd00af0f6388c2.wav/5f1ac257-855f-4af2-a3e4-6ff4f2463214/part.1: OK
./minio-data/music-assets/11111111-1111-1111-1111-111111111111/audio/62/62c7a8645d27c0f3988c16bcc5507799e6b8d6a406a07f2fb0bd00af0f6388c2.wav/6663c673-1e12-412e-b9f4-31698b7baa81/part.1: OK
./minio-data/music-assets/11111111-1111-1111-1111-111111111111/audio/62/62c7a8645d27c0f3988c16bcc5507799e6b8d6a406a07f2fb0bd00af0f6388c2.wav/671ddab7-ee63-46e7-848e-d685c08a9135/part.1: OK
./minio-data/music-assets/11111111-1111-1111-1111-111111111111/audio/62/62c7a8645d27c0f3988c16bcc5507799e6b8d6a406a07f2fb0bd00af0f6388c2.wav/69ccf845-2e2a-4af8-b739-b2cb7e74a593/part.1: OK
./minio-data/music-assets/11111111-1111-1111-1111-111111111111/audio/62/62c7a8645d27c0f3988c16bcc5507799e6b8d6a406a07f2fb0bd00af0f6388c2.wav/72f53a8c-8dbe-4e96-aad6-93cc737a03d4/part.1: OK
./minio-data/music-assets/11111111-1111-1111-1111-111111111111/audio/62/62c7a8645d27c0f3988c16bcc5507799e6b8d6a406a07f2fb0bd00af0f6388c2.wav/73d453a3-0666-4c21-8865-40c5fccc119f/part.1: OK
./minio-data/music-assets/11111111-1111-1111-1111-111111111111/audio/62/62c7a8645d27c0f3988c16bcc5507799e6b8d6a406a07f2fb0bd00af0f6388c2.wav/78ab5ff6-a11e-4afe-a525-853a8aea3e19/part.1: OK
./minio-data/music-assets/11111111-1111-1111-1111-111111111111/audio/62/62c7a8645d27c0f3988c16bcc5507799e6b8d6a406a07f2fb0bd00af0f6388c2.wav/7a22aefd-7a5b-4455-82b9-27824982d7c9/part.1: OK
./minio-data/music-assets/11111111-1111-1111-1111-111111111111/audio/62/62c7a8645d27c0f3988c16bcc5507799e6b8d6a406a07f2fb0bd00af0f6388c2.wav/7f8b3d35-1f56-46f6-9691-ff340895eb72/part.1: OK
./minio-data/music-assets/11111111-1111-1111-1111-111111111111/audio/62/62c7a8645d27c0f3988c16bcc5507799e6b8d6a406a07f2fb0bd00af0f6388c2.wav/81f3c6b7-43b3-426b-a5d5-8a7a338e2511/part.1: OK
./minio-data/music-assets/11111111-1111-1111-1111-111111111111/audio/62/62c7a8645d27c0f3988c16bcc5507799e6b8d6a406a07f2fb0bd00af0f6388c2.wav/90ba2277-25bb-4670-b0ae-e7e658f1c22b/part.1: OK
./minio-data/music-assets/11111111-1111-1111-1111-111111111111/audio/62/62c7a8645d27c0f3988c16bcc5507799e6b8d6a406a07f2fb0bd00af0f6388c2.wav/946fc9ba-3d25-4229-a5c2-ba3f2cd0709f/part.1: OK
./minio-data/music-assets/11111111-1111-1111-1111-111111111111/audio/62/62c7a8645d27c0f3988c16bcc5507799e6b8d6a406a07f2fb0bd00af0f6388c2.wav/94ead1c6-014c-49aa-868e-ca0d1b567475/part.1: OK
./minio-data/music-assets/11111111-1111-1111-1111-111111111111/audio/62/62c7a8645d27c0f3988c16bcc5507799e6b8d6a406a07f2fb0bd00af0f6388c2.wav/c2f8e77a-5b4d-4382-84a1-a2a0e0336b2e/part.1: OK
./minio-data/music-assets/11111111-1111-1111-1111-111111111111/audio/62/62c7a8645d27c0f3988c16bcc5507799e6b8d6a406a07f2fb0bd00af0f6388c2.wav/cb854310-ba39-4bb2-86b8-0df1eb1e81f9/part.1: OK
./minio-data/music-assets/11111111-1111-1111-1111-111111111111/audio/62/62c7a8645d27c0f3988c16bcc5507799e6b8d6a406a07f2fb0bd00af0f6388c2.wav/cc90a48c-d48f-48d2-a7cd-039dd20eada6/part.1: OK
./minio-data/music-assets/11111111-1111-1111-1111-111111111111/audio/62/62c7a8645d27c0f3988c16bcc5507799e6b8d6a406a07f2fb0bd00af0f6388c2.wav/cd7fc396-6897-4088-a687-08fa91d393da/part.1: OK
./minio-data/music-assets/11111111-1111-1111-1111-111111111111/audio/62/62c7a8645d27c0f3988c16bcc5507799e6b8d6a406a07f2fb0bd00af0f6388c2.wav/cfc0c820-7be0-49da-b78d-9d9a83b7923d/part.1: OK
./minio-data/music-assets/11111111-1111-1111-1111-111111111111/audio/62/62c7a8645d27c0f3988c16bcc5507799e6b8d6a406a07f2fb0bd00af0f6388c2.wav/d477fb9d-8ec0-4a7c-9d34-f147b509aeba/part.1: OK
./minio-data/music-assets/11111111-1111-1111-1111-111111111111/audio/62/62c7a8645d27c0f3988c16bcc5507799e6b8d6a406a07f2fb0bd00af0f6388c2.wav/d9892d7b-bb91-4322-a7bf-3ad75d4dd3ca/part.1: OK
./minio-data/music-assets/11111111-1111-1111-1111-111111111111/audio/62/62c7a8645d27c0f3988c16bcc5507799e6b8d6a406a07f2fb0bd00af0f6388c2.wav/de6f2e34-a784-4077-8cd3-1287bae1293f/part.1: OK
./minio-data/music-assets/11111111-1111-1111-1111-111111111111/audio/62/62c7a8645d27c0f3988c16bcc5507799e6b8d6a406a07f2fb0bd00af0f6388c2.wav/e6410b4c-ea01-47c3-bcf5-e313e2c41cdb/part.1: OK
./minio-data/music-assets/11111111-1111-1111-1111-111111111111/audio/62/62c7a8645d27c0f3988c16bcc5507799e6b8d6a406a07f2fb0bd00af0f6388c2.wav/e8d98e81-d820-48f3-8153-73f9ce740208/part.1: OK
./minio-data/music-assets/11111111-1111-1111-1111-111111111111/audio/62/62c7a8645d27c0f3988c16bcc5507799e6b8d6a406a07f2fb0bd00af0f6388c2.wav/f18cf8df-35d0-4ed1-bb6e-d36f34b231dd/part.1: OK
./minio-data/music-assets/11111111-1111-1111-1111-111111111111/audio/62/62c7a8645d27c0f3988c16bcc5507799e6b8d6a406a07f2fb0bd00af0f6388c2.wav/f200f95c-c501-4862-a506-359fd38de03b/part.1: OK
./minio-data/music-assets/11111111-1111-1111-1111-111111111111/audio/62/62c7a8645d27c0f3988c16bcc5507799e6b8d6a406a07f2fb0bd00af0f6388c2.wav/f2770734-0a1c-4c27-a1b8-8c749f521f03/part.1: OK
./minio-data/music-assets/11111111-1111-1111-1111-111111111111/audio/62/62c7a8645d27c0f3988c16bcc5507799e6b8d6a406a07f2fb0bd00af0f6388c2.wav/f74ccb13-683a-4254-bbab-c5bf6975513b/part.1: OK
./minio-data/music-assets/11111111-1111-1111-1111-111111111111/audio/62/62c7a8645d27c0f3988c16bcc5507799e6b8d6a406a07f2fb0bd00af0f6388c2.wav/fc52f517-ca4d-4460-97ce-0e16c6016496/part.1: OK
./minio-data/music-assets/11111111-1111-1111-1111-111111111111/audio/62/62c7a8645d27c0f3988c16bcc5507799e6b8d6a406a07f2fb0bd00af0f6388c2.wav/fedf569e-9ba3-47b6-8f6d-9abba051c93f/part.1: OK
./minio-data/music-assets/11111111-1111-1111-1111-111111111111/audio/62/62c7a8645d27c0f3988c16bcc5507799e6b8d6a406a07f2fb0bd00af0f6388c2.wav/xl.meta: OK
./minio-data/music-assets/11111111-1111-1111-1111-111111111111/audio/76/7695f02c53298f9a51eeac81da6835facae286cc6e195c235ec1e4c63a8d59af.wav/0939fb58-2a3d-46fd-8b2a-cc5b6cffaf12/part.1: OK
./minio-data/music-assets/11111111-1111-1111-1111-111111111111/audio/76/7695f02c53298f9a51eeac81da6835facae286cc6e195c235ec1e4c63a8d59af.wav/0abf0ed4-a82a-44d1-936c-f56c5d9f3ac2/part.1: OK
./minio-data/music-assets/11111111-1111-1111-1111-111111111111/audio/76/7695f02c53298f9a51eeac81da6835facae286cc6e195c235ec1e4c63a8d59af.wav/165ea3ad-d33d-4f19-a0e2-86fad86de42a/part.1: OK
./minio-data/music-assets/11111111-1111-1111-1111-111111111111/audio/76/7695f02c53298f9a51eeac81da6835facae286cc6e195c235ec1e4c63a8d59af.wav/1a7b614b-1f52-4742-925b-68962ef97ad5/part.1: OK
./minio-data/music-assets/11111111-1111-1111-1111-111111111111/audio/76/7695f02c53298f9a51eeac81da6835facae286cc6e195c235ec1e4c63a8d59af.wav/26a6dbaf-a6a5-49b7-9ee5-0ba3f8f42e73/part.1: OK
./minio-data/music-assets/11111111-1111-1111-1111-111111111111/audio/76/7695f02c53298f9a51eeac81da6835facae286cc6e195c235ec1e4c63a8d59af.wav/29f82d9c-4450-4248-9ad6-95f3f84cfbf0/part.1: OK
./minio-data/music-assets/11111111-1111-1111-1111-111111111111/audio/76/7695f02c53298f9a51eeac81da6835facae286cc6e195c235ec1e4c63a8d59af.wav/2b638cd4-ded2-4edb-99f5-9d93eefd25c9/part.1: OK
./minio-data/music-assets/11111111-1111-1111-1111-111111111111/audio/76/7695f02c53298f9a51eeac81da6835facae286cc6e195c235ec1e4c63a8d59af.wav/3471169b-8376-4aee-8cc7-56a64f86bcc8/part.1: OK
./minio-data/music-assets/11111111-1111-1111-1111-111111111111/audio/76/7695f02c53298f9a51eeac81da6835facae286cc6e195c235ec1e4c63a8d59af.wav/3662b7b1-568e-4aa0-81b3-b9b82686f351/part.1: OK
./minio-data/music-assets/11111111-1111-1111-1111-111111111111/audio/76/7695f02c53298f9a51eeac81da6835facae286cc6e195c235ec1e4c63a8d59af.wav/38fef7b3-f0fc-45a6-8966-7dca0fa28726/part.1: OK
./minio-data/music-assets/11111111-1111-1111-1111-111111111111/audio/76/7695f02c53298f9a51eeac81da6835facae286cc6e195c235ec1e4c63a8d59af.wav/3b3d88eb-1ba4-4f4a-9cc7-6d5e4bc92ec8/part.1: OK
./minio-data/music-assets/11111111-1111-1111-1111-111111111111/audio/76/7695f02c53298f9a51eeac81da6835facae286cc6e195c235ec1e4c63a8d59af.wav/3e031eba-8a55-41d4-a957-4ca2c28b686b/part.1: OK
./minio-data/music-assets/11111111-1111-1111-1111-111111111111/audio/76/7695f02c53298f9a51eeac81da6835facae286cc6e195c235ec1e4c63a8d59af.wav/3fcbfcab-e006-44b3-bbd3-9722619af7d7/part.1: OK
./minio-data/music-assets/11111111-1111-1111-1111-111111111111/audio/76/7695f02c53298f9a51eeac81da6835facae286cc6e195c235ec1e4c63a8d59af.wav/45799614-ae39-427a-88a3-538cecc2b615/part.1: OK
./minio-data/music-assets/11111111-1111-1111-1111-111111111111/audio/76/7695f02c53298f9a51eeac81da6835facae286cc6e195c235ec1e4c63a8d59af.wav/52c1fd38-6447-4383-bb2c-ef961465e41a/part.1: OK
./minio-data/music-assets/11111111-1111-1111-1111-111111111111/audio/76/7695f02c53298f9a51eeac81da6835facae286cc6e195c235ec1e4c63a8d59af.wav/58e2fcb8-5432-471c-a40e-c3e953c32126/part.1: OK
./minio-data/music-assets/11111111-1111-1111-1111-111111111111/audio/76/7695f02c53298f9a51eeac81da6835facae286cc6e195c235ec1e4c63a8d59af.wav/638baa4c-a9b2-467f-aef8-b4bb97b66eb9/part.1: OK
./minio-data/music-assets/11111111-1111-1111-1111-111111111111/audio/76/7695f02c53298f9a51eeac81da6835facae286cc6e195c235ec1e4c63a8d59af.wav/6ea14538-6480-4a69-9179-d8bcc09260eb/part.1: OK
./minio-data/music-assets/11111111-1111-1111-1111-111111111111/audio/76/7695f02c53298f9a51eeac81da6835facae286cc6e195c235ec1e4c63a8d59af.wav/6f88c03f-3938-4a97-87d5-c3dde712d7a7/part.1: OK
./minio-data/music-assets/11111111-1111-1111-1111-111111111111/audio/76/7695f02c53298f9a51eeac81da6835facae286cc6e195c235ec1e4c63a8d59af.wav/7f4972b2-fd20-4f1a-9553-0f5aa10d2f0b/part.1: OK
./minio-data/music-assets/11111111-1111-1111-1111-111111111111/audio/76/7695f02c53298f9a51eeac81da6835facae286cc6e195c235ec1e4c63a8d59af.wav/87f27c35-e3e6-4b70-975e-4a24366f8cda/part.1: OK
./minio-data/music-assets/11111111-1111-1111-1111-111111111111/audio/76/7695f02c53298f9a51eeac81da6835facae286cc6e195c235ec1e4c63a8d59af.wav/938714aa-8266-48cf-9771-a08e0639ebe1/part.1: OK
./minio-data/music-assets/11111111-1111-1111-1111-111111111111/audio/76/7695f02c53298f9a51eeac81da6835facae286cc6e195c235ec1e4c63a8d59af.wav/969b75b5-a51e-4c41-91c9-c622d4a005b5/part.1: OK
./minio-data/music-assets/11111111-1111-1111-1111-111111111111/audio/76/7695f02c53298f9a51eeac81da6835facae286cc6e195c235ec1e4c63a8d59af.wav/9a5c9c73-ead0-40ac-b4e2-57837656434e/part.1: OK
./minio-data/music-assets/11111111-1111-1111-1111-111111111111/audio/76/7695f02c53298f9a51eeac81da6835facae286cc6e195c235ec1e4c63a8d59af.wav/9e35f397-629d-48f7-bd1a-f06a3c1d467d/part.1: OK
./minio-data/music-assets/11111111-1111-1111-1111-111111111111/audio/76/7695f02c53298f9a51eeac81da6835facae286cc6e195c235ec1e4c63a8d59af.wav/a1a671a2-9576-4ed9-8d5e-ca557beb7e29/part.1: OK
./minio-data/music-assets/11111111-1111-1111-1111-111111111111/audio/76/7695f02c53298f9a51eeac81da6835facae286cc6e195c235ec1e4c63a8d59af.wav/a5fd08cd-22fe-4abb-82d9-9c4981e8498d/part.1: OK
./minio-data/music-assets/11111111-1111-1111-1111-111111111111/audio/76/7695f02c53298f9a51eeac81da6835facae286cc6e195c235ec1e4c63a8d59af.wav/a70e1d56-fe58-497d-83a5-953f3ad64111/part.1: OK
./minio-data/music-assets/11111111-1111-1111-1111-111111111111/audio/76/7695f02c53298f9a51eeac81da6835facae286cc6e195c235ec1e4c63a8d59af.wav/a9f90467-b5ea-49af-91b4-6c782e95efa9/part.1: OK
./minio-data/music-assets/11111111-1111-1111-1111-111111111111/audio/76/7695f02c53298f9a51eeac81da6835facae286cc6e195c235ec1e4c63a8d59af.wav/ac0fee07-920f-484d-9ccd-ea2253854275/part.1: OK
./minio-data/music-assets/11111111-1111-1111-1111-111111111111/audio/76/7695f02c53298f9a51eeac81da6835facae286cc6e195c235ec1e4c63a8d59af.wav/aec71091-0768-4400-bfb4-7e1cf105b3cc/part.1: OK
./minio-data/music-assets/11111111-1111-1111-1111-111111111111/audio/76/7695f02c53298f9a51eeac81da6835facae286cc6e195c235ec1e4c63a8d59af.wav/af9e67fe-6b74-45df-bc4a-4ba0ad67e7cb/part.1: OK
./minio-data/music-assets/11111111-1111-1111-1111-111111111111/audio/76/7695f02c53298f9a51eeac81da6835facae286cc6e195c235ec1e4c63a8d59af.wav/b8e09133-6008-491a-8db6-a27394f53daa/part.1: OK
./minio-data/music-assets/11111111-1111-1111-1111-111111111111/audio/76/7695f02c53298f9a51eeac81da6835facae286cc6e195c235ec1e4c63a8d59af.wav/c16e392b-6583-4c5b-9dad-5636ceb86fc3/part.1: OK
./minio-data/music-assets/11111111-1111-1111-1111-111111111111/audio/76/7695f02c53298f9a51eeac81da6835facae286cc6e195c235ec1e4c63a8d59af.wav/c5e54732-9acc-4219-af0a-015b7ea5f580/part.1: OK
./minio-data/music-assets/11111111-1111-1111-1111-111111111111/audio/76/7695f02c53298f9a51eeac81da6835facae286cc6e195c235ec1e4c63a8d59af.wav/cf0cbeb1-598c-49f4-93d8-1cb3920c8af5/part.1: OK
./minio-data/music-assets/11111111-1111-1111-1111-111111111111/audio/76/7695f02c53298f9a51eeac81da6835facae286cc6e195c235ec1e4c63a8d59af.wav/d0cdf406-f3b6-4bfa-b7a0-507441183eca/part.1: OK
./minio-data/music-assets/11111111-1111-1111-1111-111111111111/audio/76/7695f02c53298f9a51eeac81da6835facae286cc6e195c235ec1e4c63a8d59af.wav/ed31c470-60bc-4919-b778-1beef59f4272/part.1: OK
./minio-data/music-assets/11111111-1111-1111-1111-111111111111/audio/76/7695f02c53298f9a51eeac81da6835facae286cc6e195c235ec1e4c63a8d59af.wav/f389f0a9-05bb-4741-ab45-4399bbf44ff3/part.1: OK
./minio-data/music-assets/11111111-1111-1111-1111-111111111111/audio/76/7695f02c53298f9a51eeac81da6835facae286cc6e195c235ec1e4c63a8d59af.wav/f4ad2a64-6028-4cc9-9a59-cc1324ce63f6/part.1: OK
./minio-data/music-assets/11111111-1111-1111-1111-111111111111/audio/76/7695f02c53298f9a51eeac81da6835facae286cc6e195c235ec1e4c63a8d59af.wav/fe18b838-f20c-4132-baef-e70b7520af0b/part.1: OK
./minio-data/music-assets/11111111-1111-1111-1111-111111111111/audio/76/7695f02c53298f9a51eeac81da6835facae286cc6e195c235ec1e4c63a8d59af.wav/ff6f4ba5-c0b1-4564-8554-06e408539fcd/part.1: OK
./minio-data/music-assets/11111111-1111-1111-1111-111111111111/audio/76/7695f02c53298f9a51eeac81da6835facae286cc6e195c235ec1e4c63a8d59af.wav/xl.meta: OK
./minio-data/music-assets/11111111-1111-1111-1111-111111111111/audio/a9/a9d05e32f3c2a73fbc429ef894795f7e47cf53e77967db1bb440a4d994501c06.wav/000a3eb9-260f-40c8-b4ab-789a5dc97768/part.1: OK
./minio-data/music-assets/11111111-1111-1111-1111-111111111111/audio/a9/a9d05e32f3c2a73fbc429ef894795f7e47cf53e77967db1bb440a4d994501c06.wav/07f91f99-5186-49b6-9e74-1f4b58595fa2/part.1: OK
./minio-data/music-assets/11111111-1111-1111-1111-111111111111/audio/a9/a9d05e32f3c2a73fbc429ef894795f7e47cf53e77967db1bb440a4d994501c06.wav/0ea6cec3-9027-4eb0-91f8-d27358df7607/part.1: OK
./minio-data/music-assets/11111111-1111-1111-1111-111111111111/audio/a9/a9d05e32f3c2a73fbc429ef894795f7e47cf53e77967db1bb440a4d994501c06.wav/1c06833a-217a-4fea-b0f0-374edf66d18e/part.1: OK
./minio-data/music-assets/11111111-1111-1111-1111-111111111111/audio/a9/a9d05e32f3c2a73fbc429ef894795f7e47cf53e77967db1bb440a4d994501c06.wav/1ddb190e-1bcb-48b6-8228-192907d34ae9/part.1: OK
./minio-data/music-assets/11111111-1111-1111-1111-111111111111/audio/a9/a9d05e32f3c2a73fbc429ef894795f7e47cf53e77967db1bb440a4d994501c06.wav/2f83cd0b-25f3-4379-a10c-03d3629c6ed8/part.1: OK
./minio-data/music-assets/11111111-1111-1111-1111-111111111111/audio/a9/a9d05e32f3c2a73fbc429ef894795f7e47cf53e77967db1bb440a4d994501c06.wav/34fca21a-6ad9-4503-bf13-ff5963e597b9/part.1: OK
./minio-data/music-assets/11111111-1111-1111-1111-111111111111/audio/a9/a9d05e32f3c2a73fbc429ef894795f7e47cf53e77967db1bb440a4d994501c06.wav/38096715-675c-43b8-a13a-61e8a50377c8/part.1: OK
./minio-data/music-assets/11111111-1111-1111-1111-111111111111/audio/a9/a9d05e32f3c2a73fbc429ef894795f7e47cf53e77967db1bb440a4d994501c06.wav/43fac057-9d50-49e7-ab9b-d49a9c1729eb/part.1: OK
./minio-data/music-assets/11111111-1111-1111-1111-111111111111/audio/a9/a9d05e32f3c2a73fbc429ef894795f7e47cf53e77967db1bb440a4d994501c06.wav/476eb3a2-c22f-4e9a-95e7-e3db8d8fa0e7/part.1: OK
./minio-data/music-assets/11111111-1111-1111-1111-111111111111/audio/a9/a9d05e32f3c2a73fbc429ef894795f7e47cf53e77967db1bb440a4d994501c06.wav/48ffd6df-ad60-452a-a8db-380af5f5fe20/part.1: OK
./minio-data/music-assets/11111111-1111-1111-1111-111111111111/audio/a9/a9d05e32f3c2a73fbc429ef894795f7e47cf53e77967db1bb440a4d994501c06.wav/4a40c1d7-e334-4b37-a27a-7fc4f339fb88/part.1: OK
./minio-data/music-assets/11111111-1111-1111-1111-111111111111/audio/a9/a9d05e32f3c2a73fbc429ef894795f7e47cf53e77967db1bb440a4d994501c06.wav/4f176a82-6db0-4d9a-9b89-28a6171d1bb5/part.1: OK
./minio-data/music-assets/11111111-1111-1111-1111-111111111111/audio/a9/a9d05e32f3c2a73fbc429ef894795f7e47cf53e77967db1bb440a4d994501c06.wav/5dd86850-9072-4144-9cde-88ecf651a804/part.1: OK
./minio-data/music-assets/11111111-1111-1111-1111-111111111111/audio/a9/a9d05e32f3c2a73fbc429ef894795f7e47cf53e77967db1bb440a4d994501c06.wav/5e3aad77-bf9d-468f-8c05-b69f33b7a264/part.1: OK
./minio-data/music-assets/11111111-1111-1111-1111-111111111111/audio/a9/a9d05e32f3c2a73fbc429ef894795f7e47cf53e77967db1bb440a4d994501c06.wav/5ef77952-28a6-48b8-90bd-28d491466ab8/part.1: OK
./minio-data/music-assets/11111111-1111-1111-1111-111111111111/audio/a9/a9d05e32f3c2a73fbc429ef894795f7e47cf53e77967db1bb440a4d994501c06.wav/6cb917a8-e28b-442d-8a33-4b16a10db9f2/part.1: OK
./minio-data/music-assets/11111111-1111-1111-1111-111111111111/audio/a9/a9d05e32f3c2a73fbc429ef894795f7e47cf53e77967db1bb440a4d994501c06.wav/6f0b5e37-0226-450a-8975-254191af6f58/part.1: OK
./minio-data/music-assets/11111111-1111-1111-1111-111111111111/audio/a9/a9d05e32f3c2a73fbc429ef894795f7e47cf53e77967db1bb440a4d994501c06.wav/71b6e16f-c42f-454d-9239-2a72354580d3/part.1: OK
./minio-data/music-assets/11111111-1111-1111-1111-111111111111/audio/a9/a9d05e32f3c2a73fbc429ef894795f7e47cf53e77967db1bb440a4d994501c06.wav/733fc182-69d5-4d69-86b5-735f32bdb747/part.1: OK
./minio-data/music-assets/11111111-1111-1111-1111-111111111111/audio/a9/a9d05e32f3c2a73fbc429ef894795f7e47cf53e77967db1bb440a4d994501c06.wav/7425482b-ec93-45cc-aa1b-db650d3bf4c5/part.1: OK
./minio-data/music-assets/11111111-1111-1111-1111-111111111111/audio/a9/a9d05e32f3c2a73fbc429ef894795f7e47cf53e77967db1bb440a4d994501c06.wav/7ef824e4-f8a3-4d40-93a1-f0d178871af0/part.1: OK
./minio-data/music-assets/11111111-1111-1111-1111-111111111111/audio/a9/a9d05e32f3c2a73fbc429ef894795f7e47cf53e77967db1bb440a4d994501c06.wav/868ee5dc-9b46-45cd-a4dc-ce8934b02c5d/part.1: OK
./minio-data/music-assets/11111111-1111-1111-1111-111111111111/audio/a9/a9d05e32f3c2a73fbc429ef894795f7e47cf53e77967db1bb440a4d994501c06.wav/8d35959d-971d-4f51-8cc9-f49078ec2bab/part.1: OK
./minio-data/music-assets/11111111-1111-1111-1111-111111111111/audio/a9/a9d05e32f3c2a73fbc429ef894795f7e47cf53e77967db1bb440a4d994501c06.wav/90cb684e-a67f-4d6c-b9b1-31b0ccd48996/part.1: OK
./minio-data/music-assets/11111111-1111-1111-1111-111111111111/audio/a9/a9d05e32f3c2a73fbc429ef894795f7e47cf53e77967db1bb440a4d994501c06.wav/91be4a98-3d45-4b8c-85e3-35368fe3ed55/part.1: OK
./minio-data/music-assets/11111111-1111-1111-1111-111111111111/audio/a9/a9d05e32f3c2a73fbc429ef894795f7e47cf53e77967db1bb440a4d994501c06.wav/9246af27-8b0c-4d4e-9ccb-ded5124aa3d1/part.1: OK
./minio-data/music-assets/11111111-1111-1111-1111-111111111111/audio/a9/a9d05e32f3c2a73fbc429ef894795f7e47cf53e77967db1bb440a4d994501c06.wav/99769880-5487-4d44-a4d3-69a3b68f28a1/part.1: OK
./minio-data/music-assets/11111111-1111-1111-1111-111111111111/audio/a9/a9d05e32f3c2a73fbc429ef894795f7e47cf53e77967db1bb440a4d994501c06.wav/9ba5fb4c-2a3a-4caf-aedb-069d6ba63e10/part.1: OK
./minio-data/music-assets/11111111-1111-1111-1111-111111111111/audio/a9/a9d05e32f3c2a73fbc429ef894795f7e47cf53e77967db1bb440a4d994501c06.wav/9cb74ffa-b7b5-46ca-a1b6-f018cd6df20f/part.1: OK
./minio-data/music-assets/11111111-1111-1111-1111-111111111111/audio/a9/a9d05e32f3c2a73fbc429ef894795f7e47cf53e77967db1bb440a4d994501c06.wav/9f40ede6-c786-417f-b97c-f32b50b689c6/part.1: OK
./minio-data/music-assets/11111111-1111-1111-1111-111111111111/audio/a9/a9d05e32f3c2a73fbc429ef894795f7e47cf53e77967db1bb440a4d994501c06.wav/a35205cc-d36a-4249-a8f5-101a421f5d5b/part.1: OK
./minio-data/music-assets/11111111-1111-1111-1111-111111111111/audio/a9/a9d05e32f3c2a73fbc429ef894795f7e47cf53e77967db1bb440a4d994501c06.wav/a3e85d0f-b19c-4651-bf0d-abe15a0f48b9/part.1: OK
./minio-data/music-assets/11111111-1111-1111-1111-111111111111/audio/a9/a9d05e32f3c2a73fbc429ef894795f7e47cf53e77967db1bb440a4d994501c06.wav/b5ca3474-a9cc-4b96-90d3-bf103cecb52c/part.1: OK
./minio-data/music-assets/11111111-1111-1111-1111-111111111111/audio/a9/a9d05e32f3c2a73fbc429ef894795f7e47cf53e77967db1bb440a4d994501c06.wav/b6c90b99-77f6-4445-83d2-62f1cf884dd0/part.1: OK
./minio-data/music-assets/11111111-1111-1111-1111-111111111111/audio/a9/a9d05e32f3c2a73fbc429ef894795f7e47cf53e77967db1bb440a4d994501c06.wav/b885d01c-63b5-4bf7-8d06-ff5f50f2219b/part.1: OK
./minio-data/music-assets/11111111-1111-1111-1111-111111111111/audio/a9/a9d05e32f3c2a73fbc429ef894795f7e47cf53e77967db1bb440a4d994501c06.wav/bf555fbb-b1fb-4015-a83c-cb6b5b43bd06/part.1: OK
./minio-data/music-assets/11111111-1111-1111-1111-111111111111/audio/a9/a9d05e32f3c2a73fbc429ef894795f7e47cf53e77967db1bb440a4d994501c06.wav/c39a5af6-d48a-4a9f-b54c-cf4d98d29516/part.1: OK
./minio-data/music-assets/11111111-1111-1111-1111-111111111111/audio/a9/a9d05e32f3c2a73fbc429ef894795f7e47cf53e77967db1bb440a4d994501c06.wav/c6f3c9f7-ac72-4972-a0ec-6a74af82734b/part.1: OK
./minio-data/music-assets/11111111-1111-1111-1111-111111111111/audio/a9/a9d05e32f3c2a73fbc429ef894795f7e47cf53e77967db1bb440a4d994501c06.wav/d107a49e-8e3a-49c5-a7be-e3f6596547c4/part.1: OK
./minio-data/music-assets/11111111-1111-1111-1111-111111111111/audio/a9/a9d05e32f3c2a73fbc429ef894795f7e47cf53e77967db1bb440a4d994501c06.wav/d96fe5e1-05a8-4d9b-98df-f3a59588d3fc/part.1: OK
./minio-data/music-assets/11111111-1111-1111-1111-111111111111/audio/a9/a9d05e32f3c2a73fbc429ef894795f7e47cf53e77967db1bb440a4d994501c06.wav/da84aec7-42c1-4e75-8417-622aa9548c5a/part.1: OK
./minio-data/music-assets/11111111-1111-1111-1111-111111111111/audio/a9/a9d05e32f3c2a73fbc429ef894795f7e47cf53e77967db1bb440a4d994501c06.wav/de6bf2d2-8a6a-4f3d-a880-88645ed22cd3/part.1: OK
./minio-data/music-assets/11111111-1111-1111-1111-111111111111/audio/a9/a9d05e32f3c2a73fbc429ef894795f7e47cf53e77967db1bb440a4d994501c06.wav/e1e5e15a-534e-408d-b5b9-ca16d4dd5a4f/part.1: OK
./minio-data/music-assets/11111111-1111-1111-1111-111111111111/audio/a9/a9d05e32f3c2a73fbc429ef894795f7e47cf53e77967db1bb440a4d994501c06.wav/e8622d42-b917-40df-82aa-791f6c2191b7/part.1: OK
./minio-data/music-assets/11111111-1111-1111-1111-111111111111/audio/a9/a9d05e32f3c2a73fbc429ef894795f7e47cf53e77967db1bb440a4d994501c06.wav/eb8671b7-46ab-4fa4-b5a8-bb85e62be0ef/part.1: OK
./minio-data/music-assets/11111111-1111-1111-1111-111111111111/audio/a9/a9d05e32f3c2a73fbc429ef894795f7e47cf53e77967db1bb440a4d994501c06.wav/ed2a4c10-3c62-4ade-ac7e-f5e68503300b/part.1: OK
./minio-data/music-assets/11111111-1111-1111-1111-111111111111/audio/a9/a9d05e32f3c2a73fbc429ef894795f7e47cf53e77967db1bb440a4d994501c06.wav/fc8edfaa-9dab-4778-8e6d-c86c77f67e33/part.1: OK
./minio-data/music-assets/11111111-1111-1111-1111-111111111111/audio/a9/a9d05e32f3c2a73fbc429ef894795f7e47cf53e77967db1bb440a4d994501c06.wav/xl.meta: OK
./minio-data/music-assets/11111111-1111-1111-1111-111111111111/audio/d0/d0261574c91bda736971d0004295ed0749b937e1efb25ceb3f8be1e3f36785b9.wav/012c7a3c-60ce-4a25-a956-4470827e750c/part.1: OK
./minio-data/music-assets/11111111-1111-1111-1111-111111111111/audio/d0/d0261574c91bda736971d0004295ed0749b937e1efb25ceb3f8be1e3f36785b9.wav/0c64770e-f676-4b55-a243-142ac306d6d2/part.1: OK
./minio-data/music-assets/11111111-1111-1111-1111-111111111111/audio/d0/d0261574c91bda736971d0004295ed0749b937e1efb25ceb3f8be1e3f36785b9.wav/0cdd1c75-ddf7-4069-873c-e60503cd122a/part.1: OK
./minio-data/music-assets/11111111-1111-1111-1111-111111111111/audio/d0/d0261574c91bda736971d0004295ed0749b937e1efb25ceb3f8be1e3f36785b9.wav/1a3c900b-f709-43ce-b7bc-2d6fdb916c59/part.1: OK
./minio-data/music-assets/11111111-1111-1111-1111-111111111111/audio/d0/d0261574c91bda736971d0004295ed0749b937e1efb25ceb3f8be1e3f36785b9.wav/1f22970a-fe1f-41c1-98df-63b8393e29d2/part.1: OK
./minio-data/music-assets/11111111-1111-1111-1111-111111111111/audio/d0/d0261574c91bda736971d0004295ed0749b937e1efb25ceb3f8be1e3f36785b9.wav/1fd7a01e-0cb6-4f1d-a96f-75b3fc96692d/part.1: OK
./minio-data/music-assets/11111111-1111-1111-1111-111111111111/audio/d0/d0261574c91bda736971d0004295ed0749b937e1efb25ceb3f8be1e3f36785b9.wav/29b1923e-844d-4397-9371-d744c0b4c33b/part.1: OK
./minio-data/music-assets/11111111-1111-1111-1111-111111111111/audio/d0/d0261574c91bda736971d0004295ed0749b937e1efb25ceb3f8be1e3f36785b9.wav/2cad6e6c-4faf-4672-9607-461d2df3ef14/part.1: OK
./minio-data/music-assets/11111111-1111-1111-1111-111111111111/audio/d0/d0261574c91bda736971d0004295ed0749b937e1efb25ceb3f8be1e3f36785b9.wav/31275095-01b1-434c-886c-7785f9c89689/part.1: OK
./minio-data/music-assets/11111111-1111-1111-1111-111111111111/audio/d0/d0261574c91bda736971d0004295ed0749b937e1efb25ceb3f8be1e3f36785b9.wav/3a35dafe-668a-444a-a4ad-a487ef868e63/part.1: OK
./minio-data/music-assets/11111111-1111-1111-1111-111111111111/audio/d0/d0261574c91bda736971d0004295ed0749b937e1efb25ceb3f8be1e3f36785b9.wav/3e71dcb9-8f7e-41da-8d2c-5ada9a0d2ec1/part.1: OK
./minio-data/music-assets/11111111-1111-1111-1111-111111111111/audio/d0/d0261574c91bda736971d0004295ed0749b937e1efb25ceb3f8be1e3f36785b9.wav/54882b3a-eb90-446c-bac2-9309bdafe6eb/part.1: OK
./minio-data/music-assets/11111111-1111-1111-1111-111111111111/audio/d0/d0261574c91bda736971d0004295ed0749b937e1efb25ceb3f8be1e3f36785b9.wav/55a0ae32-fc7f-4eff-a5c9-2ceb73545fe4/part.1: OK
./minio-data/music-assets/11111111-1111-1111-1111-111111111111/audio/d0/d0261574c91bda736971d0004295ed0749b937e1efb25ceb3f8be1e3f36785b9.wav/5cb890f7-566b-467c-ae60-66b0aac5c228/part.1: OK
./minio-data/music-assets/11111111-1111-1111-1111-111111111111/audio/d0/d0261574c91bda736971d0004295ed0749b937e1efb25ceb3f8be1e3f36785b9.wav/72349325-b50f-4c35-971b-4922d0327fa1/part.1: OK
./minio-data/music-assets/11111111-1111-1111-1111-111111111111/audio/d0/d0261574c91bda736971d0004295ed0749b937e1efb25ceb3f8be1e3f36785b9.wav/75d32dfb-34d3-42b1-8a6b-735561c55f37/part.1: OK
./minio-data/music-assets/11111111-1111-1111-1111-111111111111/audio/d0/d0261574c91bda736971d0004295ed0749b937e1efb25ceb3f8be1e3f36785b9.wav/7675972a-f6fd-4629-81a0-41e61c2e85fe/part.1: OK
./minio-data/music-assets/11111111-1111-1111-1111-111111111111/audio/d0/d0261574c91bda736971d0004295ed0749b937e1efb25ceb3f8be1e3f36785b9.wav/76d373c0-ef5d-455b-8b0d-fa9e9a7a8f91/part.1: OK
./minio-data/music-assets/11111111-1111-1111-1111-111111111111/audio/d0/d0261574c91bda736971d0004295ed0749b937e1efb25ceb3f8be1e3f36785b9.wav/7a3746ce-d518-45f3-ad9e-083590f9090f/part.1: OK
./minio-data/music-assets/11111111-1111-1111-1111-111111111111/audio/d0/d0261574c91bda736971d0004295ed0749b937e1efb25ceb3f8be1e3f36785b9.wav/869cbd5e-7ba8-4545-82fe-5d704f3fac4d/part.1: OK
./minio-data/music-assets/11111111-1111-1111-1111-111111111111/audio/d0/d0261574c91bda736971d0004295ed0749b937e1efb25ceb3f8be1e3f36785b9.wav/873d06d4-297f-4cc4-8a85-0e9bdbee6491/part.1: OK
./minio-data/music-assets/11111111-1111-1111-1111-111111111111/audio/d0/d0261574c91bda736971d0004295ed0749b937e1efb25ceb3f8be1e3f36785b9.wav/8b02cd18-3e02-4352-8942-5171ec58c4af/part.1: OK
./minio-data/music-assets/11111111-1111-1111-1111-111111111111/audio/d0/d0261574c91bda736971d0004295ed0749b937e1efb25ceb3f8be1e3f36785b9.wav/8d2bc934-d60f-4f4f-933a-09ff1f72972c/part.1: OK
./minio-data/music-assets/11111111-1111-1111-1111-111111111111/audio/d0/d0261574c91bda736971d0004295ed0749b937e1efb25ceb3f8be1e3f36785b9.wav/8e9b2488-7649-4695-99e2-52e7f2280625/part.1: OK
./minio-data/music-assets/11111111-1111-1111-1111-111111111111/audio/d0/d0261574c91bda736971d0004295ed0749b937e1efb25ceb3f8be1e3f36785b9.wav/922a06b0-f60a-4a7a-915c-d80d0d44d5a7/part.1: OK
./minio-data/music-assets/11111111-1111-1111-1111-111111111111/audio/d0/d0261574c91bda736971d0004295ed0749b937e1efb25ceb3f8be1e3f36785b9.wav/968a1382-0d29-42e3-b6f5-34da55c103c9/part.1: OK
./minio-data/music-assets/11111111-1111-1111-1111-111111111111/audio/d0/d0261574c91bda736971d0004295ed0749b937e1efb25ceb3f8be1e3f36785b9.wav/97810474-22a8-4ae6-b06a-38117ddac5da/part.1: OK
./minio-data/music-assets/11111111-1111-1111-1111-111111111111/audio/d0/d0261574c91bda736971d0004295ed0749b937e1efb25ceb3f8be1e3f36785b9.wav/9c10f0b3-0477-451b-8a2f-f2a547b3e6d8/part.1: OK
./minio-data/music-assets/11111111-1111-1111-1111-111111111111/audio/d0/d0261574c91bda736971d0004295ed0749b937e1efb25ceb3f8be1e3f36785b9.wav/a2884543-df01-4fd2-b293-6f6a5404ca62/part.1: OK
./minio-data/music-assets/11111111-1111-1111-1111-111111111111/audio/d0/d0261574c91bda736971d0004295ed0749b937e1efb25ceb3f8be1e3f36785b9.wav/b2008041-d382-4af1-a332-0a9e90210d52/part.1: OK
./minio-data/music-assets/11111111-1111-1111-1111-111111111111/audio/d0/d0261574c91bda736971d0004295ed0749b937e1efb25ceb3f8be1e3f36785b9.wav/bc9c858e-4afe-401a-88f7-ae6bb6d7ebf6/part.1: OK
./minio-data/music-assets/11111111-1111-1111-1111-111111111111/audio/d0/d0261574c91bda736971d0004295ed0749b937e1efb25ceb3f8be1e3f36785b9.wav/c1620763-6503-4c58-bbb0-25c42f133b36/part.1: OK
./minio-data/music-assets/11111111-1111-1111-1111-111111111111/audio/d0/d0261574c91bda736971d0004295ed0749b937e1efb25ceb3f8be1e3f36785b9.wav/c7a5af99-ead1-4788-9884-2612952ff4ec/part.1: OK
./minio-data/music-assets/11111111-1111-1111-1111-111111111111/audio/d0/d0261574c91bda736971d0004295ed0749b937e1efb25ceb3f8be1e3f36785b9.wav/ccda71d5-931b-4c4a-aaf0-e80dbc32b963/part.1: OK
./minio-data/music-assets/11111111-1111-1111-1111-111111111111/audio/d0/d0261574c91bda736971d0004295ed0749b937e1efb25ceb3f8be1e3f36785b9.wav/cd8f012b-0f41-496e-b95a-5080589437f6/part.1: OK
./minio-data/music-assets/11111111-1111-1111-1111-111111111111/audio/d0/d0261574c91bda736971d0004295ed0749b937e1efb25ceb3f8be1e3f36785b9.wav/d622efab-f8ef-4017-a848-b461bd686fb1/part.1: OK
./minio-data/music-assets/11111111-1111-1111-1111-111111111111/audio/d0/d0261574c91bda736971d0004295ed0749b937e1efb25ceb3f8be1e3f36785b9.wav/d63e7785-0e86-4ddd-8c97-792c589b6cbe/part.1: OK
./minio-data/music-assets/11111111-1111-1111-1111-111111111111/audio/d0/d0261574c91bda736971d0004295ed0749b937e1efb25ceb3f8be1e3f36785b9.wav/d67b300f-a740-4495-b637-6b76f26571f3/part.1: OK
./minio-data/music-assets/11111111-1111-1111-1111-111111111111/audio/d0/d0261574c91bda736971d0004295ed0749b937e1efb25ceb3f8be1e3f36785b9.wav/d890144d-77ab-4d38-9d55-fb26fcb4e7df/part.1: OK
./minio-data/music-assets/11111111-1111-1111-1111-111111111111/audio/d0/d0261574c91bda736971d0004295ed0749b937e1efb25ceb3f8be1e3f36785b9.wav/d94b8a31-a554-4331-b102-18a8dbaa18c9/part.1: OK
./minio-data/music-assets/11111111-1111-1111-1111-111111111111/audio/d0/d0261574c91bda736971d0004295ed0749b937e1efb25ceb3f8be1e3f36785b9.wav/ddd37227-4a60-44f3-9c22-0df58e2f1782/part.1: OK
./minio-data/music-assets/11111111-1111-1111-1111-111111111111/audio/d0/d0261574c91bda736971d0004295ed0749b937e1efb25ceb3f8be1e3f36785b9.wav/ef68f14f-9afc-415f-a18f-32b43a1e9a31/part.1: OK
./minio-data/music-assets/11111111-1111-1111-1111-111111111111/audio/d0/d0261574c91bda736971d0004295ed0749b937e1efb25ceb3f8be1e3f36785b9.wav/f4e6b1d2-0eae-4c21-913d-bc11349c2607/part.1: OK
./minio-data/music-assets/11111111-1111-1111-1111-111111111111/audio/d0/d0261574c91bda736971d0004295ed0749b937e1efb25ceb3f8be1e3f36785b9.wav/xl.meta: OK
./minio-data/music-assets/11111111-1111-1111-1111-111111111111/audio/d5/d5a17f151901c6d1afb534f10332a967daebb43777d7031e47bdeff6ebfb9b2e.wav/016d1c82-32f6-4ec6-8fc2-bbbfae4e28eb/part.1: OK
./minio-data/music-assets/11111111-1111-1111-1111-111111111111/audio/d5/d5a17f151901c6d1afb534f10332a967daebb43777d7031e47bdeff6ebfb9b2e.wav/02d35cab-31a5-4c43-a0b9-6961eeb743bf/part.1: OK
./minio-data/music-assets/11111111-1111-1111-1111-111111111111/audio/d5/d5a17f151901c6d1afb534f10332a967daebb43777d7031e47bdeff6ebfb9b2e.wav/1debaa0f-033a-418d-aa5e-d3d7a426b27f/part.1: OK
./minio-data/music-assets/11111111-1111-1111-1111-111111111111/audio/d5/d5a17f151901c6d1afb534f10332a967daebb43777d7031e47bdeff6ebfb9b2e.wav/20529fc8-746b-492b-8f9b-b7664a4800b8/part.1: OK
./minio-data/music-assets/11111111-1111-1111-1111-111111111111/audio/d5/d5a17f151901c6d1afb534f10332a967daebb43777d7031e47bdeff6ebfb9b2e.wav/29016477-4eaf-4f8a-a1f8-8de1ded2b971/part.1: OK
./minio-data/music-assets/11111111-1111-1111-1111-111111111111/audio/d5/d5a17f151901c6d1afb534f10332a967daebb43777d7031e47bdeff6ebfb9b2e.wav/37249fa4-45e0-4067-99e6-aa56823afd05/part.1: OK
./minio-data/music-assets/11111111-1111-1111-1111-111111111111/audio/d5/d5a17f151901c6d1afb534f10332a967daebb43777d7031e47bdeff6ebfb9b2e.wav/40c031ed-aeda-43eb-867a-c648baa7e701/part.1: OK
./minio-data/music-assets/11111111-1111-1111-1111-111111111111/audio/d5/d5a17f151901c6d1afb534f10332a967daebb43777d7031e47bdeff6ebfb9b2e.wav/44a12053-980d-4320-a4bd-2a261228e6e1/part.1: OK
./minio-data/music-assets/11111111-1111-1111-1111-111111111111/audio/d5/d5a17f151901c6d1afb534f10332a967daebb43777d7031e47bdeff6ebfb9b2e.wav/4fa02f21-5787-4f0f-8a65-235a98537057/part.1: OK
./minio-data/music-assets/11111111-1111-1111-1111-111111111111/audio/d5/d5a17f151901c6d1afb534f10332a967daebb43777d7031e47bdeff6ebfb9b2e.wav/5cfbdcdc-d14d-4cd6-ae59-cf33949984de/part.1: OK
./minio-data/music-assets/11111111-1111-1111-1111-111111111111/audio/d5/d5a17f151901c6d1afb534f10332a967daebb43777d7031e47bdeff6ebfb9b2e.wav/625a17b7-5a37-4dbf-a253-5394679a6f47/part.1: OK
./minio-data/music-assets/11111111-1111-1111-1111-111111111111/audio/d5/d5a17f151901c6d1afb534f10332a967daebb43777d7031e47bdeff6ebfb9b2e.wav/64a78051-0ffd-48de-92ee-84aaf406673f/part.1: OK
./minio-data/music-assets/11111111-1111-1111-1111-111111111111/audio/d5/d5a17f151901c6d1afb534f10332a967daebb43777d7031e47bdeff6ebfb9b2e.wav/66c2726a-e1a0-47a9-be22-06f0275906af/part.1: OK
./minio-data/music-assets/11111111-1111-1111-1111-111111111111/audio/d5/d5a17f151901c6d1afb534f10332a967daebb43777d7031e47bdeff6ebfb9b2e.wav/66db9f50-f9fc-4f31-866d-81f468ca280c/part.1: OK
./minio-data/music-assets/11111111-1111-1111-1111-111111111111/audio/d5/d5a17f151901c6d1afb534f10332a967daebb43777d7031e47bdeff6ebfb9b2e.wav/71d4bb5e-4c05-44d4-9f2d-75550f00a25f/part.1: OK
./minio-data/music-assets/11111111-1111-1111-1111-111111111111/audio/d5/d5a17f151901c6d1afb534f10332a967daebb43777d7031e47bdeff6ebfb9b2e.wav/78146beb-6a31-4ab2-9241-1c947485f5c2/part.1: OK
./minio-data/music-assets/11111111-1111-1111-1111-111111111111/audio/d5/d5a17f151901c6d1afb534f10332a967daebb43777d7031e47bdeff6ebfb9b2e.wav/822f3f27-f12f-4b58-a6d6-716dc7b6e91a/part.1: OK
./minio-data/music-assets/11111111-1111-1111-1111-111111111111/audio/d5/d5a17f151901c6d1afb534f10332a967daebb43777d7031e47bdeff6ebfb9b2e.wav/8607ec85-dcaa-482a-b246-5643b1b8d0c2/part.1: OK
./minio-data/music-assets/11111111-1111-1111-1111-111111111111/audio/d5/d5a17f151901c6d1afb534f10332a967daebb43777d7031e47bdeff6ebfb9b2e.wav/8de4fde4-00ca-4c47-b3fe-8fce19f423d1/part.1: OK
./minio-data/music-assets/11111111-1111-1111-1111-111111111111/audio/d5/d5a17f151901c6d1afb534f10332a967daebb43777d7031e47bdeff6ebfb9b2e.wav/983602e6-7924-46cf-b87a-cb1373a96e89/part.1: OK
./minio-data/music-assets/11111111-1111-1111-1111-111111111111/audio/d5/d5a17f151901c6d1afb534f10332a967daebb43777d7031e47bdeff6ebfb9b2e.wav/a2d76b01-300c-426c-b21d-36a2fbce1a58/part.1: OK
./minio-data/music-assets/11111111-1111-1111-1111-111111111111/audio/d5/d5a17f151901c6d1afb534f10332a967daebb43777d7031e47bdeff6ebfb9b2e.wav/a95befec-7f24-45ae-85ca-4a56314a9cae/part.1: OK
./minio-data/music-assets/11111111-1111-1111-1111-111111111111/audio/d5/d5a17f151901c6d1afb534f10332a967daebb43777d7031e47bdeff6ebfb9b2e.wav/aa1ed6ba-955c-419f-915c-4203c0c47e84/part.1: OK
./minio-data/music-assets/11111111-1111-1111-1111-111111111111/audio/d5/d5a17f151901c6d1afb534f10332a967daebb43777d7031e47bdeff6ebfb9b2e.wav/aab5d69f-a986-4a5c-8066-9f1ca1221de0/part.1: OK
./minio-data/music-assets/11111111-1111-1111-1111-111111111111/audio/d5/d5a17f151901c6d1afb534f10332a967daebb43777d7031e47bdeff6ebfb9b2e.wav/accb9558-abe2-4d5c-b3eb-9c7cfeec4c97/part.1: OK
./minio-data/music-assets/11111111-1111-1111-1111-111111111111/audio/d5/d5a17f151901c6d1afb534f10332a967daebb43777d7031e47bdeff6ebfb9b2e.wav/b4b36d17-36bd-44e2-9d13-80a549e3a1ae/part.1: OK
./minio-data/music-assets/11111111-1111-1111-1111-111111111111/audio/d5/d5a17f151901c6d1afb534f10332a967daebb43777d7031e47bdeff6ebfb9b2e.wav/bdbc8b3e-43be-4730-83aa-4ff6fdf17220/part.1: OK
./minio-data/music-assets/11111111-1111-1111-1111-111111111111/audio/d5/d5a17f151901c6d1afb534f10332a967daebb43777d7031e47bdeff6ebfb9b2e.wav/bf9f70f9-17cd-4556-b2c5-0773e253d9d7/part.1: OK
./minio-data/music-assets/11111111-1111-1111-1111-111111111111/audio/d5/d5a17f151901c6d1afb534f10332a967daebb43777d7031e47bdeff6ebfb9b2e.wav/c18146e2-035d-47c4-a439-c5aff1df0bae/part.1: OK
./minio-data/music-assets/11111111-1111-1111-1111-111111111111/audio/d5/d5a17f151901c6d1afb534f10332a967daebb43777d7031e47bdeff6ebfb9b2e.wav/c27059f7-c307-421e-b32c-a6db73d420e6/part.1: OK
./minio-data/music-assets/11111111-1111-1111-1111-111111111111/audio/d5/d5a17f151901c6d1afb534f10332a967daebb43777d7031e47bdeff6ebfb9b2e.wav/c3fb77d3-eb93-45d8-8ab8-2e8ad0d7f8ca/part.1: OK
./minio-data/music-assets/11111111-1111-1111-1111-111111111111/audio/d5/d5a17f151901c6d1afb534f10332a967daebb43777d7031e47bdeff6ebfb9b2e.wav/ce3210a3-dc72-454a-ae5b-c46905e0fccf/part.1: OK
./minio-data/music-assets/11111111-1111-1111-1111-111111111111/audio/d5/d5a17f151901c6d1afb534f10332a967daebb43777d7031e47bdeff6ebfb9b2e.wav/d21e6dbf-203c-4b8f-b7ef-13486c961795/part.1: OK
./minio-data/music-assets/11111111-1111-1111-1111-111111111111/audio/d5/d5a17f151901c6d1afb534f10332a967daebb43777d7031e47bdeff6ebfb9b2e.wav/d59bdc6c-7364-4839-9e9a-d6cda0e2a3d6/part.1: OK
./minio-data/music-assets/11111111-1111-1111-1111-111111111111/audio/d5/d5a17f151901c6d1afb534f10332a967daebb43777d7031e47bdeff6ebfb9b2e.wav/e930e671-9b2b-415f-86f9-7d95aaab41b1/part.1: OK
./minio-data/music-assets/11111111-1111-1111-1111-111111111111/audio/d5/d5a17f151901c6d1afb534f10332a967daebb43777d7031e47bdeff6ebfb9b2e.wav/ed929638-b215-4c82-9552-025999501ebc/part.1: OK
./minio-data/music-assets/11111111-1111-1111-1111-111111111111/audio/d5/d5a17f151901c6d1afb534f10332a967daebb43777d7031e47bdeff6ebfb9b2e.wav/ee925aee-e440-4ee0-90a5-c52d9a5a473d/part.1: OK
./minio-data/music-assets/11111111-1111-1111-1111-111111111111/audio/d5/d5a17f151901c6d1afb534f10332a967daebb43777d7031e47bdeff6ebfb9b2e.wav/f330d6e3-89af-4981-924f-30a7d2e15ca8/part.1: OK
./minio-data/music-assets/11111111-1111-1111-1111-111111111111/audio/d5/d5a17f151901c6d1afb534f10332a967daebb43777d7031e47bdeff6ebfb9b2e.wav/f344dc5d-d61e-4236-98b5-48d89bf76c80/part.1: OK
./minio-data/music-assets/11111111-1111-1111-1111-111111111111/audio/d5/d5a17f151901c6d1afb534f10332a967daebb43777d7031e47bdeff6ebfb9b2e.wav/f7aa663b-647c-4207-9170-90f5e7a3bd82/part.1: OK
./minio-data/music-assets/11111111-1111-1111-1111-111111111111/audio/d5/d5a17f151901c6d1afb534f10332a967daebb43777d7031e47bdeff6ebfb9b2e.wav/xl.meta: OK
./minio-data/music-assets/11111111-1111-1111-1111-111111111111/audio/e3/e32d46b7830e2dbc78340442bc211faaf99594058e5b49653e922e02173d3003.wav/0c51a286-4a91-44fe-94f1-35a4785db73b/part.1: OK
./minio-data/music-assets/11111111-1111-1111-1111-111111111111/audio/e3/e32d46b7830e2dbc78340442bc211faaf99594058e5b49653e922e02173d3003.wav/0cbe7e54-7576-4b94-afb9-68201fd0fa4b/part.1: OK
./minio-data/music-assets/11111111-1111-1111-1111-111111111111/audio/e3/e32d46b7830e2dbc78340442bc211faaf99594058e5b49653e922e02173d3003.wav/15393b19-8b05-465a-8727-183deb364f85/part.1: OK
./minio-data/music-assets/11111111-1111-1111-1111-111111111111/audio/e3/e32d46b7830e2dbc78340442bc211faaf99594058e5b49653e922e02173d3003.wav/16e21f35-c383-48fe-bd6a-0eb6687c1671/part.1: OK
./minio-data/music-assets/11111111-1111-1111-1111-111111111111/audio/e3/e32d46b7830e2dbc78340442bc211faaf99594058e5b49653e922e02173d3003.wav/24010260-26d1-488b-95d1-0f0873cd2d50/part.1: OK
./minio-data/music-assets/11111111-1111-1111-1111-111111111111/audio/e3/e32d46b7830e2dbc78340442bc211faaf99594058e5b49653e922e02173d3003.wav/2b7fbbcf-7ae4-4617-9568-247c65c3bad4/part.1: OK
./minio-data/music-assets/11111111-1111-1111-1111-111111111111/audio/e3/e32d46b7830e2dbc78340442bc211faaf99594058e5b49653e922e02173d3003.wav/352c88cf-3c4f-4b08-84fc-27d5822c2c1f/part.1: OK
./minio-data/music-assets/11111111-1111-1111-1111-111111111111/audio/e3/e32d46b7830e2dbc78340442bc211faaf99594058e5b49653e922e02173d3003.wav/35efa68d-02bd-4fd5-8c9b-49ad8055de9d/part.1: OK
./minio-data/music-assets/11111111-1111-1111-1111-111111111111/audio/e3/e32d46b7830e2dbc78340442bc211faaf99594058e5b49653e922e02173d3003.wav/3a65286f-c675-4e26-8296-6a98b87e0f07/part.1: OK
./minio-data/music-assets/11111111-1111-1111-1111-111111111111/audio/e3/e32d46b7830e2dbc78340442bc211faaf99594058e5b49653e922e02173d3003.wav/4c72cb15-9514-40a7-bcb9-e2c03a890556/part.1: OK
./minio-data/music-assets/11111111-1111-1111-1111-111111111111/audio/e3/e32d46b7830e2dbc78340442bc211faaf99594058e5b49653e922e02173d3003.wav/4c923b1d-34fe-4c8e-bf12-f433eb510f3e/part.1: OK
./minio-data/music-assets/11111111-1111-1111-1111-111111111111/audio/e3/e32d46b7830e2dbc78340442bc211faaf99594058e5b49653e922e02173d3003.wav/52c2b01a-1a90-40ec-af8d-12a67aead881/part.1: OK
./minio-data/music-assets/11111111-1111-1111-1111-111111111111/audio/e3/e32d46b7830e2dbc78340442bc211faaf99594058e5b49653e922e02173d3003.wav/53cb4aa4-1d56-4a92-b41e-854cfab4fc24/part.1: OK
./minio-data/music-assets/11111111-1111-1111-1111-111111111111/audio/e3/e32d46b7830e2dbc78340442bc211faaf99594058e5b49653e922e02173d3003.wav/55c53f5f-3a3f-49f1-b873-dfacb4151fb3/part.1: OK
./minio-data/music-assets/11111111-1111-1111-1111-111111111111/audio/e3/e32d46b7830e2dbc78340442bc211faaf99594058e5b49653e922e02173d3003.wav/5bc0286f-0b14-4c4f-8db4-c164708a6079/part.1: OK
./minio-data/music-assets/11111111-1111-1111-1111-111111111111/audio/e3/e32d46b7830e2dbc78340442bc211faaf99594058e5b49653e922e02173d3003.wav/5f25662e-4f62-4e50-95f2-28f85b71e8b1/part.1: OK
./minio-data/music-assets/11111111-1111-1111-1111-111111111111/audio/e3/e32d46b7830e2dbc78340442bc211faaf99594058e5b49653e922e02173d3003.wav/71f063f7-de37-4303-b2b0-b32bcd78c154/part.1: OK
./minio-data/music-assets/11111111-1111-1111-1111-111111111111/audio/e3/e32d46b7830e2dbc78340442bc211faaf99594058e5b49653e922e02173d3003.wav/79e83b8c-1456-41c2-94cc-5344e009bbf1/part.1: OK
./minio-data/music-assets/11111111-1111-1111-1111-111111111111/audio/e3/e32d46b7830e2dbc78340442bc211faaf99594058e5b49653e922e02173d3003.wav/7d3bd181-0844-4e9e-a8d3-bfae72ced91e/part.1: OK
./minio-data/music-assets/11111111-1111-1111-1111-111111111111/audio/e3/e32d46b7830e2dbc78340442bc211faaf99594058e5b49653e922e02173d3003.wav/8b057dd9-201b-4137-9e91-ea8cb60dbcd2/part.1: OK
./minio-data/music-assets/11111111-1111-1111-1111-111111111111/audio/e3/e32d46b7830e2dbc78340442bc211faaf99594058e5b49653e922e02173d3003.wav/91dba3bb-5e98-4df4-8916-8333fa8d8e8b/part.1: OK
./minio-data/music-assets/11111111-1111-1111-1111-111111111111/audio/e3/e32d46b7830e2dbc78340442bc211faaf99594058e5b49653e922e02173d3003.wav/92d63381-2513-4298-8ff5-bb07583d168e/part.1: OK
./minio-data/music-assets/11111111-1111-1111-1111-111111111111/audio/e3/e32d46b7830e2dbc78340442bc211faaf99594058e5b49653e922e02173d3003.wav/97122ec5-cf36-426a-96b9-8a312c2a9c2e/part.1: OK
./minio-data/music-assets/11111111-1111-1111-1111-111111111111/audio/e3/e32d46b7830e2dbc78340442bc211faaf99594058e5b49653e922e02173d3003.wav/9b9c2301-d96a-42c5-aab3-b3779dbbf808/part.1: OK
./minio-data/music-assets/11111111-1111-1111-1111-111111111111/audio/e3/e32d46b7830e2dbc78340442bc211faaf99594058e5b49653e922e02173d3003.wav/9f0ca753-3273-456e-905f-55821a826c27/part.1: OK
./minio-data/music-assets/11111111-1111-1111-1111-111111111111/audio/e3/e32d46b7830e2dbc78340442bc211faaf99594058e5b49653e922e02173d3003.wav/a67d85fd-4e3d-4f2b-97e3-ea9733e8cc8e/part.1: OK
./minio-data/music-assets/11111111-1111-1111-1111-111111111111/audio/e3/e32d46b7830e2dbc78340442bc211faaf99594058e5b49653e922e02173d3003.wav/bcb1de35-538c-4ec1-8cef-ae8fb9525394/part.1: OK
./minio-data/music-assets/11111111-1111-1111-1111-111111111111/audio/e3/e32d46b7830e2dbc78340442bc211faaf99594058e5b49653e922e02173d3003.wav/c2ae93a6-606b-4cb3-9a33-f2eddd02aea6/part.1: OK
./minio-data/music-assets/11111111-1111-1111-1111-111111111111/audio/e3/e32d46b7830e2dbc78340442bc211faaf99594058e5b49653e922e02173d3003.wav/c2b200fa-7ad9-42d8-8be0-37c6223d8521/part.1: OK
./minio-data/music-assets/11111111-1111-1111-1111-111111111111/audio/e3/e32d46b7830e2dbc78340442bc211faaf99594058e5b49653e922e02173d3003.wav/c8dbab00-ec20-488c-a6d9-c1d6451ad4d7/part.1: OK
./minio-data/music-assets/11111111-1111-1111-1111-111111111111/audio/e3/e32d46b7830e2dbc78340442bc211faaf99594058e5b49653e922e02173d3003.wav/d1b9fa26-5105-4fd0-8795-4b13883da942/part.1: OK
./minio-data/music-assets/11111111-1111-1111-1111-111111111111/audio/e3/e32d46b7830e2dbc78340442bc211faaf99594058e5b49653e922e02173d3003.wav/d4a98706-7928-4b4c-98a4-b83c9c05868f/part.1: OK
./minio-data/music-assets/11111111-1111-1111-1111-111111111111/audio/e3/e32d46b7830e2dbc78340442bc211faaf99594058e5b49653e922e02173d3003.wav/d5c706e8-e175-451b-9fba-25b1c0dd6094/part.1: OK
./minio-data/music-assets/11111111-1111-1111-1111-111111111111/audio/e3/e32d46b7830e2dbc78340442bc211faaf99594058e5b49653e922e02173d3003.wav/dca72ebe-0e90-42b8-85ee-03e31e53acd0/part.1: OK
./minio-data/music-assets/11111111-1111-1111-1111-111111111111/audio/e3/e32d46b7830e2dbc78340442bc211faaf99594058e5b49653e922e02173d3003.wav/eb48bf35-bf9f-4510-a94a-a32993432531/part.1: OK
./minio-data/music-assets/11111111-1111-1111-1111-111111111111/audio/e3/e32d46b7830e2dbc78340442bc211faaf99594058e5b49653e922e02173d3003.wav/xl.meta: OK
./minio-data/music-assets/11111111-1111-1111-1111-111111111111/audio/e5/e539515e118a880fb56011ce6a4179f56c4b78161d351796c986037863187fb0.wav/02c94f50-52cd-46d4-bd43-92cb94f2f0eb/part.1: OK
./minio-data/music-assets/11111111-1111-1111-1111-111111111111/audio/e5/e539515e118a880fb56011ce6a4179f56c4b78161d351796c986037863187fb0.wav/07635663-e616-4765-8e13-a9a8e2509a8a/part.1: OK
./minio-data/music-assets/11111111-1111-1111-1111-111111111111/audio/e5/e539515e118a880fb56011ce6a4179f56c4b78161d351796c986037863187fb0.wav/104e351f-a395-4089-8874-100a2bf67b2a/part.1: OK
./minio-data/music-assets/11111111-1111-1111-1111-111111111111/audio/e5/e539515e118a880fb56011ce6a4179f56c4b78161d351796c986037863187fb0.wav/16aa069e-e30b-45c1-ab86-db009773bcff/part.1: OK
./minio-data/music-assets/11111111-1111-1111-1111-111111111111/audio/e5/e539515e118a880fb56011ce6a4179f56c4b78161d351796c986037863187fb0.wav/18a9e0f1-5758-4acc-9884-546c3d062d44/part.1: OK
./minio-data/music-assets/11111111-1111-1111-1111-111111111111/audio/e5/e539515e118a880fb56011ce6a4179f56c4b78161d351796c986037863187fb0.wav/1b0abe61-5e98-462e-8752-2c7c023072ec/part.1: OK
./minio-data/music-assets/11111111-1111-1111-1111-111111111111/audio/e5/e539515e118a880fb56011ce6a4179f56c4b78161d351796c986037863187fb0.wav/1dfa1622-8bb8-4f35-bf2e-304a059aa679/part.1: OK
./minio-data/music-assets/11111111-1111-1111-1111-111111111111/audio/e5/e539515e118a880fb56011ce6a4179f56c4b78161d351796c986037863187fb0.wav/20521d1e-8078-4ffe-88c4-80e2df593302/part.1: OK
./minio-data/music-assets/11111111-1111-1111-1111-111111111111/audio/e5/e539515e118a880fb56011ce6a4179f56c4b78161d351796c986037863187fb0.wav/249ba628-0a90-44c9-ba54-55150e449733/part.1: OK
./minio-data/music-assets/11111111-1111-1111-1111-111111111111/audio/e5/e539515e118a880fb56011ce6a4179f56c4b78161d351796c986037863187fb0.wav/33704516-175f-4aa6-afb1-5df7a15001d6/part.1: OK
./minio-data/music-assets/11111111-1111-1111-1111-111111111111/audio/e5/e539515e118a880fb56011ce6a4179f56c4b78161d351796c986037863187fb0.wav/343c0d90-b3d8-4c8d-baba-181481d67801/part.1: OK
./minio-data/music-assets/11111111-1111-1111-1111-111111111111/audio/e5/e539515e118a880fb56011ce6a4179f56c4b78161d351796c986037863187fb0.wav/3e2810a3-8305-4fb8-97cd-1dfc566bf192/part.1: OK
./minio-data/music-assets/11111111-1111-1111-1111-111111111111/audio/e5/e539515e118a880fb56011ce6a4179f56c4b78161d351796c986037863187fb0.wav/43871d72-6bf1-4e6f-8c45-8437a5b9420a/part.1: OK
./minio-data/music-assets/11111111-1111-1111-1111-111111111111/audio/e5/e539515e118a880fb56011ce6a4179f56c4b78161d351796c986037863187fb0.wav/512f7ce1-c52b-4c3b-ac9f-ed45d1965b2d/part.1: OK
./minio-data/music-assets/11111111-1111-1111-1111-111111111111/audio/e5/e539515e118a880fb56011ce6a4179f56c4b78161d351796c986037863187fb0.wav/51d22369-c827-4c06-8ffd-fdca123aff28/part.1: OK
./minio-data/music-assets/11111111-1111-1111-1111-111111111111/audio/e5/e539515e118a880fb56011ce6a4179f56c4b78161d351796c986037863187fb0.wav/578a6faf-e162-465b-bc65-0c1fb7a63abd/part.1: OK
./minio-data/music-assets/11111111-1111-1111-1111-111111111111/audio/e5/e539515e118a880fb56011ce6a4179f56c4b78161d351796c986037863187fb0.wav/73590c51-bb11-4d73-8100-9179ccb79eb6/part.1: OK
./minio-data/music-assets/11111111-1111-1111-1111-111111111111/audio/e5/e539515e118a880fb56011ce6a4179f56c4b78161d351796c986037863187fb0.wav/88f945a7-fce3-46a7-948b-5045bcf1200f/part.1: OK
./minio-data/music-assets/11111111-1111-1111-1111-111111111111/audio/e5/e539515e118a880fb56011ce6a4179f56c4b78161d351796c986037863187fb0.wav/89e4a78d-de10-4634-b731-1e3c1d5f2b3f/part.1: OK
./minio-data/music-assets/11111111-1111-1111-1111-111111111111/audio/e5/e539515e118a880fb56011ce6a4179f56c4b78161d351796c986037863187fb0.wav/8a6bd0ec-77ca-44af-8296-c8b671f6f152/part.1: OK
./minio-data/music-assets/11111111-1111-1111-1111-111111111111/audio/e5/e539515e118a880fb56011ce6a4179f56c4b78161d351796c986037863187fb0.wav/8d7e0397-be51-4d4f-a014-4f58c25cdc71/part.1: OK
./minio-data/music-assets/11111111-1111-1111-1111-111111111111/audio/e5/e539515e118a880fb56011ce6a4179f56c4b78161d351796c986037863187fb0.wav/8fa9809b-4ef2-45ec-b1c2-395c0de8438c/part.1: OK
./minio-data/music-assets/11111111-1111-1111-1111-111111111111/audio/e5/e539515e118a880fb56011ce6a4179f56c4b78161d351796c986037863187fb0.wav/999f4ff7-2b5b-44da-80a4-b1a3221706e8/part.1: OK
./minio-data/music-assets/11111111-1111-1111-1111-111111111111/audio/e5/e539515e118a880fb56011ce6a4179f56c4b78161d351796c986037863187fb0.wav/9f1df6fc-02bf-48ca-bbaf-e61a68b74fac/part.1: OK
./minio-data/music-assets/11111111-1111-1111-1111-111111111111/audio/e5/e539515e118a880fb56011ce6a4179f56c4b78161d351796c986037863187fb0.wav/a90748a8-79fd-4cb8-b63f-9f7515424a9e/part.1: OK
./minio-data/music-assets/11111111-1111-1111-1111-111111111111/audio/e5/e539515e118a880fb56011ce6a4179f56c4b78161d351796c986037863187fb0.wav/ac758105-dc60-4a5e-a2fa-75558eede0ef/part.1: OK
./minio-data/music-assets/11111111-1111-1111-1111-111111111111/audio/e5/e539515e118a880fb56011ce6a4179f56c4b78161d351796c986037863187fb0.wav/ada90b95-0849-4f9d-a197-c11929a2e0e9/part.1: OK
./minio-data/music-assets/11111111-1111-1111-1111-111111111111/audio/e5/e539515e118a880fb56011ce6a4179f56c4b78161d351796c986037863187fb0.wav/b5c2f204-dfb4-49db-a3d8-3e983b84f9e0/part.1: OK
./minio-data/music-assets/11111111-1111-1111-1111-111111111111/audio/e5/e539515e118a880fb56011ce6a4179f56c4b78161d351796c986037863187fb0.wav/b7ff8c32-5da4-4ed3-b616-f115a3550313/part.1: OK
./minio-data/music-assets/11111111-1111-1111-1111-111111111111/audio/e5/e539515e118a880fb56011ce6a4179f56c4b78161d351796c986037863187fb0.wav/b9286cce-b073-47bb-9203-4be2668a14fe/part.1: OK
./minio-data/music-assets/11111111-1111-1111-1111-111111111111/audio/e5/e539515e118a880fb56011ce6a4179f56c4b78161d351796c986037863187fb0.wav/c280a655-4cff-4d09-9863-14783009949e/part.1: OK
./minio-data/music-assets/11111111-1111-1111-1111-111111111111/audio/e5/e539515e118a880fb56011ce6a4179f56c4b78161d351796c986037863187fb0.wav/f25c22c8-5fcc-42cb-b886-d4ea30f7e6a0/part.1: OK
./minio-data/music-assets/11111111-1111-1111-1111-111111111111/audio/e5/e539515e118a880fb56011ce6a4179f56c4b78161d351796c986037863187fb0.wav/f32fc30e-b746-4718-93cc-c9cc148c1bc5/part.1: OK
./minio-data/music-assets/11111111-1111-1111-1111-111111111111/audio/e5/e539515e118a880fb56011ce6a4179f56c4b78161d351796c986037863187fb0.wav/fb4fc631-b8a0-4258-9ed4-db0f1e27323d/part.1: OK
./minio-data/music-assets/11111111-1111-1111-1111-111111111111/audio/e5/e539515e118a880fb56011ce6a4179f56c4b78161d351796c986037863187fb0.wav/fbc015c3-621f-4dee-85b0-fee08a8d8fba/part.1: OK
./minio-data/music-assets/11111111-1111-1111-1111-111111111111/audio/e5/e539515e118a880fb56011ce6a4179f56c4b78161d351796c986037863187fb0.wav/fc540574-6efb-45f7-8299-61ed8976a7e0/part.1: OK
./minio-data/music-assets/11111111-1111-1111-1111-111111111111/audio/e5/e539515e118a880fb56011ce6a4179f56c4b78161d351796c986037863187fb0.wav/ff716a12-66ae-4f6f-ac24-cae3286a930f/part.1: OK
./minio-data/music-assets/11111111-1111-1111-1111-111111111111/audio/e5/e539515e118a880fb56011ce6a4179f56c4b78161d351796c986037863187fb0.wav/xl.meta: OK
./minio-data/music-assets/11111111-1111-1111-1111-111111111111/audio/f5/f546952dd94e51136dc7b114ee61d84fa48e71929242033c3c97979a3495dae5.wav/04b21622-c63d-40e5-8e31-ea0c025c5fd1/part.1: OK
./minio-data/music-assets/11111111-1111-1111-1111-111111111111/audio/f5/f546952dd94e51136dc7b114ee61d84fa48e71929242033c3c97979a3495dae5.wav/0ea9c58c-915f-4bbd-a215-0fe777aa9801/part.1: OK
./minio-data/music-assets/11111111-1111-1111-1111-111111111111/audio/f5/f546952dd94e51136dc7b114ee61d84fa48e71929242033c3c97979a3495dae5.wav/123a9dd2-14f0-416d-941e-20c2c7f8378c/part.1: OK
./minio-data/music-assets/11111111-1111-1111-1111-111111111111/audio/f5/f546952dd94e51136dc7b114ee61d84fa48e71929242033c3c97979a3495dae5.wav/15943547-a2eb-4ef6-99aa-60099b60bf19/part.1: OK
./minio-data/music-assets/11111111-1111-1111-1111-111111111111/audio/f5/f546952dd94e51136dc7b114ee61d84fa48e71929242033c3c97979a3495dae5.wav/175212bd-dc75-419d-8d6e-466d6ff20433/part.1: OK
./minio-data/music-assets/11111111-1111-1111-1111-111111111111/audio/f5/f546952dd94e51136dc7b114ee61d84fa48e71929242033c3c97979a3495dae5.wav/275ed2e5-d668-403f-a8e0-44b33ace08e4/part.1: OK
./minio-data/music-assets/11111111-1111-1111-1111-111111111111/audio/f5/f546952dd94e51136dc7b114ee61d84fa48e71929242033c3c97979a3495dae5.wav/299a0c7a-e080-4d68-9995-39e2db937d58/part.1: OK
./minio-data/music-assets/11111111-1111-1111-1111-111111111111/audio/f5/f546952dd94e51136dc7b114ee61d84fa48e71929242033c3c97979a3495dae5.wav/36d244be-7ff2-4fdb-93ad-86f22c0b2cf4/part.1: OK
./minio-data/music-assets/11111111-1111-1111-1111-111111111111/audio/f5/f546952dd94e51136dc7b114ee61d84fa48e71929242033c3c97979a3495dae5.wav/39daeb9b-2f05-4379-96bf-1f60219c4ec4/part.1: OK
./minio-data/music-assets/11111111-1111-1111-1111-111111111111/audio/f5/f546952dd94e51136dc7b114ee61d84fa48e71929242033c3c97979a3495dae5.wav/4c9ed38d-4182-4581-b855-94b1d454e5ff/part.1: OK
./minio-data/music-assets/11111111-1111-1111-1111-111111111111/audio/f5/f546952dd94e51136dc7b114ee61d84fa48e71929242033c3c97979a3495dae5.wav/55dc9b49-759d-4d17-a662-53f830142be9/part.1: OK
./minio-data/music-assets/11111111-1111-1111-1111-111111111111/audio/f5/f546952dd94e51136dc7b114ee61d84fa48e71929242033c3c97979a3495dae5.wav/5f7d0bdb-733b-43c0-a65c-ccd897010280/part.1: OK
./minio-data/music-assets/11111111-1111-1111-1111-111111111111/audio/f5/f546952dd94e51136dc7b114ee61d84fa48e71929242033c3c97979a3495dae5.wav/613562cf-9003-41bc-951b-9303a1c689e5/part.1: OK
./minio-data/music-assets/11111111-1111-1111-1111-111111111111/audio/f5/f546952dd94e51136dc7b114ee61d84fa48e71929242033c3c97979a3495dae5.wav/6192e4fe-cf3c-43b0-83ef-f5b721a7283e/part.1: OK
./minio-data/music-assets/11111111-1111-1111-1111-111111111111/audio/f5/f546952dd94e51136dc7b114ee61d84fa48e71929242033c3c97979a3495dae5.wav/628ea90d-c505-4a04-bfc9-bb1290154907/part.1: OK
./minio-data/music-assets/11111111-1111-1111-1111-111111111111/audio/f5/f546952dd94e51136dc7b114ee61d84fa48e71929242033c3c97979a3495dae5.wav/685c23d7-093d-4dcb-9f6b-b95886c1d26f/part.1: OK
./minio-data/music-assets/11111111-1111-1111-1111-111111111111/audio/f5/f546952dd94e51136dc7b114ee61d84fa48e71929242033c3c97979a3495dae5.wav/68a24d41-037d-4d6f-943e-c651ede57936/part.1: OK
./minio-data/music-assets/11111111-1111-1111-1111-111111111111/audio/f5/f546952dd94e51136dc7b114ee61d84fa48e71929242033c3c97979a3495dae5.wav/72d0e264-50c8-422f-9d33-a853b4b73008/part.1: OK
./minio-data/music-assets/11111111-1111-1111-1111-111111111111/audio/f5/f546952dd94e51136dc7b114ee61d84fa48e71929242033c3c97979a3495dae5.wav/73a31da4-b7c7-48b8-84a5-4fd69bef8917/part.1: OK
./minio-data/music-assets/11111111-1111-1111-1111-111111111111/audio/f5/f546952dd94e51136dc7b114ee61d84fa48e71929242033c3c97979a3495dae5.wav/7923a464-197e-4edd-ab7d-9f161f343bf6/part.1: OK
./minio-data/music-assets/11111111-1111-1111-1111-111111111111/audio/f5/f546952dd94e51136dc7b114ee61d84fa48e71929242033c3c97979a3495dae5.wav/7ac28a9e-cd79-4052-8945-f38d386699ed/part.1: OK
./minio-data/music-assets/11111111-1111-1111-1111-111111111111/audio/f5/f546952dd94e51136dc7b114ee61d84fa48e71929242033c3c97979a3495dae5.wav/7bb47dbf-b1fb-4ce3-87aa-47a803e7aaea/part.1: OK
./minio-data/music-assets/11111111-1111-1111-1111-111111111111/audio/f5/f546952dd94e51136dc7b114ee61d84fa48e71929242033c3c97979a3495dae5.wav/7e743583-ad85-47fc-84c4-b54af5aa1623/part.1: OK
./minio-data/music-assets/11111111-1111-1111-1111-111111111111/audio/f5/f546952dd94e51136dc7b114ee61d84fa48e71929242033c3c97979a3495dae5.wav/8d2371dd-7f45-4544-b28a-db2c67e0c98a/part.1: OK
./minio-data/music-assets/11111111-1111-1111-1111-111111111111/audio/f5/f546952dd94e51136dc7b114ee61d84fa48e71929242033c3c97979a3495dae5.wav/8e17ce7b-72ad-47fb-960e-e8b87df22f48/part.1: OK
./minio-data/music-assets/11111111-1111-1111-1111-111111111111/audio/f5/f546952dd94e51136dc7b114ee61d84fa48e71929242033c3c97979a3495dae5.wav/96f38af4-f0f0-4105-b0b5-b49fb307ba57/part.1: OK
./minio-data/music-assets/11111111-1111-1111-1111-111111111111/audio/f5/f546952dd94e51136dc7b114ee61d84fa48e71929242033c3c97979a3495dae5.wav/a1d6e38e-0d3f-4a6a-99ab-f1fd2901dd8d/part.1: OK
./minio-data/music-assets/11111111-1111-1111-1111-111111111111/audio/f5/f546952dd94e51136dc7b114ee61d84fa48e71929242033c3c97979a3495dae5.wav/a6fa0afb-9653-445e-b2e7-25b68ba28676/part.1: OK
./minio-data/music-assets/11111111-1111-1111-1111-111111111111/audio/f5/f546952dd94e51136dc7b114ee61d84fa48e71929242033c3c97979a3495dae5.wav/a8188ace-8fba-4176-9fe5-8b289b2a539b/part.1: OK
./minio-data/music-assets/11111111-1111-1111-1111-111111111111/audio/f5/f546952dd94e51136dc7b114ee61d84fa48e71929242033c3c97979a3495dae5.wav/a85a97f2-02ef-4266-8bf2-d5af82c02d77/part.1: OK
./minio-data/music-assets/11111111-1111-1111-1111-111111111111/audio/f5/f546952dd94e51136dc7b114ee61d84fa48e71929242033c3c97979a3495dae5.wav/a9933878-9e3c-4dc7-ae05-f0fe3113ee6f/part.1: OK
./minio-data/music-assets/11111111-1111-1111-1111-111111111111/audio/f5/f546952dd94e51136dc7b114ee61d84fa48e71929242033c3c97979a3495dae5.wav/aaed7f4a-5198-4fcb-a945-8f3544b866ec/part.1: OK
./minio-data/music-assets/11111111-1111-1111-1111-111111111111/audio/f5/f546952dd94e51136dc7b114ee61d84fa48e71929242033c3c97979a3495dae5.wav/ac925065-989a-425f-928d-f85048d900b3/part.1: OK
./minio-data/music-assets/11111111-1111-1111-1111-111111111111/audio/f5/f546952dd94e51136dc7b114ee61d84fa48e71929242033c3c97979a3495dae5.wav/b5e5824f-93f1-416f-bb0d-952b7975d323/part.1: OK
./minio-data/music-assets/11111111-1111-1111-1111-111111111111/audio/f5/f546952dd94e51136dc7b114ee61d84fa48e71929242033c3c97979a3495dae5.wav/ba07499f-3254-4474-b10c-7baac3bae208/part.1: OK
./minio-data/music-assets/11111111-1111-1111-1111-111111111111/audio/f5/f546952dd94e51136dc7b114ee61d84fa48e71929242033c3c97979a3495dae5.wav/bce15be4-67a5-40ac-b772-b2c287a901a4/part.1: OK
./minio-data/music-assets/11111111-1111-1111-1111-111111111111/audio/f5/f546952dd94e51136dc7b114ee61d84fa48e71929242033c3c97979a3495dae5.wav/bdb66025-86ed-456d-a681-aba14f3a7e13/part.1: OK
./minio-data/music-assets/11111111-1111-1111-1111-111111111111/audio/f5/f546952dd94e51136dc7b114ee61d84fa48e71929242033c3c97979a3495dae5.wav/cfe1f93e-9029-4084-a8ad-094aa7d4e9a9/part.1: OK
./minio-data/music-assets/11111111-1111-1111-1111-111111111111/audio/f5/f546952dd94e51136dc7b114ee61d84fa48e71929242033c3c97979a3495dae5.wav/d2b9d9f6-21bd-4483-842c-3c44a3141ec7/part.1: OK
./minio-data/music-assets/11111111-1111-1111-1111-111111111111/audio/f5/f546952dd94e51136dc7b114ee61d84fa48e71929242033c3c97979a3495dae5.wav/e60dee54-0991-4b9c-b501-2dec5dfc9101/part.1: OK
./minio-data/music-assets/11111111-1111-1111-1111-111111111111/audio/f5/f546952dd94e51136dc7b114ee61d84fa48e71929242033c3c97979a3495dae5.wav/f7d6d682-c730-4c64-b214-f1b56722abd8/part.1: OK
./minio-data/music-assets/11111111-1111-1111-1111-111111111111/audio/f5/f546952dd94e51136dc7b114ee61d84fa48e71929242033c3c97979a3495dae5.wav/f84d1a32-4282-4ff4-ba56-261fa0e91f76/part.1: OK
./minio-data/music-assets/11111111-1111-1111-1111-111111111111/audio/f5/f546952dd94e51136dc7b114ee61d84fa48e71929242033c3c97979a3495dae5.wav/faa94578-9d54-4cfb-90c2-d5cd7d352283/part.1: OK
./minio-data/music-assets/11111111-1111-1111-1111-111111111111/audio/f5/f546952dd94e51136dc7b114ee61d84fa48e71929242033c3c97979a3495dae5.wav/fc4ab524-a21a-46d6-b270-891140acc001/part.1: OK
./minio-data/music-assets/11111111-1111-1111-1111-111111111111/audio/f5/f546952dd94e51136dc7b114ee61d84fa48e71929242033c3c97979a3495dae5.wav/xl.meta: OK
./minio-data/music-assets/11111111-1111-1111-1111-111111111111/audio/fb/fb9cd9d68e60bd37ebffb96efa051d151230a8fe257061b5f2f47f22af3e5447.wav/055242d3-9ce8-4074-84af-e829ce79f3a0/part.1: OK
./minio-data/music-assets/11111111-1111-1111-1111-111111111111/audio/fb/fb9cd9d68e60bd37ebffb96efa051d151230a8fe257061b5f2f47f22af3e5447.wav/098c7f2e-0b27-4f0b-8431-1fbd8bc4e846/part.1: OK
./minio-data/music-assets/11111111-1111-1111-1111-111111111111/audio/fb/fb9cd9d68e60bd37ebffb96efa051d151230a8fe257061b5f2f47f22af3e5447.wav/16fba550-afc2-4c48-a13f-48269ffb0204/part.1: OK
./minio-data/music-assets/11111111-1111-1111-1111-111111111111/audio/fb/fb9cd9d68e60bd37ebffb96efa051d151230a8fe257061b5f2f47f22af3e5447.wav/26638161-7c9f-460f-8486-38ae5d32d6c1/part.1: OK
./minio-data/music-assets/11111111-1111-1111-1111-111111111111/audio/fb/fb9cd9d68e60bd37ebffb96efa051d151230a8fe257061b5f2f47f22af3e5447.wav/390a4896-9dcb-4b52-b070-790714da4782/part.1: OK
./minio-data/music-assets/11111111-1111-1111-1111-111111111111/audio/fb/fb9cd9d68e60bd37ebffb96efa051d151230a8fe257061b5f2f47f22af3e5447.wav/3b84ba47-44d7-4b5b-a886-ebd53e2ac53a/part.1: OK
./minio-data/music-assets/11111111-1111-1111-1111-111111111111/audio/fb/fb9cd9d68e60bd37ebffb96efa051d151230a8fe257061b5f2f47f22af3e5447.wav/3c4e2f5d-856b-41ca-b2bf-10d36faa06c0/part.1: OK
./minio-data/music-assets/11111111-1111-1111-1111-111111111111/audio/fb/fb9cd9d68e60bd37ebffb96efa051d151230a8fe257061b5f2f47f22af3e5447.wav/3e28ac4c-41ae-47a2-9b4c-37ce45d171fc/part.1: OK
./minio-data/music-assets/11111111-1111-1111-1111-111111111111/audio/fb/fb9cd9d68e60bd37ebffb96efa051d151230a8fe257061b5f2f47f22af3e5447.wav/44be7aa3-215d-4c8b-ad54-c6fad51f9312/part.1: OK
./minio-data/music-assets/11111111-1111-1111-1111-111111111111/audio/fb/fb9cd9d68e60bd37ebffb96efa051d151230a8fe257061b5f2f47f22af3e5447.wav/4dc38520-6df8-4899-bf7b-c415d8b005b7/part.1: OK
./minio-data/music-assets/11111111-1111-1111-1111-111111111111/audio/fb/fb9cd9d68e60bd37ebffb96efa051d151230a8fe257061b5f2f47f22af3e5447.wav/4f8c2107-d051-4a83-800a-906718577b13/part.1: OK
./minio-data/music-assets/11111111-1111-1111-1111-111111111111/audio/fb/fb9cd9d68e60bd37ebffb96efa051d151230a8fe257061b5f2f47f22af3e5447.wav/4fc8b0a4-4ce7-4eb8-9c5e-df7aacf5efb3/part.1: OK
./minio-data/music-assets/11111111-1111-1111-1111-111111111111/audio/fb/fb9cd9d68e60bd37ebffb96efa051d151230a8fe257061b5f2f47f22af3e5447.wav/519cf44e-abfe-474c-81f0-2603043f1e9a/part.1: OK
./minio-data/music-assets/11111111-1111-1111-1111-111111111111/audio/fb/fb9cd9d68e60bd37ebffb96efa051d151230a8fe257061b5f2f47f22af3e5447.wav/56cc8ebc-c793-4b6c-9738-9a5d72008ea8/part.1: OK
./minio-data/music-assets/11111111-1111-1111-1111-111111111111/audio/fb/fb9cd9d68e60bd37ebffb96efa051d151230a8fe257061b5f2f47f22af3e5447.wav/585c406c-f1d1-4f0a-b406-fc314994d1a1/part.1: OK
./minio-data/music-assets/11111111-1111-1111-1111-111111111111/audio/fb/fb9cd9d68e60bd37ebffb96efa051d151230a8fe257061b5f2f47f22af3e5447.wav/5ff06a04-3aa9-46be-88d5-bd6ef7bc1460/part.1: OK
./minio-data/music-assets/11111111-1111-1111-1111-111111111111/audio/fb/fb9cd9d68e60bd37ebffb96efa051d151230a8fe257061b5f2f47f22af3e5447.wav/6d08ffea-07d2-474a-9f54-c702010b63cf/part.1: OK
./minio-data/music-assets/11111111-1111-1111-1111-111111111111/audio/fb/fb9cd9d68e60bd37ebffb96efa051d151230a8fe257061b5f2f47f22af3e5447.wav/737a824c-1a33-4f15-b6cf-b5dfbd4e0fb6/part.1: OK
./minio-data/music-assets/11111111-1111-1111-1111-111111111111/audio/fb/fb9cd9d68e60bd37ebffb96efa051d151230a8fe257061b5f2f47f22af3e5447.wav/7b1d4ac6-4578-4735-b80a-9ad64900a6d6/part.1: OK
./minio-data/music-assets/11111111-1111-1111-1111-111111111111/audio/fb/fb9cd9d68e60bd37ebffb96efa051d151230a8fe257061b5f2f47f22af3e5447.wav/7f527dba-cfaf-482b-8c5f-5615e31baa15/part.1: OK
./minio-data/music-assets/11111111-1111-1111-1111-111111111111/audio/fb/fb9cd9d68e60bd37ebffb96efa051d151230a8fe257061b5f2f47f22af3e5447.wav/99b7f61c-dc18-4f1a-ba29-8dbb334637a0/part.1: OK
./minio-data/music-assets/11111111-1111-1111-1111-111111111111/audio/fb/fb9cd9d68e60bd37ebffb96efa051d151230a8fe257061b5f2f47f22af3e5447.wav/99c126fe-7f9b-4afd-9517-8aef71152934/part.1: OK
./minio-data/music-assets/11111111-1111-1111-1111-111111111111/audio/fb/fb9cd9d68e60bd37ebffb96efa051d151230a8fe257061b5f2f47f22af3e5447.wav/9f66f478-bba9-4d31-bddf-cacf74c68dd7/part.1: OK
./minio-data/music-assets/11111111-1111-1111-1111-111111111111/audio/fb/fb9cd9d68e60bd37ebffb96efa051d151230a8fe257061b5f2f47f22af3e5447.wav/a59cd4cc-d87e-4f1b-995d-36d003334b99/part.1: OK
./minio-data/music-assets/11111111-1111-1111-1111-111111111111/audio/fb/fb9cd9d68e60bd37ebffb96efa051d151230a8fe257061b5f2f47f22af3e5447.wav/a631acad-1c41-4df0-82c3-95f7b3791bdc/part.1: OK
./minio-data/music-assets/11111111-1111-1111-1111-111111111111/audio/fb/fb9cd9d68e60bd37ebffb96efa051d151230a8fe257061b5f2f47f22af3e5447.wav/abf97215-1b83-4022-b07b-1a562b5b67e5/part.1: OK
./minio-data/music-assets/11111111-1111-1111-1111-111111111111/audio/fb/fb9cd9d68e60bd37ebffb96efa051d151230a8fe257061b5f2f47f22af3e5447.wav/b5954215-0173-4dd5-96b8-62c49cc5c2c2/part.1: OK
./minio-data/music-assets/11111111-1111-1111-1111-111111111111/audio/fb/fb9cd9d68e60bd37ebffb96efa051d151230a8fe257061b5f2f47f22af3e5447.wav/ba8e6f5d-c441-4a42-a83d-bf496ef8babd/part.1: OK
./minio-data/music-assets/11111111-1111-1111-1111-111111111111/audio/fb/fb9cd9d68e60bd37ebffb96efa051d151230a8fe257061b5f2f47f22af3e5447.wav/bb6dbbe2-3409-4232-babc-f3b428c25a0f/part.1: OK
./minio-data/music-assets/11111111-1111-1111-1111-111111111111/audio/fb/fb9cd9d68e60bd37ebffb96efa051d151230a8fe257061b5f2f47f22af3e5447.wav/bdb2752e-5107-4113-aa6b-962c60a0cf31/part.1: OK
./minio-data/music-assets/11111111-1111-1111-1111-111111111111/audio/fb/fb9cd9d68e60bd37ebffb96efa051d151230a8fe257061b5f2f47f22af3e5447.wav/c3271a39-1e0f-4e18-a4b8-814538679e76/part.1: OK
./minio-data/music-assets/11111111-1111-1111-1111-111111111111/audio/fb/fb9cd9d68e60bd37ebffb96efa051d151230a8fe257061b5f2f47f22af3e5447.wav/cc78aaba-f7c8-43a5-a2e4-68ce0052aab2/part.1: OK
./minio-data/music-assets/11111111-1111-1111-1111-111111111111/audio/fb/fb9cd9d68e60bd37ebffb96efa051d151230a8fe257061b5f2f47f22af3e5447.wav/cc9d8903-c1d1-4fb9-9b03-5e52bda6e34b/part.1: OK
./minio-data/music-assets/11111111-1111-1111-1111-111111111111/audio/fb/fb9cd9d68e60bd37ebffb96efa051d151230a8fe257061b5f2f47f22af3e5447.wav/d922b33a-dd68-41bd-9845-08e92eb310e6/part.1: OK
./minio-data/music-assets/11111111-1111-1111-1111-111111111111/audio/fb/fb9cd9d68e60bd37ebffb96efa051d151230a8fe257061b5f2f47f22af3e5447.wav/d9c9e778-da2d-4c96-a3db-d1112b0b101c/part.1: OK
./minio-data/music-assets/11111111-1111-1111-1111-111111111111/audio/fb/fb9cd9d68e60bd37ebffb96efa051d151230a8fe257061b5f2f47f22af3e5447.wav/dfb54b95-1327-412e-85c7-78b99dd80058/part.1: OK
./minio-data/music-assets/11111111-1111-1111-1111-111111111111/audio/fb/fb9cd9d68e60bd37ebffb96efa051d151230a8fe257061b5f2f47f22af3e5447.wav/e16ee9d4-6e69-407c-95b6-1f5ac4e36b44/part.1: OK
./minio-data/music-assets/11111111-1111-1111-1111-111111111111/audio/fb/fb9cd9d68e60bd37ebffb96efa051d151230a8fe257061b5f2f47f22af3e5447.wav/ee1dd358-1bc5-4660-8d85-017d03b440c8/part.1: OK
./minio-data/music-assets/11111111-1111-1111-1111-111111111111/audio/fb/fb9cd9d68e60bd37ebffb96efa051d151230a8fe257061b5f2f47f22af3e5447.wav/ee7294f5-ab1e-40df-9f81-0b35014bf840/part.1: OK
./minio-data/music-assets/11111111-1111-1111-1111-111111111111/audio/fb/fb9cd9d68e60bd37ebffb96efa051d151230a8fe257061b5f2f47f22af3e5447.wav/ef69653f-fafa-4113-8b6e-633c5a728b43/part.1: OK
./minio-data/music-assets/11111111-1111-1111-1111-111111111111/audio/fb/fb9cd9d68e60bd37ebffb96efa051d151230a8fe257061b5f2f47f22af3e5447.wav/f3188c6f-8130-4044-bf9d-77898e33d634/part.1: OK
./minio-data/music-assets/11111111-1111-1111-1111-111111111111/audio/fb/fb9cd9d68e60bd37ebffb96efa051d151230a8fe257061b5f2f47f22af3e5447.wav/f8a2bde4-ba4e-4cd4-9daa-00ea1f9a980f/part.1: OK
./minio-data/music-assets/11111111-1111-1111-1111-111111111111/audio/fb/fb9cd9d68e60bd37ebffb96efa051d151230a8fe257061b5f2f47f22af3e5447.wav/xl.meta: OK
./postgres.dump: OK
Backup verification passed
Stopping application writers
 Container ai-music-platform-v13-minio-1 Running 
 Container ai-music-platform-v13-postgres-1 Running 
Restoring PostgreSQL
Restoring local MinIO data
 Container ai-music-platform-v13-minio-1 Stopping 
 Container ai-music-platform-v13-minio-1 Stopped 
 ai-music-platform-v13-minio-1 Copying backups/acceptance/minio-data/. to ai-music-platform-v13-minio-1:/data
 ai-music-platform-v13-minio-1 Copied backups/acceptance/minio-data/. to ai-music-platform-v13-minio-1:/data
 Container ai-music-platform-v13-minio-1 Starting 
 Container ai-music-platform-v13-minio-1 Started 
Starting platform
 Container ai-music-platform-v13-gateway-1 Running 
 Container ai-music-platform-v13-redis-1 Running 
 Container ai-music-platform-v13-postgres-1 Running 
 Container ai-music-platform-v13-payment-emulator-1 Running 
 Container ai-music-platform-v13-minio-1 Running 
 Container ai-music-platform-v13-provider-emulator-1 Running 
 Container ai-music-platform-v13-postgres-1 Waiting 
 Container ai-music-platform-v13-postgres-1 Healthy 
 Container ai-music-platform-v13-migrate-1 Starting 
 Container ai-music-platform-v13-migrate-1 Started 
 Container ai-music-platform-v13-provider-emulator-1 Waiting 
 Container ai-music-platform-v13-migrate-1 Waiting 
 Container ai-music-platform-v13-redis-1 Waiting 
 Container ai-music-platform-v13-minio-1 Waiting 
 Container ai-music-platform-v13-provider-emulator-1 Waiting 
 Container ai-music-platform-v13-migrate-1 Waiting 
 Container ai-music-platform-v13-payment-emulator-1 Waiting 
 Container ai-music-platform-v13-redis-1 Waiting 
 Container ai-music-platform-v13-minio-1 Waiting 
 Container ai-music-platform-v13-provider-emulator-1 Healthy 
 Container ai-music-platform-v13-migrate-1 Exited 
 Container ai-music-platform-v13-provider-emulator-1 Healthy 
 Container ai-music-platform-v13-redis-1 Healthy 
 Container ai-music-platform-v13-migrate-1 Exited 
 Container ai-music-platform-v13-payment-emulator-1 Healthy 
 Container ai-music-platform-v13-redis-1 Healthy 
 Container ai-music-platform-v13-minio-1 Healthy 
 Container ai-music-platform-v13-minio-1 Healthy 
 Container ai-music-platform-v13-api-1 Starting 
 Container ai-music-platform-v13-worker-1 Starting 
 Container ai-music-platform-v13-api-1 Started 
 Container ai-music-platform-v13-api-1 Waiting 
 Container ai-music-platform-v13-api-1 Waiting 
 Container ai-music-platform-v13-worker-1 Started 
 Container ai-music-platform-v13-api-1 Waiting 
 Container ai-music-platform-v13-worker-1 Waiting 
 Container ai-music-platform-v13-api-1 Healthy 
 Container ai-music-platform-v13-worker-1 Healthy 
 Container ai-music-platform-v13-prometheus-1 Starting 
 Container ai-music-platform-v13-api-1 Healthy 
 Container ai-music-platform-v13-admin-1 Starting 
 Container ai-music-platform-v13-api-1 Healthy 
 Container ai-music-platform-v13-web-1 Starting 
 Container ai-music-platform-v13-web-1 Started 
 Container ai-music-platform-v13-admin-1 Started 
 Container ai-music-platform-v13-web-1 Waiting 
 Container ai-music-platform-v13-admin-1 Waiting 
 Container ai-music-platform-v13-api-1 Waiting 
 Container ai-music-platform-v13-prometheus-1 Started 
 Container ai-music-platform-v13-api-1 Healthy 
 Container ai-music-platform-v13-web-1 Healthy 
 Container ai-music-platform-v13-admin-1 Healthy 
Restore complete. Run: docker compose --profile test run --rm acceptance
经由网关（127.0.0.1:18080）的 /health 是 200（等了 0 秒）：恢复重建的容器地址没有把网关留在旧地址上

STEP 8 RESULT: PASS

================================================================================
STEP 9: restore-fidelity-compare
TIMESTAMP: 2026-09-29T10:00:45Z
================================================================================

---- restore-fidelity-compare 输出（完整日志：release-evidence/acceptance-20260929T095633Z/step-9-restore-fidelity-compare.log） ----
restore fidelity passed: 2 workspaces, 2 assets byte-identical, ledgers unchanged
metric assets=2 workspaces=2

STEP 9 RESULT: PASS

================================================================================
STEP 10: acceptance-rerun
TIMESTAMP: 2026-09-29T10:00:47Z
================================================================================

---- acceptance-rerun 输出（完整日志：release-evidence/acceptance-20260929T095633Z/step-10-acceptance-rerun.log） ----
 Container ai-music-platform-v13-postgres-1 Running 
 Container ai-music-platform-v13-redis-1 Running 
 Container ai-music-platform-v13-minio-1 Running 
 Container ai-music-platform-v13-worker-1 Running 
 Container ai-music-platform-v13-admin-1 Running 
 Container ai-music-platform-v13-web-1 Running 
 Container ai-music-platform-v13-payment-emulator-1 Running 
 Container ai-music-platform-v13-api-1 Running 
 Container ai-music-platform-v13-provider-emulator-1 Running 
 Container ai-music-platform-v13-postgres-1 Waiting 
 Container ai-music-platform-v13-postgres-1 Healthy 
 Container ai-music-platform-v13-migrate-1 Starting 
 Container ai-music-platform-v13-migrate-1 Started 
 Container ai-music-platform-v13-minio-1 Waiting 
 Container ai-music-platform-v13-provider-emulator-1 Waiting 
 Container ai-music-platform-v13-payment-emulator-1 Waiting 
 Container ai-music-platform-v13-minio-1 Waiting 
 Container ai-music-platform-v13-provider-emulator-1 Waiting 
 Container ai-music-platform-v13-migrate-1 Waiting 
 Container ai-music-platform-v13-migrate-1 Waiting 
 Container ai-music-platform-v13-redis-1 Waiting 
 Container ai-music-platform-v13-redis-1 Waiting 
 Container ai-music-platform-v13-redis-1 Healthy 
 Container ai-music-platform-v13-redis-1 Healthy 
 Container ai-music-platform-v13-payment-emulator-1 Healthy 
 Container ai-music-platform-v13-minio-1 Healthy 
 Container ai-music-platform-v13-minio-1 Healthy 
 Container ai-music-platform-v13-migrate-1 Exited 
 Container ai-music-platform-v13-migrate-1 Exited 
 Container ai-music-platform-v13-provider-emulator-1 Healthy 
 Container ai-music-platform-v13-provider-emulator-1 Healthy 
 Container ai-music-platform-v13-api-1 Waiting 
 Container ai-music-platform-v13-api-1 Waiting 
 Container ai-music-platform-v13-api-1 Healthy 
 Container ai-music-platform-v13-api-1 Healthy 
 Container ai-music-platform-v13-worker-1 Waiting 
 Container ai-music-platform-v13-web-1 Waiting 
 Container ai-music-platform-v13-admin-1 Waiting 
 Container ai-music-platform-v13-api-1 Waiting 
 Container ai-music-platform-v13-api-1 Healthy 
 Container ai-music-platform-v13-worker-1 Healthy 
 Container ai-music-platform-v13-admin-1 Healthy 
 Container ai-music-platform-v13-web-1 Healthy 
 Container ai-music-platform-v13-acceptance-run-a4c7e143f3f6 Creating 
 Container ai-music-platform-v13-acceptance-run-a4c7e143f3f6 Created 
...........
11 passed in 23.98s

STEP 10 RESULT: PASS

================================================================================
STEP 11: erasure-drill
TIMESTAMP: 2026-09-29T10:01:15Z
================================================================================

---- erasure-drill 输出（完整日志：release-evidence/acceptance-20260929T095633Z/step-11-erasure-drill.log） ----
  OK   fixture lands in the tenant it was added to
  OK   fixture can create a project
  OK   fixture can record a product event
  OK   export answers 200
  OK   export names the requesting account
  OK   export carries the marker project
  OK   export is limited to the caller's own workspaces
  OK   export lists the caller's sessions
  OK   export lists the caller's stored preferences
  OK   export lists the caller's product events
  OK   export coverage covers every user key the schema has
  OK   every store the export claims exists in the schema
  OK   a probe can arm a second factor through the real endpoints
  OK   and arming does not lock out the session that proved the code
  OK   every column users has is exported, or declared excluded with a reason
  OK   and an exclusion is only creditable if it says why
  OK   and an exclusion names a column that actually exists, or it excuses nothing
  OK   the nullable census is non-empty, or the erasure guard below would be blind
  OK   every nullable users column has a type the drill can seed, or it cannot be judged
  OK   the probe holds a value in every nullable users column before erasure
  OK   erasure is refused while the password has not been re-presented
  OK   the refusal names the credential it is asking for
  OK   and the challenge left the account intact
  OK   an armed account is also refused until the second factor comes with it
  OK   a wrong password is refused as a failure rather than as a challenge
  OK   which also left the account intact
  OK   three refusals are on the record against the account itself
  OK   erasure refuses a confirmation that is not the account email
  OK   the refused attempt changed nothing
  OK   erasure succeeds with the matching confirmation
  OK   erasure revoked the live session
  OK   erasure removed the membership
  OK   erasure removed the stored preferences
  OK   the erased account's token no longer reads anything
  OK   the erased account cannot sign in again
  OK   identity columns are anonymised
  OK   erasure clears every nullable users column but the declared retention list
  OK   the eraser says it destroyed an armed second factor
  OK   and the classifier does report a nullable column the eraser left behind
  OK   and it separates a retained column from an inherited one
  OK   memberships are gone from the database
  OK   preferences are gone from the database
  OK   the session is revoked without its immutable expiry moving
  OK   provenance rows survive under the pseudonymous actor id
  OK   the erasure itself is auditable
  OK   re-running erasure is a no-op
  OK   the surviving provenance is append-only, not merely unreferenced
  OK   erasing the only owner of a workspace is refused
  OK   the guard left that account untouched
  OK   the guard revoked nothing
  OK   a platform administrator cannot self-erase
  OK   the demo owner still works after those refusals
  OK   the demo owner kept its membership
  teardown: sole-owner probe deleted; erased probe kept as designed residue (accounts still present: 1, provenance projects still present: 1)

erasure drill: 53/53 checks passed
metric checks_passed=53 checks_total=53

STEP 11 RESULT: PASS

================================================================================
STEP 12: mfa-drill
TIMESTAMP: 2026-09-29T10:02:08Z
================================================================================

---- mfa-drill 输出（完整日志：release-evidence/acceptance-20260929T095633Z/step-12-mfa-drill.log） ----
  OK   an unarmed account still logs in with a password alone
  OK   a second session can be open at the same time
  OK   that second session works before arming
  OK   and each login minted its own session row
  OK   enrolment returns a seed and an otpauth URI
  OK   the URI states the period and digits the server will verify with
  OK   the enrolment QR decodes to exactly the provisioning URI
  OK   and the symbol carries this account's own seed and address
  OK   the seed is pending rather than armed
  OK   a wrong code does not arm the factor
  OK   and the account is still unarmed after it
  OK   a well-formed code for some other seed is refused too
  OK   re-enrolment while pending is allowed and hands out a different seed
  OK   and the abandoned seed stops being able to confirm
  OK   proof of knowledge arms it, and the recovery codes are shown once
  OK   the database kept one hash per code and no plaintext
  OK   the session that proved the code keeps working and records the factor
  OK   a session opened before arming is refused until it presents the factor
  OK   login now stops at a second factor
  OK   its body is nothing but the challenge
  OK   no cookie is set for an unproven login
  OK   a pending token is refused where an access token is expected
  OK   a wrong code at the challenge is refused
  OK   and mints no session
  OK   the right code opens a session
  OK   the challenge body has the same shape as a password-only login
  OK   the new session records both factors
  OK   the same code cannot be spent twice on the same pending token
  OK   and not on a different pending token either, because the guard is per account
  OK   the replay guard is a stored step rather than process memory
  OK   a recovery code opens a session when the phone does not
  OK   using one burns exactly one
  OK   the recovery path is recorded as a distinct method
  OK   and the spent code no longer opens anything
  OK   a second probe can start its own enrolment
  OK   an enrolment left pending past the window cannot be confirmed
  OK   and that probe is still unarmed, so an abandoned enrolment locks nobody out
  OK   dropping the factor asks for the password before anything else
  OK   and the account stays armed when it is refused
  OK   a wrong password refuses the drop even while the code is currently valid
  OK   the refusal left the second factor armed
  OK   an armed second factor cannot be replaced behind its own back
  OK   the very same code drops the factor once the password is right
  OK   seed, recovery set, armed marker and replay step are all gone
  OK   password-only login works again
  OK   the disarmed sessions are not retroactively refused
  OK   re-enrolment arms a fresh seed with a fresh recovery set
  OK   the previous recovery set stops working the moment it is replaced
  OK   and its hashes are gone from the stored set, not merely unused
  OK   repeated wrong codes are throttled
  OK   the throttle does not fire on the first attempt
  OK   and the window is monotone: nothing succeeds after it has filled
  OK   the counter is a bounded window in the shared store, not a permanent lock
  OK   while throttled, even a correct code is refused
  OK   when the window passes the account is usable again, not locked out
  OK   12 successful logins in a row cannot fill the window
  OK   and they leave the counter empty, because only a failed credential is counted
  OK   repeated wrong passwords are throttled
  OK   the window opens after exactly 10 failed credentials, not before
  OK   and it is monotone: nothing succeeds once it is full
  OK   while throttled, even the right password is refused
  OK   the counter is a bounded window in the shared store, not a permanent lock
  OK   the refusal says how long to wait, and says the window's own number
  OK   a refusal spends none of the window it reports
  FAIL the window counted down across 47 requests and 2.0s of traffic and never re-armed — Retry-After [58, 58, 58] … [56, 56, 56] over 2.0s (2.0s of traffic) against store TTL 58 then 56
  OK   when the window passes the account signs in, so this is throttling and not a lockout
  OK   the api names exactly one peer whose forwarding it believes, and that peer is the gateway
  OK   all 2 directives that set the client chain write it rather than appending
  OK   the recorded address is a keyed digest, not a bare hash of an address
  OK   a login through the gateway records the address the gateway itself saw (172.28.95.7), not the forged header and not the proxy
  OK   the same forged header arriving on the published port is ignored too, because that peer is not on the list
  OK   and no stored row is the unsalted digest of any of those addresses
  OK   the two probe logins minted exactly two more sessions and nothing else
  OK   a source may get 20 different accounts wrong in a window, which is the point
  OK   one account past the 20 the window allows is refused from the same source, with the wait stated
  OK   a refusal adds nothing to the window it reports, and the window keeps running down
  OK   clearing the window is enough: nothing was written about the account itself
  OK   five mistypes by one account are one account: the source window does not notice them
  OK   no account left behind can be unlocked by a second factor
  teardown: probe accounts deleted (0 still present); accounts on this stack still holding second-factor material: 0; auth.mfa.* audit rows retained by design: 22

mfa drill: 78/79 checks passed
metric checks_passed=78 checks_total=79
  - the window counted down across 47 requests and 2.0s of traffic and never re-armed

STEP 12 RESULT: FAIL
该步骤失败，日志在 release-evidence/acceptance-20260929T095633Z/step-12-mfa-drill.log（证据目录 release-evidence/acceptance-20260929T095633Z）

================================================================================
收集验收证据
================================================================================
已归档 compose 日志: release-evidence/acceptance-20260929T095633Z/compose-logs.txt
已归档商业覆层日志: release-evidence/acceptance-20260929T095633Z/commercial-compose-logs.txt
证据目录: release-evidence/acceptance-20260929T095633Z
CHAIN_RC=1
